,0,22,70,1A,72,71,0C,69,0E,6E,38,28,12,39,0A,7,1F,29,0F,5B,54,15,C8,88,0D,5C,13,55,62,36,35,33,27,3C,74,59,52,16,0B,31,3D,20,11,1,76,1D,1E,BC,9C,5A,3B,17,53,10,68,61,BB,32,81,D8,75,6F,82,87,C7,2D,37,21,46,34,2B,14,E0,48,D5,E1,DD,C6,C9,8,B0,2,90,91,D0,DB,77,93,92,1C,23,4D,0,9B,3A,5,8D,4F,6A,26,95,96,DA,E2,B6,84,8E,63,DE,DC,86,18,CD,19,CB,8A,4B,A9,2E,A8,89,8C,2F,A7,2C,AD,94,B1,7B,83,CE,BE,B2,85,9E,AE,30,AB,67,60,BD,8B,50,49,5E,44,45,A5,C2,4,4C,C5,24,9D,65,6C,B5,D2,D3,9F,DF,98,B4,A6,7F,B7,B8,B3,97,56,5D,CF,D4,99,BA,9A,47,D7,CC,D6,7D,57,C1,A1,C0,A0,AC,BF,4E,A3,4A,8F,5F,58,C3,A4,AA,CA,C4,A2,AF,51,80,64,66,B9,6D
1027,3958,3495,5227,8832.0,1715,5492,12421,412,2746,14180,2454,2623,3696,1083,3733,373,1149,649,715,2305,6796,97,25,5.0,914,378,6147,328,1263,14,276,321,467,25,800,646,710,201,241,77,197,94,1844,526,226,107,232,10,21.0,111,37,28,193,74,2.0,2.0,11,178,20,479,3.0,200,154,31.0,14.0,6,82,162,183,49,59,452,38.0,110.0,44.0,26.0,51,3,17.0,2459,31,705,195,30,15.0,52,184,5.0,4.0,90,2823,8709,56,4.0,24,20,17.0,51.0,12,29,1.0,5.0,177.0,17.0,13.0,39,21.0,18,2.0,7,3,31,18,10,2.0,24,8,18.0,4,7.0,4.0,2.0,14.0,1,55,17.0,2.0,15,6.0,19,8,6,6.0,5.0,13.0,5.0,1.0,1.0,1.0,4.0,3,2.0,2.0,6.0,1.0,7,4.0,3.0,19.0,2,3.0,16.0,1.0,2.0,7.0,6.0,6.0,1.0,1,0.0,0.0,0.0,0.0,0.0,0.0,0.0,0.0,0.0,0.0,0.0,0.0,0.0,0.0,0.0,0.0,0.0,0.0,0.0,0.0,0.0,0.0,0.0,0.0,0.0,0.0,0.0,0.0,0.0,0.0,0.0,0.0,0.0,0.0,0.0,0.0,0.0,0.0,0.0,0.0,0.0,0.0,0.0,0.0,0.0,0.0,0.0,0.0
1075,3577,3108,4647,8260.0,1639,4930,11486,409,2413,12592,2132,2502,3419,996,3346,1392,1050,523,667,1931,5802,78,25,5.0,820,287,5981,267,1244,14,252,287,443,15,748,539,661,171,228,66,179,93,1727,1028,226,100,218,11,18.0,105,29,26,189,68,2.0,2.0,11,161,18,399,3.0,166,144,28.0,14.0,6,82,150,169,49,46,396,37.0,108.0,43.0,25.0,50,3,17.0,2366,32,615,194,60,3.0,52,211,5.0,4.0,70,2811,8696,51,2.0,22,23,17.0,51.0,12,29,0.0,4.0,183.0,17.0,14.0,36,21.0,18,2.0,7,3,23,17,10,2.0,20,8,16.0,3,5.0,4.0,2.0,14.0,1,53,14.0,2.0,49,6.0,15,4,4,6.0,5.0,9.0,5.0,1.0,1.0,1.0,4.0,3,2.0,2.0,6.0,1.0,7,4.0,3.0,19.0,12,3.0,16.0,1.0,2.0,7.0,6.0,7.0,1.0,1,0.0,0.0,0.0,0.0,0.0,0.0,0.0,0.0,0.0,0.0,0.0,0.0,0.0,0.0,0.0,0.0,0.0,0.0,0.0,0.0,0.0,0.0,0.0,0.0,0.0,0.0,0.0,0.0,0.0,0.0,0.0,0.0,0.0,0.0,0.0,0.0,0.0,0.0,0.0,0.0,0.0,0.0,0.0,0.0,0.0,0.0,0.0,0.0
23,3577,3108,4647,8265.0,1642,4930,11489,409,2413,12596,2134,2502,3419,998,3349,1392,1050,523,667,1931,5805,78,25,5.0,820,287,5981,267,1244,14,252,287,443,15,748,539,661,171,228,66,179,93,1727,1028,226,100,218,11,18.0,105,29,26,189,68,2.0,2.0,11,161,18,399,3.0,166,144,28.0,14.0,6,82,150,169,49,46,396,37.0,108.0,43.0,25.0,50,3,17.0,2366,32,615,194,60,3.0,52,211,5.0,4.0,70,2811,8696,51,2.0,22,23,17.0,51.0,12,29,0.0,4.0,183.0,17.0,14.0,36,21.0,18,2.0,7,3,23,17,10,2.0,20,8,16.0,3,5.0,4.0,2.0,14.0,1,53,14.0,2.0,49,6.0,15,4,4,6.0,5.0,9.0,5.0,1.0,1.0,1.0,4.0,3,2.0,2.0,6.0,1.0,7,4.0,3.0,19.0,12,3.0,16.0,1.0,2.0,7.0,6.0,7.0,1.0,1,0.0,0.0,0.0,0.0,0.0,0.0,0.0,0.0,0.0,0.0,0.0,0.0,0.0,0.0,0.0,0.0,0.0,0.0,0.0,0.0,0.0,0.0,0.0,0.0,0.0,0.0,0.0,0.0,0.0,0.0,0.0,0.0,0.0,0.0,0.0,0.0,0.0,0.0,0.0,0.0,0.0,0.0,0.0,0.0,0.0,0.0,0.0,0.0
267,13,3156,4545,4812.0,1537,4603,7671,595,2603,11502,2586,3006,5674,1160,3370,840,1032,452,812,1762,5613,162,93,0.0,972,414,2544,392,1584,87,412,382,386,38,139,608,1151,196,290,88,183,48,1021,1540,78,28,60,15,13.0,103,82,42,102,94,0.0,0.0,29,222,44,1091,0.0,262,160,60.0,49.0,32,167,354,391,333,117,1286,59.0,153.0,38.0,69.0,114,80,36.0,334,174,56,103,86,7.0,53,32,10.0,19.0,209,929,1700,78,5.0,117,26,48.0,200.0,44,171,4.0,2.0,65.0,40.0,42.0,30,0.0,86,19.0,25,5,38,23,35,2.0,20,371,21.0,24,17.0,12.0,8.0,18.0,45,17,1.0,7.0,75,11.0,30,12,7,44.0,0.0,4.0,3.0,11.0,0.0,14.0,26.0,13,10.0,2.0,6.0,0.0,296,27.0,8.0,0.0,24,12.0,0.0,2.0,1.0,0.0,0.0,17.0,4.0,6,2.0,12.0,11.0,4.0,6.0,1.0,27.0,14.0,9.0,3.0,10.0,2.0,6.0,2.0,5.0,1.0,2.0,1.0,2.0,1.0,0.0,0.0,0.0,0.0,0.0,0.0,0.0,0.0,0.0,0.0,0.0,0.0,0.0,0.0,0.0,0.0,0.0,0.0,0.0,0.0,0.0,0.0,0.0,0.0,0.0,0.0,0.0,0.0
277,5337,15633,24641,25193.0,13730,27544,47170,3174,18034,73011,15711,18232,30420,6222,22066,5109,6711,2769,5759,11031,66725,749,296,3.0,5614,1983,8577,2033,8285,217,1703,2032,4066,186,634,14496,27890,829,1661,483,770,938,10789,6898,672,621,1357,88,61.0,657,234,126,1035,405,19.0,39.0,111,1449,239,2745,25.0,1269,525,233.0,77.0,114,351,1367,1000,655,618,464,340.0,520.0,494.0,100.0,303,156,109.0,2522,926,653,175,293,43.0,151,238,17.0,44.0,779,3055,5124,447,46.0,325,157,334.0,492.0,99,300,12.0,5.0,298.0,301.0,1644.0,92,28.0,160,42.0,37,32,86,46,107,26.0,37,892,47.0,59,27.0,52.0,19.0,73.0,71,358,6.0,13.0,314,34.0,57,35,29,60.0,4.0,7.0,10.0,45.0,2.0,57.0,2872.0,42,16.0,37.0,84.0,12.0,707,46.0,23.0,21.0,140,17.0,13.0,2.0,18.0,0.0,0.0,4615.0,15.0,11,6.0,2996.0,22.0,5.0,15.0,4.0,5373.0,24.0,12.0,4.0,21.0,6.0,10.0,6.0,6.0,1.0,2.0,4.0,2.0,8.0,18.0,2.0,16.0,10.0,9.0,25.0,7.0,5.0,14.0,3.0,6.0,1.0,3.0,3.0,6.0,9.0,8.0,8.0,2.0,1.0,0.0,0.0,0.0,0.0,0.0,0.0,0.0,0.0
283,47873,20083,33329,0.0,17326,31372,63606,3760,24581,89649,19655,21860,32007,9480,28272,6303,8335,2463,7822,14239,78504,1074,425,4.0,6256,2854,7939,3151,10217,275,2498,2966,6248,199,679,16019,31028,1391,2165,897,1181,1325,14724,8589,1075,911,1936,182,95.0,792,464,156,1354,570,26.0,34.0,201,1796,512,4443,18.0,1725,1053,386.0,144.0,257,516,1968,1460,789,484,2563,484.0,674.0,649.0,155.0,459,307,191.0,2371,1853,715,344,589,37.0,241,294,20.0,43.0,1506,3127,4727,447,10.0,552,66,462.0,561.0,146,271,40.0,21.0,443.0,350.0,1763.0,219,49.0,359,58.0,56,35,133,72,97,47.0,56,981,70.0,97,48.0,83.0,33.0,42.0,185,284,29.0,18.0,751,109.0,69,43,34,60.0,22.0,21.0,14.0,60.0,4.0,160.0,1544.0,48,7.0,52.0,192.0,33.0,653,20.0,30.0,35.0,227,16.0,27.0,6.0,7.0,10.0,4.0,4765.0,13.0,10,4.0,3013.0,23.0,13.0,44.0,34.0,5356.0,12.0,14.0,1.0,2.0,2.0,5.0,6.0,1.0,0.0,2.0,8.0,0.0,13.0,48.0,5.0,57.0,41.0,5.0,122.0,3.0,22.0,3.0,8.0,7.0,2.0,21.0,6.0,8.0,50.0,34.0,10.0,8.0,4.0,1.0,1.0,1.0,1.0,1.0,1.0,0.0,0.0
531,29265,12048,19862,17722.0,11903,25320,37311,2535,17319,56223,10835,13920,23151,4415,17217,4361,5665,2128,5056,8891,57280,552,182,3.0,4375,1446,5991,1630,6939,96,1437,1033,4214,151,771,13959,26827,641,1350,398,615,833,11098,4077,729,610,1380,43,39.0,624,144,78,1108,368,18.0,17.0,49,976,115,1525,8.0,722,374,223.0,45.0,151,203,920,844,445,521,651,280.0,321.0,407.0,42.0,138,81,61.0,3548,693,1359,165,233,34.0,96,293,2.0,13.0,283,1748,3284,375,12.0,236,115,308.0,324.0,73,44,15.0,25.0,246.0,222.0,1569.0,61,7.0,143,41.0,7,19,71,22,48,23.0,7,249,81.0,64,63.0,37.0,15.0,34.0,71,407,1.0,1.0,151,24.0,21,19,5,20.0,12.0,4.0,4.0,41.0,3.0,465.0,734.0,22,7.0,9.0,4.0,11.0,240,12.0,9.0,27.0,144,8.0,19.0,4.0,7.0,0.0,0.0,4611.0,7.0,5,6.0,2995.0,9.0,1.0,60.0,15.0,5327.0,3.0,3.0,0.0,26.0,10.0,4.0,3.0,0.0,0.0,0.0,1.0,0.0,7.0,26.0,2.0,19.0,10.0,0.0,39.0,0.0,6.0,12.0,0.0,1.0,0.0,2.0,3.0,6.0,10.0,8.0,10.0,4.0,4.0,0.0,0.0,0.0,0.0,0.0,0.0,0.0,0.0
539,720,874,1296,1702.0,191,1519,3553,43,804,4536,448,390,830,182,777,333,743,114,176,1567,3308,26,3,0.0,88,93,251,79,121,2,51,51,30,2,152,281,228,42,56,7,21,3,649,104,18,3,6,1,0.0,18,8,3,17,19,0.0,0.0,3,13,9,100,0.0,115,17,0.0,0.0,6,28,14,28,9,30,437,0.0,0.0,0.0,0.0,1,2,0.0,371,2,93,1,14,0.0,9,10,0.0,0.0,46,64,64,18,0.0,6,3,0.0,0.0,5,3,0.0,0.0,0.0,0.0,0.0,7,0.0,1,0.0,3,6,1,1,6,0.0,3,20,0.0,3,0.0,0.0,0.0,0.0,2,4,0.0,0.0,16,0.0,7,8,3,0.0,0.0,0.0,0.0,0.0,0.0,0.0,0.0,1,0.0,0.0,0.0,0.0,1,0.0,0.0,0.0,3,0.0,0.0,0.0,0.0,0.0,0.0,0.0,0.0,1,0.0,0.0,0.0,5.0,0.0,0.0,0.0,0.0,0.0,0.0,8.0,19.0,0.0,1.0,0.0,0.0,0.0,0.0,0.0,0.0,0.0,0.0,0.0,0.0,0.0,0.0,0.0,0.0,0.0,0.0,0.0,0.0,0.0,0.0,0.0,0.0,0.0,0.0,0.0,0.0,0.0,0.0,0.0,0.0,0.0,0.0,0.0,0.0
616,3674,3258,4835,8457.0,1655,4988,11704,409,2526,13128,2277,2564,3491,1052,3488,1436,1086,573,670,2068,6020,92,25,5.0,828,356,6084,314,1246,14,259,292,444,15,786,557,666,177,229,67,183,93,1763,1036,239,100,218,11,18.0,105,29,26,189,68,2.0,2.0,11,162,18,407,3.0,178,144,28.0,14.0,6,82,154,171,49,49,405,38.0,110.0,44.0,26.0,51,3,17.0,2573,32,697,194,63,4.0,52,211,5.0,4.0,82,2813,8700,54,2.0,22,23,17.0,51.0,12,29,0.0,4.0,183.0,17.0,14.0,36,21.0,18,2.0,7,3,23,17,10,2.0,20,8,16.0,3,5.0,4.0,2.0,14.0,1,53,14.0,2.0,52,6.0,15,4,4,6.0,5.0,9.0,5.0,1.0,1.0,1.0,4.0,3,2.0,2.0,6.0,1.0,7,4.0,3.0,19.0,12,3.0,16.0,1.0,2.0,7.0,6.0,7.0,1.0,1,0.0,0.0,0.0,0.0,0.0,0.0,0.0,0.0,0.0,0.0,0.0,0.0,0.0,0.0,0.0,0.0,0.0,0.0,0.0,0.0,0.0,0.0,0.0,0.0,0.0,0.0,0.0,0.0,0.0,0.0,0.0,0.0,0.0,0.0,0.0,0.0,0.0,0.0,0.0,0.0,0.0,0.0,0.0,0.0,0.0,0.0,0.0,0.0
624,1878,1793,2492,3412.0,975,1998,5916,284,1921,8798,1505,1233,2560,636,1970,316,752,258,548,1180,3881,129,29,3.0,381,434,559,400,878,23,161,159,292,17,449,397,730,63,112,34,220,47,851,222,138,135,302,17,5.0,48,29,5,46,23,4.0,4.0,9,151,9,360,2.0,133,67,42.0,6.0,14,51,70,74,98,45,550,16.0,36.0,26.0,21.0,36,13,4.0,1307,32,599,44,48,1.0,27,63,6.0,6.0,59,172,196,24,0.0,51,11,12.0,42.0,22,9,3.0,4.0,12.0,0.0,23.0,3,3.0,83,4.0,4,2,81,28,7,1.0,88,24,10.0,4,2.0,2.0,2.0,9.0,11,9,10.0,5.0,18,4.0,95,57,2,8.0,1.0,1.0,3.0,2.0,0.0,51.0,133.0,3,3.0,9.0,1.0,0.0,27,0.0,0.0,0.0,7,0.0,0.0,0.0,0.0,0.0,0.0,12.0,2.0,1,1.0,8.0,3.0,0.0,4.0,1.0,0.0,0.0,1.0,0.0,0.0,0.0,0.0,0.0,0.0,0.0,0.0,0.0,0.0,0.0,0.0,1.0,0.0,0.0,0.0,0.0,0.0,0.0,0.0,0.0,0.0,0.0,0.0,0.0,0.0,0.0,0.0,0.0,0.0,0.0,0.0,0.0,0.0,0.0,0.0,0.0,0.0,0.0
639,2719,9973,16589,14062.0,7792,14838,29305,1960,12493,48001,10785,11300,17120,5325,16274,2600,4445,1538,3486,7157,59727,1063,582,1.0,2439,1874,4183,1885,4591,211,1495,1844,1923,180,702,15348,30485,832,1043,492,821,675,4971,5074,405,508,1091,77,77.0,506,354,72,865,227,24.0,28.0,86,1034,354,2539,21.0,1122,1486,573.0,230.0,263,410,621,542,428,349,1517,279.0,374.0,486.0,55.0,137,383,340.0,2976,1107,944,244,471,7.0,246,209,28.0,54.0,687,1647,2077,662,40.0,382,252,333.0,365.0,144,524,7.0,112.0,171.0,238.0,1616.0,128,10.0,282,135.0,12,11,47,36,44,16.0,41,670,99.0,100,59.0,79.0,60.0,16.0,200,81,7.0,13.0,718,139.0,39,14,10,178.0,20.0,9.0,1.0,16.0,1.0,240.0,455.0,26,5.0,2.0,55.0,0.0,1036,25.0,19.0,11.0,162,26.0,3.0,11.0,12.0,2.0,1.0,4603.0,20.0,6,0.0,2989.0,10.0,10.0,38.0,32.0,5328.0,19.0,28.0,0.0,379.0,66.0,2.0,6.0,1.0,0.0,0.0,37.0,0.0,7.0,11.0,2.0,0.0,30.0,6.0,47.0,8.0,2.0,0.0,22.0,9.0,3.0,12.0,36.0,91.0,30.0,15.0,5.0,2.0,1.0,1.0,0.0,1.0,0.0,0.0,7.0,4.0,7.0
790,3958,3495,5227,8832.0,1715,5492,12421,412,2746,14180,2454,2623,3696,1083,3733,373,1149,649,715,2305,6796,97,25,5.0,914,378,6147,328,1263,14,276,321,467,25,800,646,710,201,241,77,197,94,1844,526,226,107,232,10,21.0,111,37,28,193,74,2.0,2.0,11,178,20,479,3.0,200,154,31.0,14.0,6,82,162,183,49,59,452,38.0,110.0,44.0,26.0,51,3,17.0,2459,31,705,195,30,15.0,52,184,5.0,4.0,90,2823,8709,56,4.0,24,20,17.0,51.0,12,29,1.0,5.0,177.0,17.0,13.0,39,21.0,18,2.0,7,3,31,18,10,2.0,24,8,18.0,4,7.0,4.0,2.0,14.0,1,55,17.0,2.0,15,6.0,19,8,6,6.0,5.0,13.0,5.0,1.0,1.0,1.0,4.0,3,2.0,2.0,6.0,1.0,7,4.0,3.0,19.0,2,3.0,16.0,1.0,2.0,7.0,6.0,6.0,1.0,1,0.0,0.0,0.0,0.0,0.0,0.0,0.0,0.0,0.0,0.0,0.0,0.0,0.0,0.0,0.0,0.0,0.0,0.0,0.0,0.0,0.0,0.0,0.0,0.0,0.0,0.0,0.0,0.0,0.0,0.0,0.0,0.0,0.0,0.0,0.0,0.0,0.0,0.0,0.0,0.0,0.0,0.0,0.0,0.0,0.0,0.0,0.0,0.0
791,6086,5827,8196,12941.0,2799,7927,19684,682,4297,23911,3607,3966,5682,1689,5460,828,1779,1055,965,3450,9967,210,41,5.0,1290,465,7276,337,2454,34,466,611,749,53,1257,874,910,252,311,74,374,266,2987,873,335,111,240,11,12.0,124,60,32,178,84,2.0,2.0,7,323,25,757,3.0,272,184,44.0,16.0,7,140,252,281,97,85,692,51.0,161.0,55.0,29.0,86,10,21.0,3021,59,811,144,61,17.0,91,239,9.0,4.0,156,2972,9053,81,5.0,68,49,28.0,73.0,34,95,4.0,5.0,128.0,47.0,24.0,28,33.0,26,10.0,8,3,47,26,26,4.0,44,33,27.0,5,10.0,14.0,4.0,22.0,2,77,25.0,2.0,25,8.0,52,18,9,7.0,6.0,12.0,5.0,1.0,1.0,5.0,45.0,5,5.0,37.0,30.0,19.0,15,2.0,3.0,12.0,36,0.0,9.0,1.0,5.0,7.0,6.0,9.0,1.0,1,0.0,0.0,0.0,0.0,2.0,0.0,0.0,0.0,0.0,0.0,0.0,0.0,0.0,0.0,0.0,0.0,0.0,3.0,0.0,0.0,0.0,0.0,34.0,0.0,0.0,0.0,0.0,0.0,0.0,4.0,0.0,0.0,0.0,0.0,0.0,0.0,0.0,0.0,0.0,0.0,0.0,0.0,0.0,0.0,0.0,0.0,0.0,0.0
815,6110,5822,8201,13023.0,2801,7977,19808,682,4309,24145,3739,3993,5702,1698,5578,828,1787,1132,967,3480,10206,214,41,5.0,1296,477,7282,347,2452,34,466,611,743,53,1267,875,910,251,307,74,375,269,2990,875,336,111,240,11,12.0,124,60,32,184,84,2.0,2.0,7,323,25,760,3.0,277,184,65.0,16.0,7,141,252,281,98,87,692,51.0,161.0,55.0,29.0,86,10,21.0,3025,62,814,144,62,17.0,91,243,9.0,4.0,156,2972,9053,82,5.0,69,57,28.0,73.0,34,95,4.0,5.0,128.0,47.0,24.0,28,33.0,26,10.0,8,3,47,26,26,4.0,50,33,27.0,5,10.0,14.0,4.0,22.0,2,77,31.0,2.0,25,8.0,58,18,9,7.0,6.0,12.0,5.0,1.0,1.0,5.0,39.0,5,5.0,37.0,30.0,19.0,15,2.0,3.0,12.0,36,0.0,9.0,1.0,5.0,7.0,6.0,9.0,1.0,1,0.0,0.0,0.0,0.0,2.0,0.0,0.0,0.0,0.0,0.0,0.0,0.0,0.0,0.0,0.0,0.0,0.0,3.0,0.0,0.0,0.0,0.0,34.0,0.0,0.0,0.0,0.0,0.0,0.0,4.0,0.0,0.0,0.0,0.0,0.0,0.0,0.0,0.0,0.0,0.0,0.0,0.0,0.0,0.0,0.0,0.0,0.0,0.0
