,0,12,70,1A,71,0C,0A,38,39,22,23,4D,5B,54,62,0E,28,11,69,7,21,35,46,D8,6E,72,0D,1D,1E,27,0F,13,33,1F,37,0B,10,59,14,94,B0,D0,92,93,3D,34,36,32,52,1C,6A,29,63,60,1,6F,16,31,BC,77,53,84,81,9C,3B,17,18,C0,5A,2B,98,DF,B5,2C,0,5C,7F,82,C8,55,15,76,20,2D,A7,A8,4B,8,2,74,3A,DA,44,B6,E1,E0,26,3C,DD,4,DE,D6,D5,B8,D2,67,BB,B2,2E,5,A9,C9,C7,E2,B3,4F,48,5E,57,B1,90,91,95,45,DB,49,4C,B7,50,9F,9E,86,8A,D3,7D,8E,87,A6,96,9B,C6,7B,89,CD,8C,75,19,85,AD,CE,CA,CB,B4,30,CC,AC,97,C5,C2,8D,A1,A0,47,4A,9D,D4,BE,8B,BD,88,68,61,83,2F,AB,AE,4E,DC,8F,51,A2,BF,A5,C3,C1,A3,A4,5D,56,C4,B9,99,AA,65,6D,66,5F,58,CF,24,6C,D7,64,6B,9A,80,BA,AF
100,32503,34968,28587,32581.0,35943,70217,26499,18085,10305,16724,2492,5783,15220,73128,8562,18150,21327,23354,3600,4217,1593,2036.0,1224,2910,85159,10642,4318,730.0,1586.0,4068,9504,11225,7493,9144,287.0,2666,1076.0,20400,1287,17.0,2016.0,45.0,16.0,17.0,1039,519,145.0,1672,37049,517,97.0,2885,209.0,2324.0,3662,1480,1929,746,86.0,1407.0,2317.0,125.0,285.0,166.0,340,107,49.0,65.0,2090.0,464.0,17.0,2999.0,5169.0,426.0,418,3308,17.0,373.0,158.0,3176,1257,1249,1474.0,150.0,97.0,75.0,445.0,11849.0,3236.0,3298,421.0,390.0,333.0,1918.0,39.0,327.0,163.0,288.0,5597.0,224.0,2525.0,472.0,1456.0,6.0,21.0,84.0,89.0,16.0,46.0,456.0,91.0,59.0,33.0,272.0,2.0,327.0,392.0,21.0,29.0,218,544.0,416.0,63.0,53.0,127.0,13.0,45.0,5332.0,12.0,3.0,23.0,36.0,29.0,9.0,4.0,9.0,218.0,46.0,31.0,30.0,97.0,51.0,35.0,33.0,19.0,23.0,60.0,44.0,16.0,13.0,1.0,13.0,3.0,14.0,7.0,7.0,2.0,16.0,19.0,290.0,4.0,27.0,19.0,3.0,27.0,9.0,15.0,18.0,49.0,2.0,14.0,22.0,67.0,27.0,9.0,9.0,13.0,16.0,6.0,2.0,1.0,1.0,3.0,24.0,26.0,3.0,26.0,1160.0,238.0,0.0,0.0,0.0,0.0,0.0,0.0,0.0,0.0,0.0,0.0,0.0,0.0,0.0,0.0,0.0,0.0,0.0,0.0,0.0
1005,48,9518,8083,6699.0,11771,15484,8649,4047,1868,4967,769,1091,3823,43674,1822,5346,5841,3679,947,1373,275,635.0,189,893,20925,3541,1066,180.0,396.0,1251,2119,3233,1285,1833,110.0,591,133.0,13472,306,5.0,422.0,7.0,7.0,8.0,255,246,65.0,640,26155,288,34.0,819,84.0,737.0,2331,397,326,147,31.0,90.0,307.0,46.0,57.0,9.0,124,45,47.0,26.0,225.0,297.0,2.0,2980.0,4647.0,123.0,162,793,2.0,391.0,195.0,739,699,231,364.0,104.0,108.0,15.0,345.0,943.0,191.0,198,108.0,72.0,225.0,1631.0,22.0,245.0,30.0,76.0,450.0,49.0,331.0,95.0,460.0,4.0,5.0,163.0,21.0,28.0,75.0,34.0,42.0,97.0,105.0,239.0,10.0,575.0,365.0,1.0,1.0,133,70.0,110.0,12.0,6.0,92.0,22.0,4.0,5317.0,0.0,0.0,4.0,8.0,9.0,3.0,2.0,8.0,180.0,30.0,111.0,4.0,208.0,15.0,40.0,20.0,20.0,7.0,29.0,1.0,0.0,8.0,1.0,6.0,5.0,21.0,7.0,1.0,0.0,4.0,10.0,292.0,0.0,0.0,6.0,0.0,2.0,5.0,8.0,6.0,12.0,1.0,7.0,7.0,22.0,24.0,1.0,0.0,4.0,3.0,3.0,0.0,0.0,1.0,6.0,2.0,2.0,1.0,1.0,60.0,15.0,2.0,1.0,3.0,8.0,5.0,7.0,7.0,3.0,31.0,2.0,2.0,0.0,0.0,0.0,0.0,0.0,0.0,0.0,0.0
1027,3958,3696,5227,8832.0,5492,12421,3733,2454,1083,3495,2823,8709,2305,6796,1263,2746,2623,1844,412,373,162,276.0,183,479,14180,1715,914,107.0,232.0,467,715,6147,321,1149,82.0,241,74.0,646,452,2.0,31.0,15.0,4.0,5.0,197,49,14.0,178,710,90,12.0,649,18.0,4.0,526,200,201,77,10.0,184.0,193.0,39.0,20.0,21.0,37,28,31.0,0.0,111.0,59.0,0.0,0.0,6.0,55.0,56,378,0.0,154.0,25.0,328,97,226,94.0,6.0,1.0,7.0,8.0,2459.0,705.0,800,24.0,177.0,7.0,13.0,26.0,38.0,29.0,25.0,51.0,2.0,2.0,0.0,44.0,0.0,1.0,1.0,11.0,6.0,4.0,20.0,18.0,17.0,14.0,17.0,0.0,51.0,110.0,1.0,0.0,15,195.0,30.0,1.0,4.0,52.0,6.0,3.0,0.0,2.0,0.0,13.0,3.0,24.0,1.0,0.0,21.0,31.0,0.0,5.0,4.0,3.0,6.0,4.0,18.0,2.0,3.0,10.0,5.0,17.0,8.0,0.0,2.0,0.0,1.0,0.0,0.0,0.0,16.0,19.0,17.0,0.0,0.0,0.0,0.0,2.0,0.0,6.0,2.0,3.0,5.0,2.0,2.0,19.0,14.0,1.0,5.0,0.0,7.0,0.0,0.0,0.0,0.0,3.0,0.0,0.0,0.0,0.0,0.0,0.0,0.0,0.0,0.0,0.0,7.0,0.0,0.0,0.0,0.0,0.0,1.0,6.0,0.0,0.0,0.0,0.0,0.0,0.0,0.0
104,286,259,346,339.0,169,654,155,159,61,179,21,36,179,323,145,286,196,56,50,91,7,0.0,2,9,980,72,50,0.0,0.0,5,36,23,6,143,0.0,18,0.0,14,152,0.0,0.0,0.0,0.0,0.0,8,4,0.0,4,12,15,0.0,19,0.0,5.0,30,28,5,7,2.0,4.0,0.0,0.0,0.0,0.0,4,2,0.0,0.0,0.0,21.0,0.0,0.0,0.0,1.0,7,39,0.0,0.0,0.0,25,14,6,0.0,0.0,0.0,0.0,11.0,71.0,25.0,22,0.0,2.0,3.0,0.0,0.0,0.0,0.0,0.0,0.0,0.0,6.0,0.0,0.0,0.0,0.0,5.0,0.0,0.0,0.0,2.0,0.0,0.0,0.0,0.0,0.0,0.0,0.0,0.0,0.0,2,0.0,1.0,0.0,0.0,0.0,0.0,0.0,0.0,0.0,0.0,0.0,0.0,0.0,0.0,0.0,0.0,0.0,0.0,0.0,0.0,0.0,0.0,0.0,0.0,0.0,1.0,0.0,0.0,0.0,0.0,0.0,0.0,0.0,0.0,0.0,0.0,0.0,0.0,0.0,0.0,0.0,0.0,0.0,0.0,0.0,0.0,0.0,0.0,0.0,0.0,0.0,0.0,0.0,0.0,0.0,0.0,0.0,0.0,0.0,0.0,0.0,0.0,0.0,0.0,0.0,0.0,0.0,0.0,0.0,0.0,0.0,0.0,0.0,0.0,0.0,0.0,0.0,0.0,0.0,0.0,0.0,0.0,0.0,0.0,0.0,0.0,0.0,0.0
1042,2958,2969,3372,15353.0,1538,5569,2315,2043,1096,2418,292,191,1521,4849,570,1431,2131,961,148,336,388,147.0,375,933,14069,718,1087,329.0,674.0,987,434,1180,510,667,101.0,72,17.0,708,148,0.0,90.0,9.0,0.0,1.0,124,340,52.0,336,1069,113,57.0,416,109.0,11.0,258,166,49,32,15.0,132.0,51.0,9.0,32.0,7.0,59,3,1.0,0.0,55.0,19.0,0.0,4.0,5.0,16.0,35,315,0.0,3.0,1.0,336,34,225,199.0,0.0,0.0,1.0,33.0,3156.0,687.0,622,46.0,30.0,26.0,22.0,20.0,33.0,31.0,44.0,72.0,8.0,13.0,0.0,67.0,0.0,0.0,12.0,17.0,2.0,0.0,11.0,0.0,5.0,0.0,13.0,1.0,71.0,147.0,15.0,24.0,31,35.0,51.0,0.0,7.0,21.0,67.0,1.0,0.0,15.0,0.0,1.0,0.0,1.0,1.0,1.0,43.0,1.0,0.0,5.0,0.0,0.0,7.0,0.0,1.0,0.0,4.0,2.0,0.0,0.0,0.0,0.0,0.0,0.0,0.0,0.0,0.0,0.0,0.0,0.0,62.0,0.0,0.0,10.0,0.0,0.0,0.0,0.0,0.0,1.0,0.0,0.0,0.0,1.0,0.0,0.0,0.0,5.0,7.0,0.0,0.0,0.0,0.0,0.0,0.0,0.0,0.0,0.0,0.0,0.0,0.0,0.0,0.0,0.0,0.0,0.0,0.0,0.0,0.0,0.0,0.0,0.0,0.0,0.0,0.0,0.0,0.0,0.0,0.0
1066,15735,12674,9869,10946.0,14126,20734,9039,6160,2315,6555,898,1750,4775,46720,2731,8156,7819,5703,1353,2314,608,704.0,289,761,32119,7036,2914,435.0,946.0,2949,2460,3763,554,2745,61.0,779,206.0,12557,121,1.0,456.0,25.0,2.0,0.0,263,118,54.0,523,24376,150,18.0,1326,26.0,119.0,2557,356,338,214,33.0,92.0,536.0,47.0,72.0,20.0,62,52,31.0,22.0,346.0,281.0,7.0,2977.0,4589.0,202.0,204,566,0.0,45.0,18.0,624,111,337,466.0,17.0,2.0,1.0,81.0,1209.0,184.0,313,65.0,156.0,83.0,1538.0,30.0,226.0,13.0,73.0,62.0,71.0,28.0,5.0,384.0,2.0,4.0,18.0,32.0,4.0,14.0,35.0,5.0,14.0,1.0,201.0,1.0,295.0,303.0,0.0,0.0,60,28.0,38.0,25.0,12.0,26.0,44.0,7.0,5313.0,9.0,0.0,3.0,12.0,2.0,2.0,1.0,6.0,20.0,4.0,5.0,4.0,7.0,1.0,13.0,9.0,2.0,3.0,25.0,2.0,0.0,9.0,2.0,14.0,0.0,28.0,5.0,3.0,0.0,10.0,16.0,284.0,0.0,0.0,2.0,0.0,6.0,2.0,3.0,7.0,10.0,1.0,8.0,16.0,12.0,21.0,0.0,1.0,1.0,14.0,2.0,0.0,0.0,0.0,7.0,9.0,9.0,1.0,8.0,0.0,0.0,0.0,0.0,0.0,8.0,0.0,0.0,0.0,3.0,6.0,4.0,0.0,0.0,0.0,0.0,0.0,0.0,0.0,0.0,0.0
1071,16095,13561,10262,10891.0,14481,20918,9960,6409,2462,6624,929,1845,4848,47450,2918,9065,8165,5976,1476,2287,638,839.0,342,949,33795,7184,2757,357.0,781.0,2756,3019,3829,618,3061,97.0,720,181.0,12808,158,1.0,460.0,23.0,10.0,2.0,330,209,55.0,537,25034,151,15.0,1392,86.0,173.0,2706,444,291,171,22.0,153.0,492.0,37.0,41.0,18.0,87,39,30.0,22.0,307.0,311.0,7.0,2990.0,4585.0,216.0,230,843,8.0,227.0,92.0,921,277,316,469.0,93.0,48.0,39.0,127.0,1795.0,907.0,474,143.0,150.0,140.0,1544.0,12.0,249.0,29.0,101.0,69.0,71.0,31.0,3.0,365.0,2.0,5.0,18.0,26.0,7.0,34.0,41.0,46.0,28.0,17.0,200.0,2.0,267.0,272.0,11.0,19.0,73,124.0,146.0,9.0,11.0,35.0,1.0,8.0,5316.0,9.0,1.0,1.0,13.0,3.0,3.0,2.0,5.0,133.0,30.0,15.0,3.0,58.0,15.0,17.0,11.0,6.0,6.0,26.0,6.0,0.0,9.0,2.0,14.0,0.0,28.0,5.0,3.0,0.0,10.0,16.0,267.0,0.0,0.0,1.0,0.0,4.0,2.0,0.0,7.0,9.0,1.0,8.0,16.0,12.0,21.0,0.0,1.0,0.0,3.0,2.0,0.0,0.0,0.0,7.0,9.0,9.0,1.0,8.0,0.0,0.0,0.0,0.0,0.0,8.0,0.0,0.0,0.0,3.0,6.0,4.0,0.0,0.0,0.0,0.0,0.0,0.0,0.0,0.0,0.0
1075,3577,3419,4647,8260.0,4930,11486,3346,2132,996,3108,2811,8696,1931,5802,1244,2413,2502,1727,409,1392,150,252.0,169,399,12592,1639,820,100.0,218.0,443,667,5981,287,1050,82.0,228,68.0,539,396,2.0,32.0,3.0,4.0,5.0,179,49,14.0,161,661,70,12.0,523,18.0,4.0,1028,166,171,66,11.0,211.0,189.0,36.0,18.0,18.0,29,26,23.0,0.0,105.0,46.0,0.0,0.0,7.0,53.0,51,287,0.0,144.0,25.0,267,78,226,93.0,6.0,1.0,5.0,8.0,2366.0,615.0,748,22.0,183.0,7.0,14.0,25.0,37.0,29.0,15.0,50.0,12.0,2.0,0.0,43.0,0.0,1.0,1.0,11.0,6.0,3.0,23.0,16.0,17.0,14.0,17.0,0.0,51.0,108.0,1.0,0.0,49,194.0,60.0,0.0,4.0,52.0,6.0,3.0,0.0,2.0,0.0,9.0,3.0,20.0,1.0,0.0,21.0,28.0,0.0,4.0,2.0,3.0,6.0,4.0,17.0,2.0,3.0,10.0,5.0,14.0,4.0,0.0,2.0,0.0,1.0,0.0,0.0,0.0,16.0,19.0,17.0,0.0,0.0,0.0,0.0,2.0,0.0,4.0,2.0,3.0,5.0,2.0,2.0,15.0,14.0,1.0,5.0,0.0,7.0,0.0,0.0,0.0,0.0,3.0,0.0,0.0,0.0,0.0,0.0,0.0,0.0,0.0,0.0,0.0,7.0,0.0,0.0,0.0,0.0,0.0,1.0,6.0,0.0,0.0,0.0,0.0,0.0,0.0,0.0
1085,24781,20882,16242,15974.0,26474,36691,14362,9461,3798,10746,1778,3202,7665,53962,8925,12873,12558,9541,2190,4410,792,1093.0,489,1632,50327,10884,4282,639.0,1444.0,3842,3692,10756,821,4502,116.0,1280,322.0,13366,271,1.0,697.0,35.0,2.0,1.0,372,144,65.0,823,25515,237,55.0,2226,51.0,778.0,4333,664,598,380,47.0,161.0,1088.0,66.0,101.0,34.0,83,77,39.0,32.0,605.0,431.0,2.0,2982.0,4564.0,434.0,363,1024,1.0,100.0,73.0,1069,290,667,732.0,29.0,4.0,4.0,142.0,1890.0,310.0,411,123.0,286.0,131.0,1542.0,17.0,260.0,93.0,82.0,138.0,135.0,218.0,459.0,456.0,0.0,4.0,159.0,52.0,23.0,16.0,83.0,8.0,36.0,1.0,237.0,7.0,353.0,4426.0,0.0,0.0,54,32.0,32.0,1.0,11.0,36.0,0.0,5.0,5326.0,0.0,5.0,1.0,14.0,4.0,9.0,1.0,2.0,106.0,6.0,0.0,9.0,13.0,621.0,15.0,8.0,2.0,5.0,35.0,4.0,0.0,9.0,2.0,14.0,0.0,34.0,7.0,7.0,0.0,19.0,27.0,373.0,0.0,0.0,1.0,2.0,7.0,3.0,11.0,7.0,36.0,2.0,8.0,10.0,17.0,35.0,0.0,1.0,0.0,6.0,3.0,1.0,0.0,12.0,17.0,17.0,17.0,1.0,8.0,8.0,25.0,0.0,0.0,0.0,8.0,0.0,0.0,0.0,4.0,8.0,4.0,0.0,0.0,0.0,0.0,0.0,0.0,0.0,0.0,0.0
1086,24781,20882,16242,15974.0,26474,36691,14362,9461,3798,10746,1778,3202,7665,53962,8925,12873,12558,9541,2190,4410,792,1093.0,489,1632,50327,10884,4282,639.0,1444.0,3842,3692,10756,821,4502,116.0,1280,322.0,13366,271,1.0,697.0,35.0,2.0,1.0,372,144,65.0,823,25515,237,55.0,2226,51.0,778.0,4333,664,598,380,47.0,161.0,1088.0,66.0,101.0,34.0,83,77,39.0,32.0,605.0,431.0,2.0,2982.0,4564.0,434.0,363,1024,1.0,100.0,73.0,1069,290,667,732.0,29.0,4.0,4.0,142.0,1890.0,310.0,411,123.0,286.0,131.0,1542.0,17.0,260.0,93.0,82.0,138.0,135.0,218.0,459.0,456.0,0.0,4.0,159.0,52.0,23.0,16.0,83.0,8.0,36.0,1.0,237.0,7.0,353.0,4426.0,0.0,0.0,54,32.0,32.0,1.0,11.0,36.0,0.0,5.0,5326.0,0.0,5.0,1.0,14.0,4.0,9.0,1.0,2.0,106.0,6.0,0.0,9.0,13.0,621.0,15.0,8.0,2.0,5.0,35.0,4.0,0.0,9.0,2.0,14.0,0.0,34.0,7.0,7.0,0.0,19.0,27.0,373.0,0.0,0.0,1.0,2.0,7.0,3.0,11.0,7.0,36.0,2.0,8.0,10.0,17.0,35.0,0.0,1.0,0.0,6.0,3.0,1.0,0.0,12.0,17.0,17.0,17.0,1.0,8.0,8.0,25.0,0.0,0.0,0.0,8.0,0.0,0.0,0.0,4.0,8.0,4.0,0.0,0.0,0.0,0.0,0.0,0.0,0.0,0.0,0.0
185,31378,31841,32891,34835.0,105181,73701,66827,24260,11510,20276,3571,5336,16082,55491,10559,27339,24587,14177,3308,7714,1794,2326.0,1470,5207,109981,15181,6508,819.0,1734.0,3551,7207,10418,4306,9872,832.0,2493,636.0,6504,1423,28.0,1437.0,23.0,37.0,37.0,1714,1272,390.0,2188,10609,2397,221.0,3775,339.0,5912.0,8349,1987,1285,772,117.0,446.0,1129.0,112.0,302.0,188.0,533,139,138.0,40.0,947.0,572.0,15.0,48.0,164.0,140.0,387,3157,63.0,1267.0,505.0,2884,1250,1112,1143.0,403.0,214.0,58.0,1051.0,2834.0,741.0,1108,599.0,308.0,597.0,326.0,355.0,317.0,531.0,430.0,532.0,319.0,48.0,80.0,394.0,19.0,34.0,237.0,158.0,115.0,183.0,135.0,100.0,281.0,219.0,108.0,60.0,1372.0,506.0,136.0,189.0,808,353.0,639.0,30.0,37.0,311.0,557.0,22.0,61.0,375.0,3.0,28.0,16.0,104.0,30.0,12.0,115.0,501.0,42.0,21.0,13.0,412.0,162.0,121.0,78.0,40.0,31.0,507.0,48.0,6.0,39.0,4.0,32.0,9.0,24.0,9.0,4.0,2.0,2.0,6.0,292.0,3.0,5.0,21.0,5.0,3.0,18.0,70.0,7.0,48.0,5.0,38.0,48.0,98.0,29.0,0.0,7.0,37.0,63.0,25.0,3.0,1.0,6.0,0.0,17.0,10.0,8.0,7.0,84.0,139.0,7.0,7.0,2.0,1.0,2.0,1.0,1.0,10.0,8.0,0.0,3.0,0.0,3.0,11.0,7.0,1.0,0.0,0.0,0.0
191,10990,11035,9954,16500.0,11828,19841,9925,6421,2411,6383,600,1124,4632,52934,2996,8045,6918,4632,1132,1530,342,667.0,285,1014,38141,5352,2191,218.0,486.0,1913,2891,3421,729,2460,128.0,475,121.0,12906,749,5.0,222.0,3.0,11.0,3.0,299,287,64.0,466,25134,313,75.0,1101,144.0,234.0,2130,475,248,118,24.0,190.0,249.0,26.0,101.0,20.0,95,30,40.0,29.0,153.0,236.0,6.0,2992.0,4611.0,136.0,198,1187,10.0,365.0,157.0,953,497,259,336.0,121.0,54.0,50.0,187.0,1628.0,850.0,396,132.0,55.0,125.0,1567.0,24.0,264.0,50.0,98.0,105.0,44.0,23.0,3.0,372.0,5.0,7.0,24.0,39.0,20.0,47.0,28.0,51.0,60.0,35.0,205.0,6.0,315.0,335.0,11.0,19.0,120,155.0,194.0,10.0,9.0,57.0,35.0,7.0,5320.0,19.0,3.0,4.0,4.0,17.0,17.0,3.0,14.0,253.0,29.0,15.0,3.0,75.0,34.0,21.0,22.0,12.0,8.0,22.0,6.0,1.0,7.0,2.0,10.0,4.0,23.0,2.0,4.0,0.0,3.0,20.0,272.0,0.0,1.0,6.0,2.0,1.0,5.0,7.0,5.0,33.0,1.0,8.0,9.0,16.0,12.0,0.0,1.0,7.0,6.0,3.0,1.0,0.0,1.0,11.0,23.0,9.0,2.0,2.0,1.0,0.0,3.0,0.0,0.0,3.0,1.0,0.0,0.0,4.0,8.0,4.0,0.0,1.0,0.0,0.0,0.0,0.0,0.0,0.0,0.0
192,25,2805,2128,1775.0,1728,4296,2727,2269,958,1286,140,114,1046,38048,379,1831,1856,741,225,340,78,271.0,52,498,8081,719,347,136.0,300.0,339,697,878,320,943,59.0,97,20.0,11620,112,3.0,194.0,1.0,7.0,5.0,141,108,22.0,190,23502,42,11.0,288,66.0,159.0,1301,260,74,43,18.0,20.0,31.0,2.0,18.0,6.0,47,9,3.0,4.0,42.0,40.0,7.0,2983.0,4582.0,16.0,31,502,2.0,165.0,68.0,552,169,30,107.0,56.0,25.0,8.0,46.0,248.0,122.0,111,104.0,15.0,63.0,1567.0,19.0,249.0,21.0,36.0,116.0,10.0,12.0,2.0,339.0,5.0,0.0,13.0,8.0,2.0,12.0,12.0,15.0,28.0,23.0,225.0,2.0,283.0,289.0,10.0,9.0,123,47.0,127.0,5.0,0.0,47.0,33.0,0.0,5314.0,20.0,0.0,0.0,0.0,1.0,0.0,0.0,2.0,97.0,5.0,1.0,1.0,56.0,15.0,5.0,5.0,4.0,6.0,9.0,1.0,0.0,0.0,0.0,0.0,1.0,0.0,0.0,0.0,0.0,1.0,0.0,280.0,3.0,1.0,0.0,0.0,0.0,0.0,0.0,2.0,4.0,3.0,15.0,13.0,0.0,1.0,0.0,0.0,0.0,0.0,0.0,0.0,0.0,0.0,0.0,0.0,1.0,0.0,0.0,0.0,0.0,0.0,0.0,0.0,0.0,0.0,0.0,0.0,0.0,0.0,0.0,0.0,0.0,0.0,0.0,0.0,0.0,0.0,0.0,0.0
20,770,14575,12065,11040.0,14365,25000,11631,8263,3447,7429,1001,1595,5936,52248,3369,10406,9297,6313,1530,2462,720,824.0,501,1278,40142,7760,2858,348.0,756.0,2585,3101,3591,861,4245,131.0,655,175.0,13130,830,8.0,621.0,20.0,10.0,5.0,437,429,77.0,644,25583,559,66.0,1499,129.0,374.0,3865,818,320,182,28.0,119.0,470.0,34.0,65.0,21.0,141,40,35.0,25.0,317.0,297.0,11.0,2984.0,4596.0,180.0,219,1151,4.0,340.0,132.0,1139,376,272,679.0,109.0,71.0,17.0,161.0,1207.0,271.0,375,188.0,153.0,132.0,1575.0,13.0,246.0,36.0,130.0,165.0,84.0,36.0,2.0,358.0,6.0,6.0,47.0,28.0,7.0,56.0,43.0,30.0,77.0,37.0,217.0,4.0,269.0,279.0,10.0,10.0,195,72.0,198.0,6.0,6.0,119.0,39.0,3.0,5315.0,40.0,0.0,0.0,12.0,10.0,2.0,1.0,9.0,159.0,18.0,3.0,1.0,109.0,30.0,26.0,23.0,11.0,8.0,45.0,4.0,0.0,15.0,2.0,16.0,2.0,28.0,5.0,6.0,0.0,9.0,14.0,268.0,3.0,1.0,10.0,0.0,4.0,2.0,2.0,7.0,9.0,1.0,12.0,18.0,18.0,20.0,0.0,3.0,8.0,15.0,2.0,0.0,0.0,1.0,6.0,9.0,10.0,1.0,1.0,0.0,0.0,0.0,0.0,0.0,9.0,0.0,0.0,0.0,3.0,6.0,4.0,2.0,0.0,0.0,0.0,0.0,0.0,0.0,0.0,0.0
216,22642,12064,11435,13051.0,11112,25631,9643,6242,3380,7027,955,5963,5443,16110,4273,7370,8822,10549,1293,1502,1240,1230.0,504,3157,30329,6941,2093,262.0,540.0,2231,3951,7751,1480,3715,430.0,786,337.0,2316,581,11.0,479.0,5.0,20.0,14.0,454,886,236.0,716,4793,528,95.0,919,132.0,166.0,2175,1207,469,351,60.0,383.0,589.0,126.0,262.0,64.0,237,49,68.0,37.0,345.0,243.0,12.0,32.0,81.0,84.0,168,856,1.0,102.0,29.0,799,187,407,813.0,48.0,26.0,18.0,451.0,3078.0,989.0,816,339.0,144.0,453.0,104.0,355.0,267.0,33.0,141.0,411.0,106.0,35.0,147.0,361.0,15.0,25.0,36.0,132.0,19.0,15.0,47.0,17.0,3.0,13.0,111.0,5.0,692.0,472.0,16.0,42.0,181,296.0,315.0,65.0,73.0,53.0,424.0,12.0,85.0,392.0,6.0,17.0,31.0,21.0,21.0,8.0,127.0,52.0,26.0,139.0,36.0,39.0,32.0,10.0,25.0,7.0,6.0,97.0,3.0,3.0,28.0,1.0,17.0,2.0,41.0,6.0,12.0,10.0,2.0,30.0,268.0,1.0,6.0,19.0,22.0,19.0,3.0,14.0,12.0,37.0,0.0,18.0,33.0,38.0,45.0,5.0,2.0,6.0,20.0,8.0,2.0,8.0,3.0,19.0,37.0,23.0,10.0,7.0,1.0,0.0,16.0,9.0,2.0,3.0,0.0,0.0,0.0,0.0,0.0,4.0,3.0,0.0,2.0,0.0,0.0,3.0,2.0,0.0,0.0
218,5799,5623,4872,3173.0,3505,10115,4703,3721,1585,3035,585,744,2512,8966,1456,4373,3233,2750,485,558,311,353.0,274,814,14730,2834,654,137.0,295.0,770,1468,1070,512,1662,111.0,109,29.0,921,206,3.0,122.0,2.0,10.0,10.0,236,266,53.0,347,1739,394,23.0,346,118.0,232.0,477,652,132,52,6.0,137.0,127.0,14.0,39.0,16.0,88,6,3.0,0.0,108.0,60.0,15.0,14.0,30.0,17.0,52,667,5.0,236.0,61.0,646,232,136,272.0,60.0,57.0,27.0,73.0,2060.0,1111.0,489,140.0,55.0,48.0,35.0,4.0,16.0,48.0,37.0,117.0,13.0,8.0,1.0,17.0,0.0,2.0,3.0,10.0,1.0,27.0,81.0,52.0,13.0,38.0,9.0,3.0,0.0,1.0,10.0,10.0,69,160.0,196.0,17.0,5.0,64.0,6.0,4.0,18.0,11.0,1.0,2.0,6.0,7.0,3.0,1.0,6.0,94.0,42.0,7.0,1.0,65.0,19.0,9.0,3.0,2.0,10.0,32.0,2.0,2.0,1.0,1.0,2.0,0.0,12.0,0.0,5.0,1.0,1.0,1.0,1.0,4.0,4.0,0.0,0.0,2.0,0.0,3.0,4.0,1.0,0.0,2.0,2.0,9.0,33.0,3.0,2.0,0.0,1.0,0.0,0.0,0.0,0.0,0.0,0.0,0.0,0.0,0.0,0.0,0.0,0.0,0.0,0.0,0.0,0.0,0.0,0.0,0.0,0.0,0.0,0.0,0.0,1.0,0.0,0.0,1.0,0.0,0.0,0.0
23,3577,3419,4647,8265.0,4930,11489,3349,2134,998,3108,2811,8696,1931,5805,1244,2413,2502,1727,409,1392,150,252.0,169,399,12596,1642,820,100.0,218.0,443,667,5981,287,1050,82.0,228,68.0,539,396,2.0,32.0,3.0,4.0,5.0,179,49,14.0,161,661,70,12.0,523,18.0,4.0,1028,166,171,66,11.0,211.0,189.0,36.0,18.0,18.0,29,26,23.0,0.0,105.0,46.0,0.0,0.0,7.0,53.0,51,287,0.0,144.0,25.0,267,78,226,93.0,6.0,1.0,5.0,8.0,2366.0,615.0,748,22.0,183.0,7.0,14.0,25.0,37.0,29.0,15.0,50.0,12.0,2.0,0.0,43.0,0.0,1.0,1.0,11.0,6.0,3.0,23.0,16.0,17.0,14.0,17.0,0.0,51.0,108.0,1.0,0.0,49,194.0,60.0,0.0,4.0,52.0,6.0,3.0,0.0,2.0,0.0,9.0,3.0,20.0,1.0,0.0,21.0,28.0,0.0,4.0,2.0,3.0,6.0,4.0,17.0,2.0,3.0,10.0,5.0,14.0,4.0,0.0,2.0,0.0,1.0,0.0,0.0,0.0,16.0,19.0,17.0,0.0,0.0,0.0,0.0,2.0,0.0,4.0,2.0,3.0,5.0,2.0,2.0,15.0,14.0,1.0,5.0,0.0,7.0,0.0,0.0,0.0,0.0,3.0,0.0,0.0,0.0,0.0,0.0,0.0,0.0,0.0,0.0,0.0,7.0,0.0,0.0,0.0,0.0,0.0,1.0,6.0,0.0,0.0,0.0,0.0,0.0,0.0,0.0
244,812,613,895,1121.0,530,1742,374,211,132,600,47,149,604,1412,49,610,315,138,23,208,37,12.0,50,64,2479,159,95,10.0,20.0,28,62,119,58,201,9.0,55,7.0,134,204,0.0,6.0,0.0,0.0,2.0,30,40,3.0,6,196,19,8.0,87,14.0,1.0,36,33,41,21,1.0,8.0,68.0,11.0,15.0,3.0,9,1,0.0,0.0,46.0,16.0,0.0,0.0,0.0,1.0,7,41,0.0,11.0,5.0,28,48,45,0.0,7.0,0.0,0.0,0.0,137.0,48.0,72,9.0,8.0,6.0,0.0,0.0,0.0,2.0,6.0,0.0,0.0,0.0,0.0,0.0,0.0,1.0,6.0,3.0,0.0,3.0,8.0,2.0,23.0,6.0,0.0,0.0,0.0,0.0,0.0,0.0,21,3.0,3.0,0.0,0.0,11.0,0.0,0.0,0.0,0.0,0.0,5.0,1.0,0.0,3.0,0.0,0.0,15.0,0.0,0.0,0.0,0.0,0.0,2.0,4.0,0.0,0.0,4.0,4.0,0.0,3.0,0.0,0.0,2.0,2.0,0.0,0.0,0.0,0.0,0.0,0.0,0.0,0.0,0.0,0.0,0.0,0.0,7.0,0.0,4.0,0.0,0.0,0.0,3.0,0.0,0.0,0.0,0.0,2.0,0.0,0.0,0.0,0.0,0.0,0.0,0.0,0.0,0.0,0.0,0.0,0.0,0.0,0.0,0.0,0.0,0.0,0.0,0.0,0.0,0.0,0.0,0.0,0.0,0.0,0.0,0.0,0.0,0.0,0.0
257,33002,28094,25261,23744.0,32724,50535,20779,14006,6288,15939,2204,4183,11198,65918,9008,20314,17640,13333,3446,5309,1155,1643.0,768,2084,70804,14184,5430,1070.0,2343.0,4979,5900,7661,1421,6707,240.0,1738,457.0,14667,492,3.0,750.0,37.0,13.0,5.0,663,502,138.0,1213,27977,710,60.0,2344,158.0,578.0,4908,990,792,509,86.0,312.0,1368.0,96.0,194.0,58.0,172,97,55.0,44.0,819.0,564.0,8.0,3006.0,4604.0,478.0,446,1811,13.0,445.0,204.0,1952,665,841,987.0,160.0,66.0,71.0,958.0,3890.0,1434.0,930,293.0,283.0,339.0,1590.0,66.0,329.0,42.0,167.0,158.0,203.0,52.0,25.0,431.0,3.0,14.0,103.0,84.0,44.0,58.0,108.0,77.0,50.0,32.0,223.0,14.0,369.0,370.0,11.0,19.0,163,189.0,227.0,17.0,24.0,108.0,26.0,15.0,5350.0,11.0,6.0,4.0,18.0,29.0,8.0,3.0,11.0,227.0,43.0,23.0,17.0,79.0,36.0,50.0,30.0,27.0,10.0,72.0,16.0,2.0,19.0,3.0,20.0,8.0,41.0,8.0,12.0,0.0,19.0,31.0,338.0,0.0,0.0,5.0,0.0,11.0,4.0,11.0,9.0,39.0,3.0,28.0,17.0,60.0,49.0,0.0,11.0,4.0,11.0,5.0,0.0,0.0,14.0,27.0,27.0,25.0,1.0,8.0,12.0,29.0,4.0,0.0,0.0,8.0,0.0,0.0,0.0,3.0,6.0,4.0,0.0,0.0,0.0,0.0,0.0,0.0,0.0,0.0,0.0
264,3214,12809,11161,6870.0,7765,23157,12176,8175,4416,6702,1364,1391,5377,20738,4102,8267,9498,5406,1287,2625,772,1377.0,526,2703,38773,4086,1229,205.0,447.0,1280,2944,2564,1950,3506,397.0,652,148.0,3366,738,6.0,905.0,4.0,27.0,19.0,639,644,186.0,927,7028,855,63.0,1024,151.0,350.0,4451,535,497,292,40.0,103.0,591.0,118.0,194.0,41.0,292,52,33.0,54.0,332.0,240.0,10.0,30.0,90.0,48.0,596,1328,31.0,1077.0,497.0,1361,844,403,597.0,197.0,158.0,46.0,729.0,1813.0,573.0,577,363.0,129.0,914.0,192.0,211.0,177.0,503.0,143.0,258.0,84.0,137.0,81.0,237.0,24.0,16.0,201.0,38.0,127.0,61.0,68.0,68.0,274.0,189.0,24.0,19.0,299.0,221.0,6.0,12.0,633,250.0,412.0,7.0,24.0,201.0,147.0,18.0,33.0,170.0,0.0,7.0,9.0,34.0,11.0,4.0,56.0,433.0,24.0,118.0,4.0,305.0,129.0,70.0,25.0,43.0,13.0,52.0,35.0,7.0,8.0,2.0,13.0,4.0,11.0,4.0,1.0,0.0,3.0,6.0,182.0,0.0,2.0,12.0,4.0,3.0,0.0,13.0,4.0,13.0,0.0,12.0,21.0,24.0,9.0,1.0,2.0,12.0,11.0,13.0,3.0,1.0,0.0,1.0,26.0,25.0,6.0,27.0,66.0,379.0,5.0,8.0,1.0,1.0,0.0,7.0,7.0,36.0,91.0,0.0,9.0,0.0,0.0,0.0,0.0,0.0,0.0,0.0,0.0
267,13,5674,4545,4812.0,4603,7671,3370,2586,1160,3156,929,1700,1762,5613,1584,2603,3006,1021,595,840,354,412.0,391,1091,11502,1537,972,28.0,60.0,386,812,2544,382,1032,167.0,290,94.0,608,1286,7.0,174.0,7.0,19.0,10.0,183,333,87.0,222,1151,209,44.0,452,86.0,26.0,1540,262,196,88,15.0,32.0,102.0,30.0,44.0,13.0,82,42,38.0,0.0,103.0,117.0,11.0,12.0,17.0,17.0,78,414,1.0,160.0,93.0,392,162,78,48.0,32.0,45.0,17.0,371.0,334.0,56.0,139,117.0,65.0,296.0,42.0,69.0,59.0,171.0,38.0,114.0,24.0,19.0,0.0,38.0,14.0,4.0,14.0,29.0,44.0,24.0,26.0,21.0,36.0,49.0,40.0,9.0,200.0,153.0,0.0,0.0,75,103.0,86.0,4.0,27.0,53.0,6.0,12.0,27.0,2.0,2.0,4.0,5.0,20.0,6.0,0.0,0.0,60.0,6.0,2.0,5.0,80.0,11.0,12.0,23.0,8.0,0.0,35.0,0.0,1.0,12.0,0.0,2.0,4.0,11.0,1.0,0.0,3.0,0.0,0.0,48.0,0.0,0.0,1.0,0.0,1.0,2.0,7.0,10.0,13.0,0.0,0.0,0.0,30.0,18.0,0.0,3.0,0.0,25.0,0.0,0.0,0.0,0.0,8.0,0.0,0.0,0.0,0.0,2.0,10.0,0.0,0.0,5.0,0.0,0.0,0.0,0.0,0.0,0.0,6.0,2.0,0.0,2.0,0.0,0.0,2.0,0.0,1.0,0.0
277,5337,30420,24641,25193.0,27544,47170,22066,15711,6222,15633,3055,5124,11031,66725,8285,18034,18232,10789,3174,5109,1367,1703.0,1000,2745,73011,13730,5614,621.0,1357.0,4066,5759,8577,2032,6711,351.0,1661,405.0,14496,464,13.0,926.0,43.0,44.0,17.0,770,655,217.0,1449,27890,779,99.0,2769,160.0,2872.0,6898,1269,829,483,88.0,238.0,1035.0,92.0,239.0,61.0,234,126,86.0,25.0,657.0,618.0,22.0,2996.0,4615.0,358.0,447,1983,4.0,525.0,296.0,2033,749,672,938.0,114.0,71.0,27.0,892.0,2522.0,653.0,634,325.0,298.0,707.0,1644.0,100.0,340.0,300.0,186.0,303.0,140.0,42.0,18.0,494.0,24.0,15.0,57.0,111.0,60.0,59.0,157.0,47.0,109.0,77.0,301.0,12.0,492.0,520.0,12.0,16.0,314,175.0,293.0,12.0,46.0,151.0,84.0,17.0,5373.0,37.0,6.0,7.0,32.0,37.0,11.0,2.0,28.0,233.0,15.0,5.0,46.0,156.0,34.0,52.0,46.0,19.0,25.0,107.0,4.0,6.0,35.0,2.0,26.0,5.0,45.0,8.0,5.0,4.0,13.0,21.0,334.0,9.0,7.0,4.0,1.0,18.0,6.0,29.0,16.0,42.0,3.0,19.0,39.0,57.0,73.0,2.0,10.0,3.0,37.0,3.0,0.0,0.0,14.0,23.0,9.0,10.0,6.0,8.0,6.0,21.0,1.0,0.0,6.0,8.0,0.0,0.0,0.0,3.0,6.0,10.0,2.0,0.0,2.0,0.0,0.0,2.0,0.0,1.0,0.0
283,47873,32007,33329,0.0,31372,63606,28272,19655,9480,20083,3127,4727,14239,78504,10217,24581,21860,14724,3760,6303,1968,2498.0,1460,4443,89649,17326,6256,911.0,1936.0,6248,7822,7939,2966,8335,516.0,2165,570.0,16019,2563,18.0,1853.0,37.0,43.0,20.0,1181,789,275.0,1796,31028,1506,146.0,2463,359.0,1544.0,8589,1725,1391,897,182.0,294.0,1354.0,219.0,512.0,95.0,464,156,133.0,122.0,792.0,484.0,23.0,3013.0,4765.0,284.0,447,2854,34.0,1053.0,425.0,3151,1074,1075,1325.0,257.0,185.0,48.0,981.0,2371.0,715.0,679,552.0,443.0,653.0,1763.0,155.0,484.0,271.0,199.0,459.0,227.0,58.0,48.0,649.0,12.0,13.0,160.0,201.0,60.0,97.0,66.0,70.0,191.0,144.0,350.0,14.0,561.0,674.0,33.0,57.0,751,344.0,589.0,40.0,20.0,241.0,192.0,16.0,5356.0,52.0,4.0,21.0,35.0,56.0,10.0,5.0,49.0,386.0,44.0,21.0,10.0,307.0,109.0,83.0,72.0,33.0,18.0,97.0,22.0,29.0,43.0,8.0,47.0,13.0,60.0,13.0,22.0,1.0,27.0,35.0,462.0,5.0,3.0,8.0,2.0,7.0,6.0,34.0,7.0,48.0,4.0,26.0,34.0,69.0,42.0,4.0,14.0,8.0,56.0,21.0,1.0,1.0,3.0,30.0,50.0,41.0,7.0,34.0,2.0,2.0,4.0,0.0,1.0,10.0,10.0,0.0,1.0,6.0,8.0,5.0,6.0,4.0,0.0,1.0,0.0,2.0,1.0,0.0,1.0
285,20601,26014,25794,28585.0,24653,58946,24530,16928,8066,15925,2571,5396,11750,37465,9201,16739,17818,9710,2869,3644,1487,2134.0,1306,5155,77393,12046,3443,573.0,1179.0,3117,4708,12957,3432,6643,603.0,1641,335.0,4624,2321,32.0,689.0,35.0,22.0,38.0,1425,910,438.0,2004,7849,1221,210.0,3558,355.0,455.0,3220,1054,1071,475,68.0,1124.0,699.0,165.0,276.0,110.0,442,96,134.0,33.0,646.0,561.0,25.0,25.0,94.0,265.0,364,2594,20.0,489.0,147.0,2394,604,1387,1257.0,146.0,105.0,46.0,1082.0,17428.0,6592.0,4129,616.0,313.0,584.0,125.0,238.0,231.0,79.0,237.0,461.0,96.0,64.0,92.0,274.0,17.0,29.0,204.0,93.0,43.0,66.0,266.0,98.0,58.0,60.0,113.0,27.0,1916.0,401.0,10.0,14.0,354,648.0,790.0,69.0,130.0,130.0,300.0,55.0,44.0,207.0,7.0,25.0,39.0,86.0,22.0,6.0,167.0,253.0,41.0,105.0,41.0,100.0,89.0,40.0,45.0,13.0,42.0,278.0,17.0,29.0,31.0,1.0,49.0,5.0,104.0,11.0,26.0,8.0,4.0,7.0,221.0,3.0,8.0,39.0,16.0,12.0,2.0,19.0,29.0,40.0,2.0,33.0,60.0,159.0,244.0,20.0,26.0,42.0,13.0,73.0,7.0,0.0,1.0,17.0,16.0,18.0,6.0,13.0,1.0,3.0,2.0,4.0,6.0,2.0,11.0,0.0,0.0,73.0,236.0,4.0,1.0,2.0,0.0,0.0,0.0,11.0,7.0,2.0,6.0
291,16047,15546,13870,12166.0,14954,27923,13547,8709,4093,8455,1090,1889,7404,53522,4314,10772,9637,8752,1779,2242,449,929.0,277,1593,40934,8841,2881,575.0,1205.0,3024,3951,4487,1609,4440,179.0,647,163.0,13851,803,9.0,622.0,25.0,24.0,11.0,487,391,104.0,771,26544,543,57.0,1345,114.0,566.0,2506,817,342,165,25.0,336.0,386.0,37.0,90.0,30.0,132,53,53.0,38.0,304.0,268.0,12.0,2993.0,4597.0,172.0,232,1233,8.0,248.0,100.0,1233,438,443,638.0,92.0,73.0,45.0,197.0,3225.0,1509.0,838,210.0,437.0,189.0,1595.0,33.0,304.0,58.0,107.0,1022.0,50.0,431.0,45.0,497.0,4.0,12.0,58.0,36.0,10.0,30.0,55.0,47.0,37.0,25.0,267.0,2.0,583.0,401.0,21.0,28.0,136,511.0,346.0,18.0,11.0,79.0,21.0,6.0,5321.0,21.0,1.0,5.0,13.0,7.0,3.0,3.0,10.0,147.0,37.0,30.0,7.0,80.0,32.0,17.0,20.0,9.0,9.0,53.0,6.0,9.0,11.0,1.0,13.0,0.0,29.0,2.0,11.0,1.0,3.0,10.0,297.0,4.0,6.0,9.0,2.0,3.0,2.0,9.0,5.0,7.0,1.0,4.0,5.0,36.0,12.0,5.0,20.0,7.0,10.0,4.0,1.0,1.0,1.0,7.0,16.0,16.0,2.0,9.0,113.0,18.0,0.0,0.0,0.0,3.0,0.0,0.0,0.0,3.0,6.0,5.0,1.0,0.0,0.0,0.0,0.0,0.0,0.0,0.0,0.0
293,3277,2315,3047,2573.0,1965,5497,1897,1518,731,1833,254,296,1147,2908,1200,2035,1802,1278,349,399,177,132.0,250,412,6540,1593,520,33.0,83.0,312,386,427,215,1075,19.0,120,42.0,269,140,4.0,45.0,0.0,0.0,1.0,61,114,28.0,138,393,440,13.0,210,13.0,10.0,332,105,60,14,4.0,119.0,44.0,5.0,17.0,3.0,22,10,0.0,0.0,37.0,29.0,4.0,3.0,5.0,12.0,27,169,1.0,38.0,17.0,159,89,77,324.0,4.0,14.0,19.0,71.0,781.0,354.0,166,24.0,22.0,29.0,25.0,21.0,24.0,26.0,9.0,28.0,6.0,2.0,0.0,24.0,0.0,2.0,3.0,11.0,2.0,8.0,25.0,12.0,12.0,2.0,9.0,0.0,55.0,122.0,0.0,0.0,8,28.0,27.0,3.0,0.0,20.0,73.0,0.0,11.0,16.0,0.0,0.0,1.0,3.0,1.0,0.0,14.0,43.0,24.0,5.0,1.0,16.0,4.0,7.0,0.0,4.0,0.0,8.0,1.0,0.0,0.0,0.0,1.0,0.0,1.0,0.0,0.0,1.0,0.0,2.0,26.0,0.0,0.0,5.0,0.0,8.0,1.0,2.0,1.0,3.0,0.0,4.0,2.0,3.0,9.0,0.0,0.0,4.0,4.0,1.0,0.0,0.0,0.0,2.0,0.0,0.0,0.0,0.0,0.0,0.0,0.0,0.0,0.0,0.0,0.0,0.0,0.0,0.0,0.0,0.0,2.0,0.0,0.0,0.0,0.0,0.0,0.0,4.0,0.0
303,36667,33382,28373,33930.0,35310,60481,23228,15100,6724,17667,3628,6970,13710,71232,9629,22818,19569,15169,3393,5671,1328,2058.0,1024,2545,84338,14471,5224,838.0,1865.0,4838,6035,9642,2326,8700,263.0,1940,503.0,14628,2647,7.0,819.0,42.0,19.0,17.0,823,411,155.0,1403,27895,655,209.0,2905,394.0,574.0,4846,1051,944,557,81.0,645.0,1460.0,120.0,288.0,76.0,223,124,86.0,79.0,809.0,609.0,9.0,2998.0,4649.0,507.0,508,1923,15.0,551.0,206.0,2139,678,1069,1103.0,166.0,86.0,70.0,445.0,8030.0,2219.0,1798,268.0,490.0,322.0,1624.0,46.0,316.0,322.0,167.0,173.0,175.0,41.0,24.0,478.0,3.0,17.0,83.0,87.0,34.0,74.0,143.0,84.0,86.0,74.0,246.0,8.0,323.0,384.0,13.0,22.0,143,384.0,227.0,27.0,76.0,125.0,37.0,25.0,5328.0,35.0,8.0,12.0,42.0,31.0,7.0,2.0,36.0,236.0,57.0,18.0,11.0,107.0,34.0,67.0,192.0,34.0,12.0,220.0,19.0,18.0,49.0,3.0,59.0,2.0,44.0,78.0,13.0,1.0,39.0,52.0,315.0,0.0,2.0,17.0,4.0,10.0,4.0,23.0,11.0,33.0,5.0,24.0,47.0,55.0,49.0,4.0,9.0,8.0,18.0,19.0,3.0,1.0,17.0,14.0,51.0,50.0,1.0,8.0,10.0,36.0,4.0,1.0,0.0,8.0,7.0,0.0,0.0,3.0,6.0,4.0,1.0,6.0,0.0,0.0,0.0,0.0,0.0,0.0,2.0
318,3937,7895,8159,9977.0,5505,14900,6441,5876,2118,4854,788,1281,2871,9500,1298,4818,5473,2679,426,1030,617,670.0,555,1554,21542,2525,1017,176.0,374.0,1027,1483,3052,951,1903,338.0,379,91.0,1870,300,26.0,242.0,34.0,19.0,13.0,311,392,315.0,357,2685,135,143.0,871,491.0,106.0,1278,480,352,210,12.0,164.0,104.0,24.0,69.0,14.0,106,97,73.0,155.0,81.0,316.0,11.0,4.0,21.0,70.0,173,887,3.0,127.0,42.0,624,207,189,646.0,35.0,10.0,2.0,288.0,1641.0,502.0,474,114.0,68.0,346.0,35.0,84.0,52.0,52.0,25.0,133.0,34.0,27.0,2.0,79.0,0.0,15.0,65.0,24.0,13.0,9.0,9.0,10.0,13.0,10.0,24.0,7.0,136.0,148.0,62.0,208.0,212,108.0,95.0,5.0,54.0,40.0,57.0,25.0,1.0,48.0,1.0,3.0,10.0,27.0,14.0,1.0,16.0,44.0,3.0,4.0,7.0,19.0,5.0,32.0,23.0,6.0,15.0,51.0,2.0,2.0,11.0,0.0,6.0,8.0,8.0,2.0,2.0,0.0,0.0,4.0,103.0,0.0,2.0,9.0,3.0,0.0,13.0,3.0,2.0,2.0,0.0,18.0,20.0,48.0,9.0,2.0,6.0,24.0,6.0,13.0,0.0,0.0,0.0,7.0,90.0,0.0,1.0,0.0,10.0,2.0,1.0,0.0,0.0,1.0,0.0,0.0,0.0,12.0,33.0,1.0,0.0,0.0,6.0,0.0,0.0,0.0,0.0,0.0,1.0
319,28368,28756,29680,29791.0,27772,55885,25347,17525,9099,18926,2157,4494,14651,77237,11773,20006,19239,14325,4296,4174,1847,2177.0,1069,3949,83838,14410,5768,1015.0,2164.0,5512,6790,8605,3522,7768,484.0,1701,465.0,16874,1309,10.0,1243.0,52.0,28.0,11.0,1304,627,269.0,1554,31343,627,359.0,3486,494.0,1069.0,5478,1138,955,507,112.0,484.0,1114.0,172.0,281.0,125.0,448,137,155.0,60.0,798.0,408.0,9.0,2994.0,4634.0,245.0,330,2757,21.0,729.0,224.0,2571,732,820,1095.0,227.0,87.0,63.0,441.0,5715.0,1835.0,1429,460.0,633.0,387.0,1591.0,63.0,330.0,131.0,310.0,1043.0,191.0,438.0,54.0,523.0,9.0,53.0,1096.0,144.0,87.0,101.0,189.0,108.0,111.0,107.0,277.0,20.0,413.0,485.0,16.0,50.0,335,558.0,444.0,29.0,72.0,238.0,208.0,32.0,5338.0,107.0,12.0,47.0,45.0,111.0,14.0,9.0,70.0,218.0,36.0,23.0,47.0,244.0,96.0,71.0,77.0,26.0,17.0,158.0,28.0,47.0,46.0,2.0,41.0,5.0,71.0,49.0,15.0,0.0,10.0,27.0,350.0,0.0,0.0,24.0,21.0,21.0,2.0,31.0,18.0,43.0,4.0,31.0,39.0,211.0,86.0,8.0,50.0,14.0,57.0,17.0,7.0,0.0,4.0,13.0,23.0,17.0,2.0,12.0,123.0,36.0,41.0,2.0,0.0,8.0,5.0,0.0,0.0,12.0,24.0,4.0,0.0,0.0,1.0,0.0,0.0,1.0,3.0,0.0,0.0
320,5437,6570,6286,3257.0,4072,9765,6030,3950,1879,3442,417,467,2771,9817,1828,5137,4017,2671,642,608,253,505.0,260,1071,16563,2126,593,91.0,205.0,790,2057,1327,863,1734,123.0,227,63.0,1386,427,8.0,191.0,0.0,20.0,10.0,219,258,60.0,458,2577,330,24.0,329,94.0,305.0,1083,466,116,59,11.0,120.0,79.0,18.0,73.0,13.0,85,5,20.0,9.0,77.0,117.0,13.0,18.0,72.0,51.0,92,985,9.0,336.0,134.0,954,390,128,352.0,110.0,73.0,61.0,179.0,1582.0,1310.0,402,149.0,36.0,116.0,65.0,24.0,54.0,78.0,67.0,155.0,31.0,24.0,1.0,33.0,5.0,6.0,15.0,19.0,22.0,48.0,21.0,63.0,43.0,37.0,15.0,4.0,31.0,40.0,21.0,28.0,124,248.0,289.0,20.0,13.0,85.0,82.0,7.0,21.0,10.0,2.0,3.0,7.0,19.0,7.0,2.0,16.0,214.0,49.0,17.0,4.0,75.0,40.0,18.0,19.0,13.0,8.0,28.0,4.0,1.0,5.0,1.0,0.0,4.0,7.0,2.0,0.0,2.0,3.0,16.0,3.0,4.0,5.0,9.0,0.0,1.0,3.0,0.0,2.0,10.0,0.0,2.0,3.0,18.0,15.0,0.0,0.0,11.0,5.0,2.0,0.0,1.0,1.0,7.0,14.0,1.0,1.0,1.0,0.0,0.0,1.0,0.0,0.0,0.0,0.0,0.0,0.0,0.0,0.0,0.0,2.0,0.0,0.0,0.0,0.0,0.0,0.0,0.0,0.0
346,49,2133,2505,3257.0,1959,6257,1577,1375,534,1699,288,369,1181,2784,912,1562,1498,868,223,1160,156,104.0,81,174,7964,1430,849,76.0,152.0,407,451,353,130,473,22.0,148,27.0,232,250,0.0,18.0,1.0,0.0,0.0,127,17,16.0,68,232,130,8.0,275,10.0,124.0,534,177,82,56,17.0,24.0,87.0,1.0,26.0,6.0,19,12,6.0,0.0,81.0,33.0,0.0,0.0,12.0,3.0,19,275,0.0,32.0,16.0,150,63,75,21.0,5.0,0.0,2.0,80.0,338.0,35.0,88,16.0,13.0,28.0,9.0,9.0,15.0,10.0,9.0,19.0,20.0,0.0,0.0,13.0,0.0,1.0,62.0,11.0,0.0,2.0,1.0,4.0,10.0,3.0,14.0,0.0,32.0,53.0,0.0,0.0,16,0.0,4.0,3.0,0.0,8.0,0.0,0.0,0.0,0.0,2.0,2.0,0.0,4.0,0.0,0.0,0.0,15.0,0.0,0.0,1.0,2.0,0.0,10.0,2.0,0.0,2.0,0.0,11.0,0.0,0.0,0.0,0.0,0.0,2.0,0.0,0.0,0.0,0.0,0.0,7.0,0.0,0.0,0.0,0.0,1.0,0.0,0.0,0.0,3.0,0.0,2.0,4.0,0.0,2.0,0.0,0.0,0.0,3.0,0.0,0.0,0.0,0.0,0.0,0.0,0.0,0.0,0.0,0.0,0.0,0.0,0.0,0.0,0.0,0.0,0.0,0.0,0.0,0.0,0.0,0.0,0.0,0.0,0.0,0.0,0.0,0.0,0.0,0.0
348,14620,11845,8856,9939.0,13521,19011,8089,5209,1892,5825,882,1594,4306,44850,2449,7488,7052,5252,1282,2178,556,650.0,314,673,29442,6737,2653,322.0,700.0,2543,2223,4433,465,2589,76.0,710,170.0,12546,281,1.0,625.0,27.0,13.0,6.0,250,121,38.0,427,24342,120,10.0,1340,10.0,83.0,2408,315,304,163,21.0,132.0,468.0,55.0,53.0,15.0,67,38,35.0,22.0,292.0,275.0,5.0,2975.0,4552.0,196.0,192,483,1.0,71.0,24.0,511,114,305,420.0,18.0,7.0,1.0,312.0,1612.0,701.0,341,60.0,432.0,428.0,1542.0,65.0,253.0,21.0,68.0,50.0,62.0,18.0,2.0,446.0,0.0,22.0,6.0,22.0,6.0,15.0,114.0,5.0,14.0,2.0,196.0,2.0,441.0,398.0,0.0,0.0,57,127.0,44.0,3.0,25.0,52.0,2.0,20.0,5313.0,2.0,0.0,0.0,12.0,25.0,3.0,1.0,6.0,33.0,8.0,15.0,3.0,13.0,3.0,14.0,29.0,3.0,6.0,73.0,2.0,17.0,16.0,2.0,20.0,0.0,32.0,5.0,10.0,0.0,10.0,16.0,317.0,0.0,16.0,1.0,0.0,4.0,2.0,0.0,7.0,9.0,1.0,12.0,29.0,64.0,28.0,11.0,21.0,0.0,8.0,2.0,0.0,0.0,0.0,7.0,9.0,9.0,1.0,20.0,0.0,0.0,0.0,0.0,1.0,8.0,0.0,0.0,0.0,3.0,6.0,4.0,0.0,0.0,0.0,0.0,0.0,0.0,0.0,0.0,0.0
350,9801,8596,6946,8517.0,9562,14759,6572,4436,1511,4591,508,568,3374,43429,1785,6130,5167,3656,690,1305,183,466.0,184,635,24607,4330,1939,213.0,464.0,1711,1989,3374,394,1822,107.0,379,101.0,12455,338,1.0,338.0,6.0,14.0,10.0,177,184,42.0,325,24348,96,58.0,1047,125.0,134.0,1578,300,239,109,13.0,156.0,255.0,31.0,51.0,11.0,71,19,32.0,20.0,156.0,183.0,8.0,2987.0,4566.0,121.0,144,714,3.0,187.0,77.0,621,283,233,217.0,40.0,21.0,19.0,290.0,1669.0,896.0,369,100.0,333.0,400.0,1559.0,62.0,257.0,17.0,46.0,68.0,54.0,19.0,2.0,444.0,0.0,19.0,13.0,20.0,9.0,14.0,87.0,18.0,33.0,14.0,200.0,3.0,445.0,404.0,0.0,0.0,76,182.0,108.0,5.0,25.0,65.0,13.0,20.0,5310.0,21.0,3.0,2.0,4.0,26.0,10.0,2.0,12.0,131.0,24.0,21.0,3.0,51.0,5.0,8.0,26.0,3.0,8.0,60.0,2.0,17.0,13.0,1.0,15.0,0.0,24.0,1.0,10.0,0.0,1.0,6.0,318.0,0.0,16.0,1.0,2.0,0.0,0.0,3.0,6.0,15.0,1.0,14.0,25.0,54.0,17.0,11.0,21.0,0.0,6.0,2.0,1.0,0.0,0.0,5.0,8.0,8.0,1.0,13.0,0.0,0.0,0.0,0.0,1.0,3.0,0.0,0.0,0.0,4.0,8.0,4.0,0.0,0.0,0.0,0.0,0.0,0.0,0.0,0.0,0.0
354,22003,19829,15363,14884.0,20421,31309,14863,9755,4094,9787,1448,2660,7340,56092,4587,13159,11678,8760,2074,3134,813,1163.0,474,1381,48446,9710,3650,633.0,1384.0,3779,4444,5467,1031,4559,164.0,1087,324.0,13791,468,4.0,622.0,40.0,15.0,9.0,488,285,77.0,882,26498,248,47.0,1835,112.0,438.0,3632,736,453,327,32.0,301.0,1030.0,64.0,97.0,28.0,126,63,34.0,22.0,516.0,413.0,17.0,2996.0,4604.0,329.0,313,1379,8.0,298.0,122.0,1603,435,551,700.0,119.0,56.0,42.0,204.0,3221.0,1431.0,815,228.0,235.0,160.0,1597.0,21.0,275.0,58.0,146.0,194.0,109.0,37.0,4.0,383.0,3.0,8.0,41.0,36.0,19.0,46.0,80.0,63.0,37.0,23.0,237.0,6.0,550.0,331.0,21.0,28.0,133,276.0,277.0,14.0,19.0,88.0,13.0,12.0,5325.0,11.0,12.0,7.0,26.0,4.0,3.0,2.0,7.0,160.0,34.0,20.0,6.0,62.0,24.0,23.0,11.0,6.0,9.0,38.0,8.0,0.0,10.0,2.0,14.0,0.0,29.0,5.0,3.0,1.0,17.0,27.0,276.0,4.0,4.0,1.0,0.0,6.0,3.0,7.0,7.0,15.0,1.0,17.0,15.0,16.0,30.0,0.0,1.0,0.0,7.0,2.0,0.0,0.0,15.0,8.0,9.0,9.0,1.0,9.0,1.0,1.0,2.0,0.0,0.0,8.0,0.0,0.0,0.0,3.0,6.0,4.0,0.0,0.0,0.0,0.0,0.0,0.0,0.0,0.0,0.0
359,30724,28455,21435,20518.0,26145,43731,21062,13731,5833,13601,2204,4314,10468,65739,5875,18176,16411,12278,2565,4951,1161,1704.0,882,2288,67695,13487,5008,1029.0,2258.0,5152,6103,7648,1707,6555,261.0,1655,455.0,15083,499,7.0,820.0,41.0,19.0,14.0,761,497,122.0,1382,28624,330,50.0,2436,156.0,627.0,4744,1262,779,501,57.0,431.0,1345.0,85.0,206.0,77.0,244,88,113.0,41.0,844.0,550.0,25.0,3001.0,4626.0,478.0,441,2151,20.0,539.0,157.0,2210,596,928,973.0,158.0,161.0,65.0,293.0,6207.0,2863.0,1458,372.0,277.0,317.0,1628.0,51.0,323.0,91.0,181.0,287.0,170.0,53.0,21.0,437.0,6.0,12.0,95.0,91.0,27.0,72.0,229.0,99.0,49.0,54.0,241.0,8.0,351.0,386.0,33.0,41.0,177,402.0,422.0,19.0,155.0,165.0,23.0,76.0,5330.0,15.0,7.0,5.0,24.0,30.0,11.0,2.0,22.0,175.0,101.0,17.0,33.0,115.0,36.0,70.0,42.0,44.0,15.0,101.0,10.0,39.0,21.0,3.0,39.0,1.0,62.0,24.0,57.0,2.0,24.0,30.0,339.0,10.0,12.0,6.0,0.0,16.0,5.0,10.0,12.0,29.0,2.0,8.0,11.0,69.0,77.0,21.0,34.0,5.0,13.0,6.0,0.0,0.0,12.0,19.0,26.0,29.0,2.0,8.0,8.0,25.0,0.0,0.0,0.0,8.0,7.0,0.0,0.0,3.0,6.0,4.0,2.0,1.0,0.0,0.0,0.0,3.0,2.0,1.0,2.0
364,16347,15177,12955,14530.0,15859,24822,12266,8491,3733,8469,1074,2015,5907,52682,4357,10576,9642,6401,2116,2161,950,1127.0,532,1442,39635,8047,3229,467.0,1010.0,2731,3562,4882,858,3429,149.0,843,214.0,13184,220,4.0,661.0,31.0,15.0,9.0,448,255,89.0,619,25667,239,61.0,1639,143.0,413.0,2808,696,413,237,26.0,280.0,552.0,53.0,81.0,29.0,128,67,35.0,41.0,369.0,301.0,14.0,2991.0,4597.0,205.0,239,1202,9.0,263.0,122.0,1238,493,323,475.0,100.0,50.0,40.0,211.0,2598.0,1322.0,706,203.0,326.0,208.0,1589.0,20.0,284.0,55.0,120.0,189.0,68.0,45.0,5.0,381.0,3.0,15.0,72.0,50.0,8.0,34.0,58.0,50.0,37.0,18.0,236.0,3.0,301.0,327.0,21.0,28.0,122,390.0,260.0,13.0,6.0,83.0,17.0,4.0,5317.0,21.0,3.0,6.0,23.0,5.0,6.0,3.0,8.0,187.0,31.0,20.0,5.0,61.0,20.0,17.0,13.0,6.0,10.0,40.0,6.0,2.0,9.0,2.0,17.0,0.0,31.0,7.0,4.0,1.0,15.0,21.0,282.0,4.0,4.0,1.0,2.0,8.0,2.0,4.0,8.0,29.0,1.0,15.0,19.0,20.0,26.0,1.0,3.0,0.0,8.0,4.0,1.0,0.0,2.0,7.0,17.0,17.0,2.0,9.0,0.0,0.0,0.0,0.0,0.0,8.0,0.0,0.0,0.0,4.0,8.0,4.0,0.0,0.0,0.0,0.0,0.0,0.0,0.0,0.0,0.0
397,4194,10182,8572,12375.0,8072,17564,6218,5417,2352,6227,1572,1926,3997,11884,2658,5069,5225,2403,928,1089,542,478.0,551,2049,24371,2151,2428,516.0,1092.0,1148,1124,6706,761,1638,272.0,478,43.0,1381,448,10.0,237.0,19.0,50.0,18.0,368,749,136.0,330,1852,346,89.0,1309,218.0,147.0,902,331,337,134,41.0,614.0,220.0,32.0,91.0,42.0,177,36,21.0,2.0,182.0,116.0,22.0,6.0,14.0,23.0,83,1046,13.0,390.0,193.0,777,497,482,73.0,56.0,85.0,48.0,1170.0,5310.0,1535.0,1200,150.0,93.0,564.0,58.0,120.0,152.0,393.0,68.0,183.0,8.0,50.0,0.0,118.0,12.0,17.0,127.0,29.0,46.0,34.0,75.0,78.0,66.0,66.0,49.0,11.0,1713.0,281.0,1.0,2.0,83,220.0,189.0,4.0,0.0,93.0,47.0,0.0,8.0,24.0,2.0,5.0,5.0,11.0,10.0,0.0,66.0,205.0,29.0,20.0,14.0,106.0,9.0,21.0,18.0,9.0,14.0,14.0,3.0,0.0,4.0,0.0,5.0,7.0,8.0,2.0,0.0,12.0,0.0,0.0,77.0,0.0,0.0,9.0,0.0,2.0,8.0,13.0,7.0,23.0,3.0,14.0,11.0,20.0,14.0,0.0,3.0,8.0,62.0,8.0,0.0,0.0,1.0,0.0,1.0,1.0,0.0,0.0,1.0,4.0,2.0,1.0,7.0,0.0,8.0,0.0,0.0,16.0,18.0,0.0,2.0,0.0,2.0,0.0,0.0,0.0,0.0,1.0,0.0
431,63,4642,5344,6355.0,3837,12285,3431,3259,1154,3709,539,605,2855,7399,1598,3918,2751,1915,399,1360,336,236.0,197,466,17789,2755,1377,136.0,278.0,651,742,1325,243,1041,55.0,304,49.0,576,301,0.0,49.0,1.0,0.0,1.0,265,59,37.0,136,506,225,15.0,586,19.0,130.0,856,253,205,149,37.0,9.0,224.0,3.0,60.0,9.0,47,40,5.0,0.0,171.0,72.0,0.0,0.0,17.0,8.0,40,524,0.0,80.0,25.0,335,195,115,78.0,5.0,0.0,2.0,176.0,651.0,132.0,213,43.0,26.0,55.0,28.0,23.0,46.0,29.0,23.0,48.0,27.0,7.0,0.0,36.0,0.0,6.0,59.0,22.0,6.0,2.0,7.0,5.0,14.0,3.0,60.0,2.0,274.0,145.0,0.0,0.0,14,8.0,8.0,3.0,0.0,13.0,23.0,0.0,0.0,31.0,2.0,7.0,1.0,7.0,1.0,0.0,7.0,20.0,0.0,0.0,5.0,3.0,2.0,15.0,2.0,2.0,3.0,4.0,11.0,0.0,3.0,0.0,0.0,2.0,0.0,0.0,0.0,0.0,0.0,0.0,34.0,0.0,0.0,8.0,0.0,0.0,0.0,20.0,4.0,14.0,0.0,4.0,6.0,5.0,1.0,0.0,1.0,9.0,8.0,0.0,0.0,0.0,4.0,0.0,0.0,0.0,0.0,0.0,0.0,0.0,0.0,0.0,1.0,0.0,0.0,0.0,0.0,0.0,0.0,0.0,0.0,0.0,0.0,0.0,0.0,0.0,0.0,0.0,0.0
458,49,2220,2614,3342.0,2053,6455,1622,1415,562,1775,305,382,1244,2920,946,1639,1547,908,232,1146,160,105.0,82,179,8195,1472,858,76.0,152.0,432,457,362,130,493,22.0,152,31.0,246,270,0.0,18.0,1.0,0.0,0.0,126,20,17.0,73,236,134,9.0,270,11.0,124.0,539,180,85,58,17.0,25.0,88.0,1.0,28.0,6.0,20,12,6.0,0.0,82.0,38.0,0.0,0.0,12.0,3.0,19,282,0.0,32.0,16.0,155,64,76,23.0,5.0,0.0,2.0,82.0,340.0,35.0,92,17.0,13.0,29.0,9.0,9.0,15.0,10.0,9.0,19.0,23.0,0.0,0.0,13.0,0.0,1.0,62.0,13.0,0.0,2.0,1.0,4.0,10.0,3.0,14.0,0.0,32.0,53.0,0.0,0.0,16,0.0,4.0,3.0,0.0,7.0,1.0,0.0,0.0,0.0,2.0,2.0,0.0,4.0,0.0,0.0,0.0,15.0,0.0,0.0,1.0,2.0,0.0,10.0,2.0,0.0,2.0,0.0,11.0,0.0,0.0,0.0,0.0,0.0,2.0,0.0,0.0,0.0,0.0,0.0,7.0,0.0,0.0,0.0,0.0,1.0,0.0,0.0,0.0,3.0,0.0,2.0,4.0,0.0,2.0,0.0,0.0,0.0,3.0,0.0,0.0,0.0,0.0,0.0,0.0,0.0,0.0,0.0,0.0,0.0,0.0,0.0,0.0,0.0,0.0,0.0,0.0,0.0,0.0,0.0,0.0,0.0,0.0,0.0,0.0,0.0,0.0,0.0,0.0
474,18991,17583,14831,16261.0,20004,31397,13041,8691,3531,9793,1240,2097,7458,55097,4914,12531,10590,7654,2060,2859,833,1028.0,502,1460,47177,8957,3875,687.0,1455.0,3240,3669,4828,916,3908,159.0,929,223.0,13583,393,3.0,542.0,30.0,32.0,9.0,491,366,95.0,705,26239,345,84.0,1728,132.0,272.0,3164,608,494,237,39.0,254.0,560.0,47.0,151.0,49.0,121,55,45.0,22.0,367.0,379.0,16.0,2992.0,4598.0,232.0,273,1228,10.0,387.0,203.0,1212,558,441,512.0,132.0,58.0,44.0,266.0,2819.0,1327.0,686,197.0,192.0,285.0,1572.0,36.0,275.0,32.0,155.0,121.0,117.0,34.0,10.0,482.0,6.0,19.0,35.0,44.0,27.0,52.0,129.0,69.0,53.0,29.0,234.0,6.0,351.0,389.0,11.0,19.0,123,177.0,219.0,17.0,15.0,70.0,9.0,12.0,5323.0,16.0,3.0,4.0,20.0,17.0,3.0,2.0,12.0,203.0,32.0,15.0,46.0,70.0,20.0,31.0,34.0,15.0,13.0,51.0,8.0,9.0,18.0,2.0,18.0,1.0,33.0,5.0,6.0,2.0,10.0,16.0,309.0,6.0,6.0,1.0,3.0,11.0,26.0,9.0,8.0,12.0,2.0,10.0,17.0,57.0,39.0,0.0,10.0,0.0,12.0,4.0,4.0,0.0,0.0,13.0,10.0,10.0,5.0,8.0,0.0,0.0,0.0,2.0,0.0,8.0,0.0,0.0,0.0,3.0,6.0,4.0,0.0,0.0,0.0,0.0,0.0,0.0,0.0,0.0,0.0
536,5221,27494,27799,21515.0,29215,47665,24815,14760,8349,17755,3181,5592,10319,67013,8550,17951,18740,12105,4280,4179,1548,2265.0,981,3747,67122,12621,4383,877.0,1896.0,5257,7121,10064,2469,5936,533.0,3059,831.0,15616,3791,13.0,1371.0,41.0,29.0,33.0,969,819,270.0,1788,30596,953,186.0,2049,317.0,793.0,7753,1454,1198,933,191.0,272.0,1265.0,233.0,638.0,121.0,524,206,167.0,127.0,752.0,518.0,36.0,3065.0,4575.0,304.0,450,2261,53.0,889.0,357.0,2599,1012,678,1174.0,286.0,134.0,45.0,1469.0,2261.0,677.0,610,641.0,186.0,514.0,1680.0,141.0,488.0,228.0,287.0,340.0,302.0,63.0,14.0,578.0,24.0,18.0,138.0,287.0,81.0,122.0,84.0,74.0,194.0,149.0,189.0,45.0,599.0,485.0,40.0,89.0,673,360.0,536.0,19.0,87.0,242.0,213.0,35.0,5342.0,87.0,15.0,31.0,32.0,75.0,19.0,16.0,66.0,360.0,44.0,21.0,16.0,273.0,137.0,101.0,49.0,29.0,26.0,111.0,24.0,0.0,54.0,6.0,32.0,11.0,32.0,11.0,12.0,3.0,12.0,38.0,386.0,11.0,6.0,69.0,21.0,9.0,6.0,46.0,9.0,110.0,6.0,44.0,57.0,56.0,37.0,2.0,5.0,13.0,54.0,40.0,7.0,11.0,29.0,21.0,44.0,31.0,15.0,46.0,18.0,37.0,11.0,1.0,10.0,7.0,15.0,0.0,0.0,30.0,48.0,2.0,2.0,4.0,0.0,0.0,0.0,2.0,1.0,1.0,0.0
539,720,830,1296,1702.0,1519,3553,777,448,182,874,64,64,1567,3308,121,804,390,649,43,333,14,51.0,28,100,4536,191,88,3.0,6.0,30,176,251,51,743,28.0,56,19.0,281,437,0.0,2.0,0.0,0.0,0.0,21,9,2.0,13,228,46,5.0,114,1.0,0.0,104,115,42,7,1.0,10.0,17.0,7.0,9.0,0.0,8,3,1.0,0.0,18.0,30.0,0.0,0.0,0.0,4.0,18,93,0.0,17.0,3.0,79,26,18,3.0,6.0,2.0,0.0,20.0,371.0,93.0,152,6.0,0.0,1.0,0.0,0.0,0.0,3.0,2.0,1.0,3.0,0.0,0.0,0.0,0.0,0.0,0.0,3.0,0.0,3.0,3.0,0.0,0.0,0.0,0.0,0.0,0.0,0.0,0.0,0.0,16,1.0,14.0,0.0,0.0,9.0,0.0,0.0,0.0,0.0,0.0,0.0,6.0,3.0,1.0,0.0,0.0,0.0,0.0,0.0,0.0,2.0,0.0,0.0,1.0,0.0,0.0,6.0,0.0,0.0,8.0,0.0,0.0,5.0,0.0,0.0,0.0,0.0,0.0,0.0,0.0,0.0,0.0,0.0,0.0,0.0,1.0,3.0,0.0,1.0,0.0,0.0,0.0,7.0,0.0,0.0,0.0,0.0,3.0,0.0,0.0,0.0,0.0,0.0,0.0,0.0,0.0,0.0,19.0,8.0,0.0,0.0,0.0,0.0,0.0,0.0,0.0,0.0,0.0,0.0,0.0,0.0,0.0,0.0,0.0,0.0,0.0,0.0,0.0
547,10376,10522,7629,5962.0,9724,15302,8954,5774,2176,4492,576,483,3886,46950,1619,7809,6093,4356,726,1357,233,635.0,166,823,26734,4882,1551,176.0,391.0,1746,3116,2716,646,2517,106.0,334,113.0,12934,336,4.0,336.0,2.0,15.0,8.0,267,292,49.0,506,25384,132,28.0,850,100.0,585.0,1677,485,181,86,11.0,199.0,269.0,10.0,43.0,15.0,98,17,28.0,19.0,179.0,216.0,14.0,2995.0,4601.0,135.0,186,944,17.0,330.0,138.0,1006,498,272,281.0,145.0,71.0,61.0,175.0,3122.0,1671.0,614,193.0,28.0,136.0,1581.0,12.0,250.0,58.0,88.0,169.0,39.0,19.0,4.0,362.0,3.0,2.0,22.0,10.0,7.0,49.0,44.0,68.0,29.0,27.0,199.0,2.0,266.0,271.0,21.0,29.0,139,296.0,337.0,27.0,6.0,84.0,5.0,4.0,5315.0,9.0,3.0,2.0,2.0,9.0,2.0,2.0,5.0,176.0,44.0,17.0,4.0,75.0,39.0,30.0,11.0,14.0,10.0,32.0,10.0,3.0,6.0,2.0,12.0,1.0,22.0,2.0,5.0,2.0,2.0,7.0,265.0,4.0,4.0,1.0,0.0,0.0,0.0,0.0,4.0,2.0,1.0,2.0,3.0,2.0,6.0,0.0,1.0,0.0,0.0,1.0,0.0,0.0,0.0,5.0,8.0,8.0,1.0,1.0,0.0,0.0,0.0,0.0,0.0,3.0,0.0,0.0,0.0,3.0,6.0,4.0,0.0,0.0,0.0,0.0,0.0,0.0,0.0,0.0,0.0
548,522,1004,962,1480.0,738,2577,800,643,188,695,76,105,641,810,371,620,487,305,183,494,58,31.0,15,115,3363,446,162,2.0,4.0,71,124,347,103,318,17.0,61,16.0,86,309,0.0,16.0,1.0,0.0,0.0,121,29,14.0,49,115,45,1.0,165,5.0,1.0,236,47,53,34,2.0,51.0,16.0,5.0,9.0,0.0,5,2,3.0,0.0,21.0,21.0,0.0,0.0,1.0,4.0,11,86,0.0,6.0,0.0,92,16,32,1.0,0.0,0.0,0.0,2.0,456.0,88.0,129,10.0,2.0,0.0,5.0,3.0,16.0,16.0,1.0,30.0,4.0,2.0,0.0,16.0,0.0,0.0,3.0,2.0,0.0,0.0,1.0,0.0,0.0,0.0,14.0,0.0,44.0,58.0,0.0,0.0,14,12.0,17.0,0.0,0.0,9.0,0.0,0.0,0.0,5.0,0.0,3.0,1.0,3.0,0.0,0.0,2.0,0.0,0.0,4.0,0.0,0.0,0.0,0.0,3.0,0.0,3.0,1.0,0.0,0.0,0.0,0.0,1.0,0.0,0.0,0.0,0.0,0.0,0.0,0.0,21.0,0.0,0.0,0.0,0.0,0.0,0.0,4.0,0.0,0.0,0.0,0.0,0.0,0.0,0.0,0.0,0.0,0.0,1.0,0.0,0.0,0.0,0.0,0.0,0.0,0.0,0.0,0.0,0.0,0.0,0.0,0.0,0.0,0.0,0.0,0.0,0.0,0.0,0.0,0.0,0.0,0.0,0.0,0.0,0.0,0.0,0.0,0.0,0.0
551,17021,15889,11923,11992.0,15864,24598,11719,7886,3184,7609,1094,1813,6068,51611,3060,10776,9320,6707,1523,2533,674,802.0,364,1087,39894,8124,3105,424.0,922.0,2974,3334,4104,803,3706,136.0,839,193.0,13346,416,10.0,549.0,25.0,12.0,15.0,421,326,68.0,691,25797,189,73.0,1545,150.0,451.0,2806,751,381,221,37.0,200.0,576.0,62.0,84.0,34.0,130,54,33.0,30.0,393.0,350.0,15.0,2985.0,4575.0,213.0,244,1170,5.0,307.0,90.0,1171,319,405,517.0,76.0,56.0,17.0,178.0,2495.0,1119.0,703,158.0,183.0,130.0,1565.0,16.0,217.0,51.0,124.0,142.0,68.0,29.0,2.0,369.0,0.0,6.0,57.0,41.0,15.0,43.0,60.0,56.0,33.0,34.0,200.0,5.0,266.0,271.0,10.0,10.0,122,169.0,217.0,7.0,8.0,89.0,5.0,10.0,5313.0,9.0,1.0,2.0,16.0,13.0,5.0,2.0,5.0,121.0,36.0,4.0,5.0,58.0,22.0,25.0,18.0,5.0,13.0,41.0,6.0,0.0,13.0,3.0,17.0,0.0,31.0,5.0,3.0,1.0,11.0,17.0,275.0,4.0,4.0,1.0,0.0,5.0,5.0,7.0,7.0,11.0,1.0,14.0,20.0,33.0,23.0,0.0,5.0,0.0,5.0,2.0,0.0,0.0,0.0,15.0,17.0,17.0,1.0,8.0,0.0,0.0,0.0,0.0,0.0,8.0,0.0,0.0,0.0,3.0,6.0,4.0,0.0,0.0,0.0,0.0,0.0,0.0,0.0,0.0,0.0
552,2918,3693,3803,2423.0,2711,5949,3493,2039,1000,2260,227,240,1689,5342,1172,3087,2131,1510,412,351,175,323.0,152,607,10036,1070,339,43.0,96.0,436,1231,745,463,942,82.0,124,33.0,801,137,0.0,97.0,0.0,9.0,2.0,124,157,33.0,208,1514,177,23.0,205,91.0,91.0,683,229,69,31,8.0,75.0,37.0,9.0,44.0,4.0,54,3,18.0,8.0,28.0,73.0,7.0,15.0,57.0,26.0,49,658,4.0,264.0,103.0,542,248,83,163.0,96.0,51.0,42.0,129.0,892.0,708.0,228,74.0,18.0,93.0,31.0,4.0,9.0,36.0,42.0,51.0,26.0,19.0,1.0,19.0,5.0,2.0,4.0,15.0,10.0,34.0,12.0,35.0,23.0,32.0,3.0,2.0,0.0,1.0,0.0,0.0,74,138.0,164.0,9.0,14.0,37.0,23.0,7.0,4.0,9.0,1.0,1.0,4.0,16.0,5.0,2.0,9.0,171.0,27.0,15.0,3.0,64.0,32.0,14.0,18.0,11.0,4.0,12.0,0.0,1.0,3.0,1.0,0.0,4.0,6.0,2.0,0.0,0.0,1.0,13.0,1.0,0.0,1.0,5.0,0.0,1.0,2.0,0.0,1.0,8.0,0.0,2.0,3.0,14.0,8.0,0.0,0.0,7.0,1.0,1.0,0.0,1.0,1.0,5.0,14.0,1.0,1.0,1.0,0.0,0.0,0.0,0.0,0.0,0.0,0.0,0.0,0.0,0.0,0.0,0.0,0.0,0.0,0.0,0.0,0.0,0.0,0.0,0.0,0.0
553,15673,12058,9642,10175.0,13807,20252,8427,5580,2077,6344,835,1650,4534,45375,2823,7735,7424,5566,1371,2252,573,651.0,305,659,30868,6963,2786,326.0,710.0,2724,2254,3500,526,2865,44.0,753,181.0,12439,209,1.0,437.0,23.0,2.0,2.0,238,87,53.0,494,24171,251,30.0,1372,26.0,85.0,2460,323,282,159,21.0,106.0,470.0,40.0,41.0,15.0,51,37,28.0,22.0,290.0,282.0,2.0,2975.0,4554.0,205.0,196,511,0.0,45.0,18.0,554,100,314,531.0,17.0,2.0,1.0,108.0,1297.0,168.0,343,59.0,141.0,77.0,1525.0,6.0,211.0,12.0,66.0,30.0,62.0,18.0,2.0,349.0,0.0,4.0,10.0,22.0,4.0,14.0,40.0,5.0,14.0,1.0,199.0,1.0,266.0,271.0,0.0,0.0,35,19.0,25.0,2.0,7.0,20.0,55.0,4.0,5320.0,1.0,0.0,0.0,13.0,3.0,2.0,1.0,9.0,20.0,4.0,0.0,0.0,7.0,1.0,14.0,9.0,4.0,5.0,29.0,2.0,0.0,9.0,2.0,14.0,0.0,29.0,5.0,3.0,0.0,10.0,18.0,268.0,0.0,0.0,1.0,0.0,4.0,2.0,0.0,8.0,9.0,1.0,8.0,16.0,13.0,28.0,0.0,1.0,0.0,5.0,3.0,0.0,0.0,0.0,9.0,9.0,9.0,1.0,8.0,0.0,0.0,0.0,0.0,0.0,8.0,0.0,0.0,0.0,3.0,6.0,4.0,0.0,0.0,0.0,0.0,0.0,0.0,0.0,0.0,0.0
554,14913,13594,11129,12695.0,14279,22169,11044,7644,3024,7177,843,1463,5115,50204,3292,9649,8480,5705,1539,1991,555,861.0,305,1065,36779,7026,2915,371.0,812.0,2502,3271,4033,727,3054,133.0,686,176.0,13003,215,4.0,448.0,17.0,15.0,8.0,378,241,67.0,567,25401,192,61.0,1502,143.0,405.0,2610,687,346,190,23.0,225.0,455.0,32.0,62.0,20.0,111,48,30.0,22.0,303.0,284.0,14.0,2991.0,4594.0,182.0,221,1100,9.0,263.0,122.0,1124,487,289,399.0,97.0,50.0,40.0,158.0,2310.0,1258.0,614,186.0,141.0,135.0,1572.0,12.0,253.0,50.0,107.0,156.0,63.0,36.0,3.0,360.0,2.0,6.0,68.0,42.0,8.0,34.0,50.0,50.0,37.0,18.0,204.0,3.0,272.0,279.0,21.0,28.0,107,221.0,256.0,12.0,6.0,78.0,15.0,4.0,5314.0,19.0,3.0,5.0,13.0,4.0,6.0,2.0,8.0,187.0,31.0,15.0,4.0,61.0,19.0,17.0,12.0,5.0,10.0,33.0,6.0,0.0,9.0,2.0,14.0,0.0,28.0,5.0,3.0,1.0,9.0,14.0,270.0,4.0,4.0,1.0,2.0,4.0,1.0,4.0,7.0,23.0,1.0,15.0,19.0,12.0,19.0,0.0,1.0,0.0,5.0,3.0,1.0,0.0,2.0,6.0,9.0,9.0,1.0,1.0,0.0,0.0,0.0,0.0,0.0,8.0,0.0,0.0,0.0,4.0,8.0,4.0,0.0,0.0,0.0,0.0,0.0,0.0,0.0,0.0,0.0
556,15991,17304,16847,13444.0,13024,28573,14196,10491,5331,10378,1741,2398,7897,29010,5446,12626,10813,6666,1829,2360,1015,1489.0,760,3079,40987,7649,2141,614.0,1388.0,2156,4490,3874,1835,4121,375.0,922,234.0,3239,1502,11.0,860.0,6.0,33.0,14.0,759,545,126.0,1100,6132,730,133.0,1166,224.0,1006.0,3216,701,765,407,64.0,350.0,894.0,91.0,329.0,51.0,212,32,50.0,37.0,483.0,239.0,19.0,31.0,117.0,98.0,170,1837,21.0,439.0,187.0,1997,623,838,421.0,153.0,82.0,72.0,422.0,5936.0,2382.0,1268,400.0,302.0,333.0,178.0,134.0,184.0,165.0,142.0,370.0,74.0,35.0,29.0,344.0,3.0,23.0,1078.0,119.0,33.0,47.0,75.0,75.0,30.0,36.0,66.0,6.0,329.0,370.0,24.0,36.0,307,466.0,597.0,64.0,21.0,172.0,86.0,5.0,45.0,51.0,5.0,11.0,4.0,17.0,18.0,7.0,23.0,212.0,56.0,39.0,28.0,107.0,87.0,38.0,17.0,24.0,11.0,46.0,11.0,4.0,7.0,1.0,7.0,9.0,8.0,1.0,2.0,8.0,9.0,11.0,203.0,7.0,15.0,0.0,21.0,5.0,4.0,7.0,0.0,22.0,2.0,18.0,23.0,11.0,8.0,0.0,4.0,0.0,26.0,58.0,22.0,0.0,3.0,0.0,10.0,3.0,4.0,5.0,152.0,171.0,18.0,0.0,0.0,0.0,2.0,2.0,8.0,82.0,142.0,0.0,1.0,0.0,0.0,0.0,0.0,3.0,0.0,1.0,0.0
557,29570,25651,19751,17830.0,26465,38955,19498,12913,5195,11825,2104,3322,9464,62091,5244,17828,15458,11763,2512,4763,909,1565.0,573,1664,60093,12351,4166,683.0,1552.0,4299,5893,6230,1288,6082,220.0,1368,378.0,14628,465,4.0,913.0,35.0,19.0,8.0,602,441,103.0,1194,28065,286,52.0,2113,191.0,1036.0,4609,983,652,422,47.0,355.0,1177.0,66.0,130.0,50.0,185,71,67.0,45.0,668.0,523.0,17.0,3004.0,4637.0,479.0,444,1719,18.0,422.0,185.0,1922,642,826,931.0,171.0,82.0,61.0,354.0,4568.0,1998.0,926,331.0,251.0,282.0,1617.0,35.0,303.0,224.0,151.0,224.0,152.0,73.0,25.0,398.0,3.0,8.0,70.0,50.0,29.0,62.0,125.0,85.0,46.0,40.0,222.0,10.0,278.0,280.0,21.0,29.0,228,351.0,417.0,28.0,15.0,133.0,5.0,9.0,5332.0,9.0,6.0,2.0,15.0,11.0,6.0,2.0,5.0,225.0,62.0,18.0,10.0,82.0,47.0,47.0,22.0,18.0,16.0,56.0,16.0,2.0,17.0,4.0,24.0,1.0,41.0,8.0,9.0,2.0,20.0,28.0,298.0,4.0,4.0,2.0,0.0,9.0,3.0,7.0,7.0,20.0,4.0,6.0,9.0,20.0,35.0,2.0,4.0,6.0,6.0,2.0,0.0,0.0,12.0,17.0,17.0,17.0,1.0,8.0,8.0,25.0,0.0,0.0,0.0,10.0,1.0,0.0,0.0,3.0,6.0,4.0,0.0,0.0,0.0,0.0,0.0,0.0,0.0,0.0,0.0
559,17710,15821,11986,11393.0,15794,24080,12473,8238,3134,7472,1045,1749,5835,51899,3191,11183,9517,6948,1564,2484,682,1018.0,380,1200,40118,7971,2907,393.0,866.0,2894,3715,4300,856,3862,135.0,774,211.0,13585,257,4.0,532.0,24.0,15.0,8.0,432,254,65.0,697,26179,188,24.0,1487,124.0,414.0,2956,732,359,208,24.0,203.0,564.0,38.0,63.0,38.0,132,39,31.0,22.0,380.0,336.0,15.0,2995.0,4605.0,229.0,248,1205,13.0,465.0,140.0,1288,470,360,532.0,173.0,78.0,46.0,159.0,2636.0,1417.0,716,226.0,167.0,137.0,1574.0,31.0,254.0,57.0,144.0,163.0,73.0,35.0,4.0,389.0,3.0,6.0,27.0,28.0,9.0,70.0,52.0,78.0,37.0,45.0,200.0,12.0,267.0,272.0,21.0,28.0,147,229.0,280.0,14.0,11.0,152.0,5.0,8.0,5316.0,9.0,3.0,2.0,14.0,10.0,3.0,2.0,5.0,186.0,38.0,15.0,4.0,94.0,26.0,25.0,14.0,6.0,12.0,39.0,10.0,0.0,11.0,3.0,14.0,0.0,29.0,5.0,3.0,1.0,11.0,17.0,267.0,4.0,4.0,1.0,0.0,4.0,2.0,1.0,7.0,9.0,1.0,10.0,18.0,16.0,21.0,0.0,2.0,0.0,3.0,2.0,0.0,0.0,0.0,7.0,9.0,9.0,1.0,8.0,0.0,0.0,0.0,0.0,0.0,8.0,0.0,0.0,0.0,3.0,6.0,4.0,0.0,0.0,0.0,0.0,0.0,0.0,0.0,0.0,0.0
560,8287,7508,5308,5159.0,7940,11511,6062,3620,1333,3362,355,371,2628,41723,1289,5269,4467,3216,579,1013,177,452.0,127,559,19759,3803,1399,148.0,322.0,1565,2085,2164,347,1638,74.0,254,70.0,12213,122,1.0,129.0,2.0,10.0,2.0,162,169,36.0,314,24072,93,15.0,692,84.0,149.0,1347,268,125,69,11.0,127.0,204.0,8.0,24.0,11.0,62,17,24.0,19.0,120.0,175.0,5.0,2990.0,4583.0,119.0,151,627,8.0,211.0,87.0,628,263,174,209.0,87.0,46.0,38.0,63.0,1428.0,851.0,333,116.0,21.0,75.0,1544.0,7.0,244.0,12.0,66.0,58.0,33.0,14.0,3.0,351.0,2.0,1.0,18.0,10.0,6.0,27.0,23.0,43.0,23.0,16.0,199.0,2.0,266.0,271.0,11.0,19.0,63,116.0,150.0,9.0,6.0,24.0,1.0,4.0,5313.0,9.0,1.0,1.0,2.0,3.0,2.0,2.0,5.0,126.0,28.0,15.0,3.0,55.0,14.0,9.0,5.0,4.0,3.0,13.0,6.0,0.0,5.0,1.0,9.0,0.0,20.0,1.0,3.0,0.0,1.0,6.0,264.0,0.0,0.0,1.0,0.0,0.0,0.0,0.0,4.0,2.0,1.0,2.0,3.0,2.0,6.0,0.0,1.0,0.0,0.0,1.0,0.0,0.0,0.0,5.0,8.0,8.0,1.0,1.0,0.0,0.0,0.0,0.0,0.0,3.0,0.0,0.0,0.0,3.0,6.0,4.0,0.0,0.0,0.0,0.0,0.0,0.0,0.0,0.0,0.0
561,21600,17498,13001,13663.0,20335,28145,12225,7646,3020,8422,1379,2869,6238,49461,3853,10845,10483,8356,1803,3752,696,963.0,403,733,40870,9484,3305,495.0,1131.0,3363,3264,4743,590,4012,75.0,1119,288.0,13001,131,1.0,600.0,34.0,2.0,0.0,307,94,51.0,747,24961,183,10.0,1669,15.0,162.0,3434,450,465,333,34.0,148.0,964.0,51.0,71.0,21.0,64,67,37.0,24.0,507.0,396.0,2.0,2978.0,4560.0,375.0,296,798,0.0,47.0,17.0,936,131,571,660.0,22.0,2.0,1.0,95.0,1660.0,258.0,362,92.0,218.0,113.0,1537.0,9.0,218.0,17.0,74.0,45.0,122.0,21.0,21.0,357.0,0.0,1.0,28.0,35.0,12.0,14.0,78.0,6.0,15.0,1.0,216.0,1.0,276.0,278.0,0.0,0.0,38,30.0,26.0,1.0,8.0,27.0,0.0,4.0,5323.0,0.0,3.0,0.0,14.0,2.0,2.0,1.0,2.0,22.0,5.0,0.0,2.0,6.0,1.0,14.0,8.0,2.0,4.0,30.0,2.0,0.0,9.0,2.0,14.0,0.0,30.0,6.0,4.0,0.0,19.0,27.0,288.0,0.0,0.0,1.0,0.0,7.0,3.0,4.0,7.0,18.0,1.0,6.0,8.0,16.0,26.0,0.0,1.0,0.0,4.0,2.0,0.0,0.0,12.0,9.0,10.0,10.0,1.0,8.0,5.0,21.0,0.0,0.0,0.0,8.0,0.0,0.0,0.0,3.0,6.0,4.0,0.0,0.0,0.0,0.0,0.0,0.0,0.0,0.0,0.0
562,221,569,495,1593.0,747,1580,556,416,155,370,268,1007,263,681,364,298,334,131,90,69,16,10.0,34,42,1966,326,122,9.0,18.0,28,59,313,21,91,11.0,73,19.0,37,58,0.0,3.0,0.0,0.0,0.0,39,26,1.0,10,34,22,8.0,54,4.0,17.0,36,16,51,23,1.0,8.0,11.0,3.0,11.0,0.0,5,1,0.0,0.0,8.0,12.0,0.0,0.0,0.0,4.0,7,81,0.0,2.0,2.0,44,7,6,1.0,0.0,0.0,0.0,4.0,20.0,10.0,67,0.0,0.0,1.0,1.0,0.0,1.0,0.0,2.0,5.0,8.0,1.0,1.0,7.0,0.0,0.0,15.0,9.0,0.0,0.0,1.0,0.0,0.0,0.0,0.0,0.0,0.0,2.0,0.0,0.0,1,0.0,1.0,1.0,0.0,0.0,3.0,0.0,1.0,1.0,0.0,0.0,0.0,0.0,0.0,0.0,0.0,2.0,0.0,0.0,0.0,2.0,0.0,0.0,0.0,0.0,0.0,0.0,0.0,0.0,0.0,0.0,0.0,0.0,0.0,0.0,0.0,0.0,0.0,0.0,2.0,0.0,0.0,0.0,0.0,0.0,0.0,5.0,0.0,5.0,0.0,0.0,0.0,0.0,0.0,0.0,0.0,0.0,2.0,0.0,0.0,0.0,0.0,0.0,0.0,0.0,0.0,0.0,0.0,0.0,0.0,0.0,0.0,0.0,0.0,0.0,0.0,0.0,0.0,0.0,0.0,0.0,0.0,0.0,0.0,0.0,0.0,0.0,0.0
563,23,7492,5167,5190.0,10783,12027,6935,2863,1304,3524,720,1032,2602,40554,1429,3881,4652,3067,889,1355,155,604.0,150,433,14555,2774,811,237.0,525.0,1025,1725,1970,366,1352,57.0,472,116.0,12247,137,1.0,164.0,7.0,3.0,0.0,130,88,24.0,550,24239,95,20.0,492,81.0,67.0,1818,158,204,111,18.0,106.0,407.0,13.0,19.0,6.0,38,29,20.0,10.0,215.0,253.0,6.0,2978.0,4581.0,162.0,134,599,2.0,163.0,69.0,682,176,228,228.0,60.0,25.0,8.0,50.0,1097.0,210.0,199,64.0,23.0,68.0,1544.0,7.0,207.0,9.0,51.0,33.0,31.0,10.0,2.0,349.0,2.0,6.0,8.0,16.0,12.0,23.0,42.0,15.0,36.0,24.0,202.0,1.0,266.0,278.0,0.0,0.0,54,29.0,77.0,4.0,2.0,22.0,1.0,0.0,5320.0,0.0,3.0,0.0,2.0,0.0,2.0,0.0,2.0,88.0,10.0,1.0,1.0,57.0,9.0,13.0,6.0,4.0,4.0,12.0,1.0,0.0,3.0,1.0,2.0,0.0,10.0,2.0,1.0,0.0,3.0,7.0,265.0,0.0,0.0,1.0,0.0,2.0,2.0,0.0,3.0,7.0,1.0,3.0,4.0,7.0,12.0,0.0,0.0,0.0,2.0,1.0,0.0,0.0,12.0,4.0,0.0,0.0,1.0,1.0,1.0,1.0,0.0,0.0,0.0,7.0,0.0,0.0,0.0,1.0,5.0,2.0,0.0,0.0,0.0,0.0,0.0,0.0,0.0,0.0,0.0
564,21600,17498,12999,13653.0,20331,28136,12225,7646,3020,8421,1379,2869,6238,49461,3853,10843,10482,8356,1803,3752,696,963.0,403,733,40856,9484,3304,495.0,1131.0,3363,3264,4741,590,4011,75.0,1119,288.0,13001,129,1.0,600.0,34.0,2.0,0.0,307,94,51.0,747,24961,183,10.0,1669,15.0,162.0,3434,449,465,333,34.0,148.0,964.0,51.0,71.0,21.0,64,67,37.0,24.0,507.0,396.0,2.0,2978.0,4560.0,375.0,296,798,0.0,47.0,17.0,936,131,571,660.0,22.0,2.0,1.0,95.0,1660.0,258.0,362,92.0,218.0,113.0,1537.0,9.0,218.0,17.0,74.0,45.0,122.0,21.0,21.0,357.0,0.0,1.0,28.0,35.0,12.0,14.0,78.0,6.0,15.0,1.0,216.0,1.0,276.0,278.0,0.0,0.0,38,30.0,26.0,1.0,8.0,27.0,0.0,4.0,5323.0,0.0,3.0,0.0,14.0,2.0,2.0,1.0,2.0,22.0,5.0,0.0,2.0,6.0,1.0,14.0,8.0,2.0,4.0,30.0,2.0,0.0,9.0,2.0,14.0,0.0,30.0,6.0,4.0,0.0,19.0,27.0,288.0,0.0,0.0,1.0,0.0,7.0,3.0,4.0,7.0,18.0,1.0,6.0,8.0,16.0,26.0,0.0,1.0,0.0,4.0,2.0,0.0,0.0,12.0,9.0,10.0,10.0,1.0,8.0,5.0,21.0,0.0,0.0,0.0,8.0,0.0,0.0,0.0,3.0,6.0,4.0,0.0,0.0,0.0,0.0,0.0,0.0,0.0,0.0,0.0
616,3674,3491,4835,8457.0,4988,11704,3488,2277,1052,3258,2813,8700,2068,6020,1246,2526,2564,1763,409,1436,154,259.0,171,407,13128,1655,828,100.0,218.0,444,670,6084,292,1086,82.0,229,68.0,557,405,2.0,32.0,4.0,4.0,5.0,183,49,14.0,162,666,82,12.0,573,18.0,4.0,1036,178,177,67,11.0,211.0,189.0,36.0,18.0,18.0,29,26,23.0,0.0,105.0,49.0,0.0,0.0,7.0,53.0,54,356,0.0,144.0,25.0,314,92,239,93.0,6.0,1.0,5.0,8.0,2573.0,697.0,786,22.0,183.0,7.0,14.0,26.0,38.0,29.0,15.0,51.0,12.0,2.0,0.0,44.0,0.0,1.0,1.0,11.0,6.0,3.0,23.0,16.0,17.0,14.0,17.0,0.0,51.0,110.0,1.0,0.0,52,194.0,63.0,0.0,4.0,52.0,6.0,3.0,0.0,2.0,0.0,9.0,3.0,20.0,1.0,0.0,21.0,28.0,0.0,4.0,2.0,3.0,6.0,4.0,17.0,2.0,3.0,10.0,5.0,14.0,4.0,0.0,2.0,0.0,1.0,0.0,0.0,0.0,16.0,19.0,17.0,0.0,0.0,0.0,0.0,2.0,0.0,4.0,2.0,3.0,5.0,2.0,2.0,15.0,14.0,1.0,5.0,0.0,7.0,0.0,0.0,0.0,0.0,3.0,0.0,0.0,0.0,0.0,0.0,0.0,0.0,0.0,0.0,0.0,7.0,0.0,0.0,0.0,0.0,0.0,1.0,6.0,0.0,0.0,0.0,0.0,0.0,0.0,0.0
622,24,2712,2960,4207.0,2613,6557,2382,2134,812,1994,186,350,1340,37181,953,1952,1571,719,424,451,118,151.0,69,375,9621,1241,663,172.0,383.0,373,396,1114,255,967,35.0,154,33.0,11441,43,3.0,73.0,1.0,1.0,4.0,217,70,24.0,161,22832,110,15.0,457,64.0,527.0,711,155,108,67,17.0,27.0,43.0,6.0,20.0,5.0,26,10,4.0,1.0,40.0,50.0,0.0,2979.0,4551.0,10.0,36,422,1.0,71.0,41.0,411,101,48,60.0,14.0,6.0,1.0,30.0,405.0,28.0,106,87.0,11.0,44.0,1551.0,29.0,239.0,23.0,17.0,40.0,10.0,3.0,2.0,355.0,0.0,3.0,14.0,12.0,7.0,1.0,0.0,5.0,12.0,6.0,238.0,0.0,328.0,354.0,0.0,0.0,32,23.0,29.0,1.0,0.0,18.0,31.0,0.0,5310.0,22.0,0.0,3.0,0.0,2.0,1.0,0.0,2.0,53.0,1.0,1.0,0.0,22.0,4.0,2.0,11.0,2.0,3.0,3.0,1.0,0.0,1.0,0.0,0.0,2.0,2.0,0.0,0.0,0.0,1.0,0.0,320.0,0.0,0.0,0.0,0.0,0.0,0.0,0.0,2.0,5.0,3.0,19.0,21.0,12.0,5.0,0.0,1.0,0.0,0.0,0.0,0.0,0.0,0.0,0.0,0.0,0.0,0.0,0.0,0.0,0.0,0.0,0.0,0.0,0.0,0.0,0.0,0.0,0.0,0.0,0.0,0.0,0.0,0.0,0.0,0.0,0.0,0.0,0.0,0.0
633,419,21563,21945,17017.0,20958,43084,18746,12397,6693,13851,1706,2522,10132,63754,8527,15457,16418,14164,2961,4125,1423,1674.0,892,3095,61757,12600,4214,598.0,1261.0,4624,5673,5810,2531,6787,430.0,1339,424.0,15244,462,2.0,1069.0,33.0,24.0,17.0,773,828,224.0,1241,29346,1182,94.0,2202,279.0,479.0,5490,769,710,444,81.0,178.0,823.0,156.0,319.0,79.0,282,113,81.0,130.0,544.0,502.0,10.0,3003.0,4675.0,210.0,355,1524,32.0,473.0,290.0,1513,680,580,1105.0,137.0,61.0,41.0,732.0,1636.0,381.0,495,309.0,243.0,486.0,1708.0,229.0,425.0,36.0,216.0,1058.0,170.0,398.0,149.0,822.0,14.0,27.0,66.0,112.0,28.0,55.0,98.0,83.0,137.0,56.0,268.0,11.0,574.0,604.0,17.0,33.0,400,216.0,274.0,12.0,29.0,81.0,150.0,20.0,5355.0,177.0,1.0,5.0,25.0,27.0,17.0,13.0,71.0,214.0,23.0,12.0,44.0,124.0,55.0,44.0,28.0,22.0,5.0,74.0,19.0,2.0,31.0,5.0,26.0,4.0,35.0,8.0,5.0,0.0,18.0,28.0,552.0,6.0,9.0,119.0,4.0,10.0,6.0,18.0,15.0,33.0,3.0,22.0,36.0,26.0,31.0,0.0,2.0,119.0,11.0,12.0,3.0,0.0,4.0,18.0,58.0,61.0,10.0,33.0,216.0,414.0,8.0,4.0,0.0,3.0,3.0,0.0,0.0,37.0,71.0,4.0,0.0,0.0,0.0,0.0,0.0,0.0,0.0,0.0,0.0
653,42,4821,4816,6306.0,4781,9377,3724,3020,1234,3520,1028,1429,1545,4534,2408,2327,3179,1316,885,976,338,338.0,302,969,12967,3321,1019,97.0,206.0,564,587,2199,824,1177,115.0,433,40.0,663,170,0.0,107.0,8.0,2.0,2.0,204,144,77.0,383,935,582,74.0,896,77.0,98.0,1163,67,199,122,23.0,65.0,163.0,50.0,88.0,22.0,50,46,12.0,25.0,145.0,85.0,1.0,0.0,7.0,5.0,468,254,0.0,3.0,4.0,173,66,46,171.0,1.0,0.0,0.0,26.0,534.0,73.0,192,49.0,81.0,87.0,45.0,31.0,40.0,443.0,22.0,88.0,63.0,46.0,5.0,67.0,8.0,8.0,44.0,27.0,12.0,1.0,10.0,0.0,5.0,0.0,56.0,6.0,125.0,118.0,11.0,177.0,35,33.0,39.0,3.0,30.0,25.0,93.0,16.0,9.0,182.0,0.0,3.0,4.0,3.0,2.0,7.0,12.0,3.0,0.0,0.0,0.0,0.0,7.0,5.0,7.0,0.0,1.0,23.0,10.0,4.0,14.0,0.0,1.0,0.0,2.0,2.0,0.0,0.0,1.0,2.0,113.0,0.0,2.0,5.0,3.0,0.0,7.0,9.0,1.0,18.0,0.0,4.0,6.0,4.0,5.0,0.0,4.0,15.0,10.0,7.0,1.0,0.0,1.0,1.0,20.0,24.0,4.0,14.0,67.0,381.0,1.0,0.0,2.0,0.0,0.0,0.0,0.0,34.0,65.0,0.0,0.0,0.0,0.0,0.0,0.0,0.0,0.0,0.0,0.0
664,8465,10632,9902,8732.0,9068,16546,7055,5317,2621,5873,1104,2154,4260,12632,4161,7598,5919,4189,1663,1062,449,654.0,300,1244,22611,3488,1773,600.0,1265.0,1547,2588,3418,862,2386,174.0,493,166.0,1604,179,0.0,137.0,2.0,10.0,8.0,272,356,57.0,398,2566,585,44.0,698,120.0,542.0,920,319,397,113,13.0,156.0,307.0,29.0,108.0,24.0,129,36,46.0,1.0,269.0,174.0,8.0,23.0,50.0,66.0,129,986,11.0,280.0,119.0,964,451,272,363.0,127.0,69.0,62.0,240.0,3082.0,1279.0,575,171.0,57.0,126.0,50.0,19.0,96.0,41.0,109.0,109.0,82.0,35.0,6.0,52.0,4.0,11.0,47.0,41.0,8.0,53.0,48.0,61.0,36.0,31.0,107.0,7.0,688.0,194.0,13.0,22.0,69,161.0,170.0,19.0,6.0,58.0,28.0,6.0,21.0,15.0,6.0,6.0,9.0,14.0,1.0,2.0,35.0,187.0,38.0,32.0,7.0,67.0,27.0,57.0,17.0,23.0,4.0,27.0,9.0,4.0,5.0,1.0,5.0,3.0,14.0,1.0,2.0,8.0,0.0,2.0,109.0,0.0,2.0,1.0,1.0,4.0,2.0,5.0,1.0,9.0,2.0,0.0,0.0,16.0,20.0,0.0,1.0,1.0,4.0,3.0,1.0,1.0,0.0,2.0,0.0,0.0,0.0,0.0,35.0,32.0,0.0,0.0,0.0,0.0,0.0,0.0,0.0,25.0,9.0,0.0,0.0,0.0,0.0,0.0,0.0,0.0,0.0,0.0,0.0
69,88,5203,6016,7102.0,4411,14186,4050,3846,1360,4199,578,640,3227,8690,1826,4549,3196,2176,442,1682,375,280.0,209,525,20196,3548,1561,182.0,371.0,726,848,1384,253,1236,64.0,381,59.0,688,310,0.0,58.0,1.0,0.0,1.0,277,59,52.0,140,632,244,18.0,648,34.0,143.0,994,283,215,148,39.0,9.0,269.0,3.0,59.0,11.0,47,35,7.0,0.0,198.0,83.0,0.0,0.0,17.0,8.0,46,591,0.0,92.0,26.0,395,216,122,83.0,5.0,0.0,2.0,223.0,566.0,113.0,258,44.0,30.0,64.0,28.0,25.0,47.0,25.0,24.0,52.0,34.0,8.0,0.0,36.0,0.0,6.0,68.0,26.0,6.0,2.0,7.0,5.0,14.0,3.0,60.0,2.0,274.0,149.0,0.0,0.0,16,9.0,8.0,3.0,2.0,13.0,23.0,0.0,0.0,31.0,2.0,6.0,2.0,8.0,1.0,0.0,15.0,21.0,0.0,0.0,5.0,4.0,5.0,15.0,2.0,2.0,3.0,4.0,11.0,1.0,4.0,0.0,0.0,2.0,0.0,0.0,0.0,0.0,0.0,0.0,34.0,0.0,0.0,9.0,0.0,0.0,0.0,17.0,4.0,15.0,0.0,4.0,5.0,5.0,1.0,0.0,1.0,9.0,8.0,0.0,0.0,0.0,4.0,0.0,0.0,0.0,0.0,0.0,7.0,16.0,0.0,0.0,1.0,0.0,0.0,0.0,0.0,0.0,0.0,0.0,0.0,0.0,0.0,0.0,0.0,0.0,0.0,0.0,0.0
705,296,623,715,1499.0,406,1814,545,372,93,535,51,75,336,661,273,438,352,181,57,339,17,27.0,22,35,2568,388,184,34.0,69.0,49,67,132,49,192,8.0,44,10.0,36,56,0.0,4.0,0.0,0.0,0.0,30,4,3.0,20,62,21,8.0,106,7.0,82.0,60,42,36,13,8.0,105.0,21.0,0.0,9.0,2.0,2,1,1.0,0.0,22.0,4.0,0.0,0.0,0.0,0.0,4,56,0.0,16.0,0.0,31,8,37,5.0,1.0,0.0,0.0,2.0,430.0,53.0,124,3.0,4.0,5.0,0.0,1.0,0.0,0.0,2.0,2.0,2.0,0.0,0.0,1.0,0.0,0.0,38.0,1.0,0.0,0.0,1.0,8.0,0.0,0.0,0.0,0.0,1.0,2.0,0.0,0.0,5,3.0,3.0,0.0,0.0,2.0,0.0,0.0,0.0,0.0,0.0,1.0,0.0,0.0,0.0,0.0,0.0,0.0,0.0,0.0,0.0,0.0,0.0,3.0,2.0,0.0,0.0,0.0,5.0,0.0,0.0,0.0,0.0,0.0,0.0,0.0,0.0,0.0,0.0,0.0,0.0,0.0,0.0,0.0,0.0,1.0,0.0,1.0,0.0,0.0,0.0,4.0,4.0,0.0,0.0,0.0,0.0,0.0,1.0,0.0,0.0,0.0,0.0,0.0,0.0,0.0,0.0,0.0,0.0,0.0,0.0,0.0,0.0,0.0,0.0,0.0,0.0,0.0,0.0,0.0,0.0,0.0,0.0,0.0,0.0,0.0,0.0,0.0,0.0
707,5749,14182,10454,14901.0,12659,25420,7513,7011,3591,8476,2656,4585,6795,11210,11428,5612,11202,4802,4082,7159,1013,967.0,1408,2916,29117,1936,2351,134.0,283.0,2692,2224,7793,2762,4155,449.0,758,187.0,2809,1616,26.0,254.0,6.0,10.0,13.0,493,459,198.0,1606,3992,87,42.0,2765,50.0,70.0,5898,706,264,135,29.0,883.0,306.0,130.0,209.0,16.0,470,26,83.0,64.0,135.0,279.0,28.0,37.0,94.0,155.0,195,430,4.0,34.0,3.0,517,288,431,2593.0,21.0,4.0,2.0,225.0,7732.0,3558.0,1556,570.0,258.0,340.0,110.0,189.0,152.0,5.0,89.0,426.0,94.0,111.0,18.0,155.0,16.0,7.0,41.0,66.0,45.0,6.0,44.0,1.0,4.0,10.0,84.0,7.0,171.0,164.0,63.0,141.0,389,419.0,716.0,45.0,35.0,28.0,276.0,19.0,31.0,92.0,9.0,16.0,11.0,22.0,0.0,15.0,142.0,9.0,1.0,30.0,9.0,11.0,50.0,22.0,52.0,11.0,55.0,78.0,3.0,13.0,15.0,6.0,39.0,8.0,37.0,19.0,11.0,24.0,12.0,20.0,96.0,3.0,20.0,11.0,52.0,3.0,1.0,9.0,12.0,29.0,3.0,3.0,7.0,52.0,74.0,9.0,14.0,10.0,21.0,43.0,28.0,0.0,11.0,8.0,39.0,29.0,6.0,20.0,5.0,14.0,29.0,16.0,7.0,0.0,21.0,0.0,0.0,4.0,11.0,8.0,1.0,6.0,1.0,0.0,0.0,7.0,15.0,0.0,1.0
73,111,523,982,1701.0,835,2218,546,496,212,693,41,63,348,1202,521,550,448,236,91,116,31,46.0,27,62,2509,899,177,26.0,54.0,146,63,365,32,190,16.0,69,3.0,55,28,0.0,3.0,0.0,0.0,0.0,64,14,8.0,7,49,40,1.0,27,1.0,8.0,68,36,39,15,5.0,0.0,12.0,0.0,7.0,5.0,8,4,4.0,0.0,9.0,0.0,0.0,0.0,0.0,0.0,1,28,0.0,1.0,0.0,18,18,15,31.0,0.0,0.0,0.0,0.0,0.0,0.0,16,9.0,6.0,1.0,0.0,0.0,0.0,5.0,1.0,5.0,3.0,3.0,0.0,1.0,0.0,3.0,4.0,10.0,0.0,0.0,0.0,0.0,2.0,0.0,3.0,0.0,0.0,6.0,0.0,0.0,2,0.0,0.0,0.0,0.0,0.0,4.0,0.0,0.0,28.0,0.0,0.0,1.0,2.0,0.0,0.0,4.0,2.0,0.0,0.0,0.0,0.0,0.0,0.0,1.0,1.0,0.0,0.0,2.0,1.0,1.0,0.0,0.0,1.0,0.0,0.0,0.0,0.0,0.0,0.0,0.0,0.0,0.0,0.0,0.0,0.0,0.0,3.0,0.0,9.0,0.0,0.0,0.0,2.0,0.0,0.0,0.0,0.0,0.0,0.0,0.0,0.0,0.0,0.0,0.0,0.0,0.0,0.0,0.0,0.0,0.0,0.0,0.0,0.0,0.0,0.0,0.0,0.0,0.0,0.0,0.0,0.0,0.0,0.0,0.0,0.0,0.0,0.0,0.0
74,1441,3033,2937,3639.0,3147,6151,2377,1815,833,1863,171,213,1646,5069,1120,2236,2072,791,431,1092,107,149.0,97,281,9236,1030,580,111.0,231.0,291,488,518,402,626,73.0,195,42.0,779,488,4.0,96.0,17.0,12.0,10.0,133,90,29.0,139,1118,119,64.0,255,206.0,144.0,774,214,146,62,10.0,95.0,63.0,4.0,46.0,14.0,90,10,34.0,0.0,61.0,78.0,2.0,4.0,11.0,9.0,35,384,19.0,187.0,73.0,328,214,99,13.0,81.0,44.0,25.0,38.0,879.0,289.0,181,88.0,33.0,41.0,8.0,13.0,8.0,12.0,46.0,9.0,40.0,6.0,0.0,28.0,0.0,5.0,51.0,13.0,16.0,48.0,4.0,56.0,40.0,70.0,1.0,3.0,27.0,43.0,0.0,0.0,99,47.0,152.0,0.0,10.0,131.0,4.0,4.0,2.0,11.0,3.0,2.0,1.0,14.0,1.0,1.0,5.0,60.0,21.0,0.0,0.0,44.0,16.0,48.0,32.0,18.0,14.0,21.0,4.0,1.0,7.0,0.0,7.0,0.0,14.0,11.0,4.0,0.0,0.0,0.0,21.0,0.0,0.0,0.0,0.0,1.0,4.0,4.0,0.0,4.0,0.0,4.0,3.0,26.0,11.0,0.0,1.0,0.0,2.0,2.0,0.0,0.0,2.0,0.0,0.0,0.0,0.0,0.0,6.0,14.0,0.0,0.0,0.0,1.0,0.0,0.0,0.0,0.0,0.0,0.0,3.0,0.0,0.0,0.0,0.0,0.0,3.0,0.0,0.0
752,12198,13233,10832,10201.0,12945,22207,10066,6170,2634,6921,910,1029,5157,48329,3156,9076,7729,5299,1249,1863,515,673.0,439,1318,34804,5590,2640,264.0,559.0,2076,3141,4950,864,2692,161.0,578,143.0,13315,264,10.0,288.0,8.0,24.0,13.0,314,398,78.0,528,25396,380,80.0,1092,139.0,267.0,2209,426,325,163,23.0,313.0,334.0,25.0,104.0,24.0,112,32,77.0,29.0,218.0,264.0,6.0,2995.0,4612.0,145.0,221,1147,11.0,434.0,164.0,972,508,335,367.0,124.0,102.0,82.0,1254.0,2414.0,1164.0,594,152.0,101.0,207.0,1576.0,56.0,291.0,63.0,117.0,166.0,84.0,35.0,7.0,435.0,6.0,9.0,37.0,31.0,26.0,50.0,103.0,72.0,52.0,38.0,215.0,8.0,422.0,505.0,11.0,19.0,124,171.0,215.0,10.0,9.0,101.0,54.0,8.0,5354.0,16.0,2.0,5.0,12.0,25.0,7.0,3.0,17.0,262.0,31.0,23.0,3.0,74.0,33.0,52.0,29.0,45.0,9.0,32.0,6.0,41.0,13.0,2.0,9.0,7.0,24.0,3.0,3.0,6.0,3.0,19.0,334.0,0.0,1.0,6.0,0.0,2.0,26.0,4.0,7.0,18.0,1.0,8.0,12.0,40.0,22.0,0.0,7.0,7.0,29.0,2.0,0.0,1.0,1.0,10.0,22.0,9.0,3.0,2.0,1.0,0.0,1.0,0.0,0.0,3.0,9.0,0.0,0.0,3.0,6.0,4.0,5.0,2.0,0.0,0.0,0.0,1.0,0.0,0.0,0.0
784,342,975,1648,3673.0,1568,4041,940,775,371,1310,74,105,804,2396,964,812,723,369,293,181,63,61.0,44,146,4294,1234,438,47.0,96.0,184,85,707,68,271,25.0,163,9.0,139,58,1.0,9.0,2.0,0.0,2.0,76,42,13.0,16,122,40,25.0,198,46.0,36.0,88,39,105,24,6.0,139.0,19.0,7.0,21.0,6.0,10,27,4.0,0.0,29.0,3.0,0.0,0.0,0.0,0.0,7,176,0.0,13.0,15.0,104,52,197,31.0,3.0,0.0,0.0,0.0,2076.0,377.0,506,15.0,17.0,8.0,0.0,3.0,7.0,10.0,5.0,10.0,2.0,9.0,0.0,9.0,0.0,9.0,24.0,11.0,1.0,0.0,33.0,0.0,2.0,0.0,6.0,0.0,15.0,23.0,0.0,0.0,3,22.0,14.0,0.0,0.0,18.0,14.0,0.0,1.0,38.0,1.0,5.0,5.0,4.0,0.0,0.0,15.0,16.0,0.0,5.0,8.0,0.0,0.0,0.0,2.0,1.0,2.0,1.0,2.0,2.0,1.0,0.0,0.0,1.0,1.0,0.0,0.0,0.0,0.0,0.0,7.0,0.0,0.0,0.0,0.0,4.0,0.0,9.0,4.0,13.0,0.0,6.0,17.0,4.0,0.0,0.0,0.0,0.0,5.0,0.0,0.0,0.0,0.0,0.0,0.0,0.0,0.0,0.0,0.0,0.0,0.0,0.0,0.0,0.0,0.0,0.0,0.0,0.0,0.0,0.0,0.0,0.0,0.0,0.0,0.0,0.0,0.0,0.0,0.0
79,261,626,750,1659.0,242,1767,643,494,108,541,58,85,195,546,300,311,447,125,24,454,24,40.0,12,46,2681,248,167,13.0,26.0,50,66,175,52,101,11.0,38,7.0,51,9,0.0,1.0,0.0,0.0,0.0,33,4,1.0,17,66,13,0.0,137,0.0,94.0,85,27,33,16,5.0,65.0,15.0,0.0,14.0,1.0,5,2,0.0,0.0,17.0,4.0,0.0,0.0,0.0,0.0,3,60,0.0,1.0,0.0,33,9,47,3.0,1.0,0.0,0.0,0.0,869.0,99.0,156,8.0,4.0,5.0,0.0,2.0,0.0,0.0,2.0,4.0,8.0,0.0,0.0,1.0,0.0,0.0,49.0,2.0,0.0,0.0,3.0,0.0,2.0,0.0,0.0,0.0,1.0,3.0,0.0,0.0,2,0.0,3.0,0.0,0.0,2.0,0.0,0.0,0.0,0.0,0.0,1.0,0.0,0.0,0.0,0.0,0.0,0.0,0.0,0.0,1.0,0.0,0.0,3.0,0.0,0.0,0.0,0.0,6.0,0.0,0.0,0.0,0.0,0.0,0.0,0.0,0.0,0.0,0.0,0.0,0.0,0.0,0.0,0.0,0.0,1.0,0.0,0.0,0.0,0.0,0.0,0.0,0.0,0.0,0.0,0.0,0.0,0.0,1.0,0.0,0.0,0.0,0.0,0.0,0.0,0.0,0.0,0.0,0.0,0.0,0.0,0.0,0.0,0.0,0.0,0.0,0.0,0.0,0.0,0.0,0.0,0.0,0.0,0.0,0.0,0.0,0.0,0.0,0.0
790,3958,3696,5227,8832.0,5492,12421,3733,2454,1083,3495,2823,8709,2305,6796,1263,2746,2623,1844,412,373,162,276.0,183,479,14180,1715,914,107.0,232.0,467,715,6147,321,1149,82.0,241,74.0,646,452,2.0,31.0,15.0,4.0,5.0,197,49,14.0,178,710,90,12.0,649,18.0,4.0,526,200,201,77,10.0,184.0,193.0,39.0,20.0,21.0,37,28,31.0,0.0,111.0,59.0,0.0,0.0,6.0,55.0,56,378,0.0,154.0,25.0,328,97,226,94.0,6.0,1.0,7.0,8.0,2459.0,705.0,800,24.0,177.0,7.0,13.0,26.0,38.0,29.0,25.0,51.0,2.0,2.0,0.0,44.0,0.0,1.0,1.0,11.0,6.0,4.0,20.0,18.0,17.0,14.0,17.0,0.0,51.0,110.0,1.0,0.0,15,195.0,30.0,1.0,4.0,52.0,6.0,3.0,0.0,2.0,0.0,13.0,3.0,24.0,1.0,0.0,21.0,31.0,0.0,5.0,4.0,3.0,6.0,4.0,18.0,2.0,3.0,10.0,5.0,17.0,8.0,0.0,2.0,0.0,1.0,0.0,0.0,0.0,16.0,19.0,17.0,0.0,0.0,0.0,0.0,2.0,0.0,6.0,2.0,3.0,5.0,2.0,2.0,19.0,14.0,1.0,5.0,0.0,7.0,0.0,0.0,0.0,0.0,3.0,0.0,0.0,0.0,0.0,0.0,0.0,0.0,0.0,0.0,0.0,7.0,0.0,0.0,0.0,0.0,0.0,1.0,6.0,0.0,0.0,0.0,0.0,0.0,0.0,0.0
791,6086,5682,8196,12941.0,7927,19684,5460,3607,1689,5827,2972,9053,3450,9967,2454,4297,3966,2987,682,828,252,466.0,281,757,23911,2799,1290,111.0,240.0,749,965,7276,611,1779,140.0,311,84.0,874,692,2.0,59.0,17.0,4.0,9.0,374,97,34.0,323,910,156,34.0,1055,26.0,45.0,873,272,252,74,11.0,239.0,178.0,28.0,25.0,12.0,60,32,47.0,0.0,124.0,85.0,0.0,0.0,9.0,77.0,81,465,0.0,184.0,41.0,337,210,335,266.0,7.0,2.0,10.0,33.0,3021.0,811.0,1257,68.0,128.0,15.0,24.0,29.0,51.0,95.0,53.0,86.0,36.0,10.0,0.0,55.0,0.0,1.0,5.0,7.0,7.0,5.0,49.0,27.0,21.0,16.0,47.0,0.0,73.0,161.0,19.0,34.0,25,144.0,61.0,4.0,2.0,91.0,30.0,0.0,0.0,37.0,0.0,12.0,3.0,44.0,1.0,0.0,33.0,44.0,2.0,5.0,5.0,10.0,8.0,14.0,26.0,4.0,3.0,26.0,6.0,25.0,18.0,0.0,4.0,0.0,1.0,0.0,0.0,0.0,9.0,12.0,28.0,0.0,0.0,3.0,0.0,5.0,0.0,9.0,5.0,5.0,5.0,2.0,2.0,52.0,22.0,1.0,5.0,4.0,8.0,0.0,0.0,0.0,0.0,3.0,0.0,0.0,0.0,0.0,0.0,0.0,0.0,0.0,0.0,0.0,7.0,0.0,0.0,0.0,0.0,0.0,1.0,6.0,0.0,0.0,0.0,0.0,0.0,0.0,0.0
806,1525,1942,1884,2209.0,1507,3449,1523,1225,554,1132,169,270,945,3359,507,1693,1061,782,203,215,77,169.0,77,362,5595,948,263,63.0,134.0,236,582,423,131,528,54.0,116,47.0,404,146,0.0,29.0,2.0,0.0,2.0,98,114,20.0,100,856,19,6.0,126,81.0,47.0,202,108,66,32,4.0,25.0,84.0,10.0,9.0,5.0,28,9,5.0,1.0,75.0,36.0,5.0,12.0,15.0,13.0,26,379,1.0,85.0,29.0,375,79,30,19.0,25.0,19.0,16.0,22.0,479.0,319.0,127,69.0,15.0,26.0,13.0,3.0,5.0,3.0,17.0,26.0,6.0,4.0,1.0,12.0,1.0,7.0,3.0,10.0,1.0,7.0,2.0,14.0,3.0,12.0,0.0,0.0,1.0,1.0,0.0,0.0,32,58.0,71.0,2.0,5.0,16.0,3.0,4.0,0.0,11.0,1.0,1.0,3.0,1.0,1.0,1.0,3.0,40.0,18.0,6.0,1.0,37.0,3.0,2.0,3.0,2.0,1.0,3.0,0.0,1.0,2.0,0.0,1.0,0.0,2.0,0.0,0.0,0.0,0.0,0.0,1.0,0.0,0.0,0.0,0.0,0.0,2.0,5.0,1.0,2.0,0.0,0.0,0.0,2.0,2.0,0.0,0.0,0.0,1.0,0.0,0.0,0.0,1.0,0.0,0.0,0.0,0.0,0.0,0.0,0.0,0.0,0.0,0.0,0.0,0.0,0.0,0.0,0.0,0.0,0.0,0.0,0.0,0.0,0.0,0.0,0.0,0.0,0.0,0.0
81,3160,3373,3001,2191.0,2536,5114,3279,2061,879,1705,211,241,1382,5460,818,3147,1976,1399,276,313,137,308.0,135,529,9123,1152,297,49.0,115.0,300,1342,819,300,1017,79.0,170,59.0,706,234,0.0,48.0,0.0,8.0,2.0,162,224,27.0,151,1453,68,40.0,254,102.0,183.0,389,184,113,28,1.0,118.0,80.0,3.0,27.0,15.0,60,3,5.0,0.0,56.0,72.0,6.0,17.0,38.0,25.0,51,590,11.0,238.0,108.0,605,319,115,69.0,101.0,60.0,60.0,95.0,1667.0,1001.0,427,105.0,16.0,67.0,23.0,6.0,40.0,10.0,48.0,61.0,11.0,16.0,2.0,21.0,3.0,5.0,19.0,5.0,4.0,39.0,34.0,58.0,19.0,24.0,5.0,1.0,1.0,1.0,11.0,19.0,54,121.0,144.0,14.0,4.0,34.0,1.0,4.0,4.0,9.0,3.0,2.0,1.0,5.0,1.0,1.0,4.0,139.0,38.0,15.0,5.0,60.0,16.0,27.0,7.0,13.0,4.0,9.0,6.0,1.0,1.0,1.0,3.0,1.0,2.0,1.0,2.0,0.0,0.0,0.0,0.0,0.0,0.0,0.0,0.0,0.0,0.0,2.0,0.0,0.0,0.0,0.0,0.0,0.0,0.0,0.0,0.0,0.0,0.0,0.0,0.0,0.0,0.0,0.0,0.0,0.0,0.0,0.0,0.0,0.0,0.0,0.0,0.0,0.0,0.0,0.0,0.0,0.0,0.0,0.0,0.0,0.0,0.0,0.0,0.0,0.0,0.0,0.0,0.0
811,4838,5689,5769,4916.0,4606,9135,4357,3119,1760,3695,443,597,2551,40982,2155,4227,3366,2337,833,579,269,248.0,160,745,14748,2226,935,206.0,451.0,716,1360,1775,592,1588,119.0,278,54.0,12040,283,3.0,118.0,1.0,12.0,5.0,200,322,73.0,239,24035,286,67.0,541,158.0,138.0,639,206,200,109,28.0,55.0,174.0,42.0,65.0,20.0,111,27,12.0,28.0,173.0,126.0,6.0,2988.0,4579.0,15.0,66,618,3.0,244.0,71.0,574,296,57,100.0,47.0,38.0,26.0,200.0,1360.0,736.0,288,120.0,34.0,114.0,1559.0,33.0,232.0,9.0,70.0,67.0,30.0,9.0,6.0,404.0,6.0,4.0,32.0,21.0,6.0,42.0,10.0,49.0,19.0,26.0,225.0,4.0,346.0,348.0,0.0,0.0,71,101.0,141.0,22.0,25.0,58.0,29.0,16.0,5316.0,29.0,1.0,1.0,1.0,5.0,1.0,2.0,16.0,115.0,43.0,12.0,3.0,62.0,13.0,15.0,17.0,2.0,3.0,15.0,23.0,3.0,15.0,0.0,0.0,1.0,13.0,0.0,0.0,0.0,2.0,3.0,334.0,0.0,2.0,1.0,3.0,0.0,1.0,5.0,7.0,3.0,3.0,23.0,21.0,20.0,5.0,0.0,1.0,2.0,7.0,9.0,1.0,0.0,0.0,1.0,19.0,18.0,1.0,15.0,171.0,474.0,0.0,0.0,0.0,0.0,0.0,0.0,0.0,33.0,69.0,0.0,0.0,0.0,0.0,0.0,0.0,0.0,0.0,0.0,0.0
815,6110,5702,8201,13023.0,7977,19808,5578,3739,1698,5822,2972,9053,3480,10206,2452,4309,3993,2990,682,828,252,466.0,281,760,24145,2801,1296,111.0,240.0,743,967,7282,611,1787,141.0,307,84.0,875,692,2.0,62.0,17.0,4.0,9.0,375,98,34.0,323,910,156,34.0,1132,26.0,39.0,875,277,251,74,11.0,243.0,184.0,28.0,25.0,12.0,60,32,47.0,0.0,124.0,87.0,0.0,0.0,9.0,77.0,82,477,0.0,184.0,41.0,347,214,336,269.0,7.0,2.0,10.0,33.0,3025.0,814.0,1267,69.0,128.0,15.0,24.0,29.0,51.0,95.0,53.0,86.0,36.0,10.0,0.0,55.0,0.0,1.0,5.0,7.0,7.0,5.0,57.0,27.0,21.0,16.0,47.0,0.0,73.0,161.0,19.0,34.0,25,144.0,62.0,4.0,2.0,91.0,30.0,0.0,0.0,37.0,0.0,12.0,3.0,50.0,1.0,0.0,33.0,65.0,2.0,5.0,5.0,10.0,8.0,14.0,26.0,4.0,3.0,26.0,6.0,31.0,18.0,0.0,4.0,0.0,1.0,0.0,0.0,0.0,9.0,12.0,28.0,0.0,0.0,3.0,0.0,5.0,0.0,9.0,5.0,5.0,5.0,2.0,2.0,58.0,22.0,1.0,5.0,4.0,8.0,0.0,0.0,0.0,0.0,3.0,0.0,0.0,0.0,0.0,0.0,0.0,0.0,0.0,0.0,0.0,7.0,0.0,0.0,0.0,0.0,0.0,1.0,6.0,0.0,0.0,0.0,0.0,0.0,0.0,0.0
84,36547,24349,25236,20867.0,21627,52554,22445,13772,8131,15089,2398,9392,12759,36303,11417,16027,16866,20103,3231,3600,1729,1932.0,943,4280,63088,15744,3643,561.0,1183.0,4240,7830,11614,3330,8153,504.0,1464,545.0,4877,4523,13.0,1179.0,34.0,29.0,38.0,959,1096,290.0,1525,8665,1052,69.0,1906,190.0,1001.0,3616,2004,869,603,87.0,543.0,967.0,201.0,370.0,108.0,393,67,80.0,74.0,624.0,382.0,23.0,34.0,127.0,129.0,262,1937,17.0,463.0,157.0,1961,613,927,1398.0,151.0,102.0,94.0,844.0,6176.0,2354.0,1558,529.0,744.0,521.0,152.0,231.0,254.0,116.0,235.0,1761.0,121.0,624.0,136.0,414.0,15.0,22.0,77.0,157.0,38.0,61.0,76.0,109.0,40.0,51.0,143.0,11.0,559.0,401.0,34.0,62.0,309,861.0,567.0,70.0,84.0,144.0,284.0,23.0,76.0,223.0,9.0,27.0,46.0,26.0,13.0,8.0,111.0,221.0,67.0,89.0,44.0,90.0,72.0,30.0,34.0,20.0,18.0,120.0,12.0,9.0,30.0,2.0,10.0,4.0,21.0,5.0,7.0,6.0,23.0,62.0,185.0,5.0,11.0,23.0,24.0,23.0,2.0,31.0,8.0,45.0,0.0,12.0,22.0,38.0,40.0,8.0,4.0,9.0,16.0,11.0,3.0,9.0,3.0,25.0,56.0,37.0,13.0,28.0,209.0,38.0,14.0,3.0,1.0,0.0,8.0,0.0,1.0,0.0,0.0,0.0,5.0,6.0,2.0,1.0,0.0,3.0,0.0,1.0,0.0
851,6800,8590,8979,11546.0,7245,17721,7382,5063,3804,6552,1070,1631,2904,8778,2227,5669,5494,3865,791,1227,1057,855.0,411,1759,22566,5149,1364,369.0,787.0,2271,2061,2938,780,2169,307.0,572,186.0,1003,348,2.0,357.0,4.0,8.0,9.0,464,317,118.0,535,2097,277,57.0,566,115.0,178.0,1008,472,396,236,39.0,446.0,237.0,55.0,130.0,29.0,228,43,22.0,3.0,192.0,85.0,7.0,17.0,30.0,21.0,67,801,1.0,117.0,41.0,822,147,367,380.0,33.0,19.0,18.0,134.0,3217.0,1079.0,842,261.0,78.0,188.0,61.0,55.0,79.0,38.0,102.0,104.0,48.0,12.0,1.0,99.0,3.0,4.0,25.0,60.0,25.0,10.0,51.0,18.0,8.0,16.0,77.0,16.0,670.0,241.0,11.0,39.0,109,230.0,199.0,7.0,53.0,77.0,116.0,16.0,13.0,73.0,1.0,6.0,5.0,11.0,5.0,1.0,68.0,56.0,18.0,20.0,11.0,49.0,22.0,9.0,12.0,5.0,8.0,17.0,2.0,2.0,4.0,0.0,4.0,2.0,7.0,3.0,6.0,1.0,3.0,3.0,84.0,0.0,0.0,18.0,19.0,8.0,1.0,28.0,4.0,20.0,4.0,19.0,27.0,24.0,16.0,2.0,3.0,8.0,20.0,13.0,6.0,0.0,0.0,1.0,0.0,1.0,0.0,1.0,11.0,18.0,0.0,1.0,0.0,0.0,0.0,0.0,0.0,11.0,18.0,0.0,1.0,0.0,0.0,0.0,0.0,1.0,0.0,0.0,0.0
886,33290,29959,24855,19142.0,30011,47395,24782,15690,6654,14398,2213,4087,12510,67786,7685,20301,18556,14961,3413,4778,1172,2104.0,733,2593,70951,14823,4787,817.0,1790.0,4866,7091,8132,2368,8042,282.0,1610,463.0,16245,448,4.0,1466.0,64.0,21.0,13.0,943,498,170.0,1505,30134,490,48.0,2656,164.0,1817.0,5439,1270,756,506,50.0,381.0,1351.0,97.0,164.0,60.0,230,104,88.0,71.0,874.0,581.0,19.0,3012.0,4660.0,472.0,485,2203,25.0,536.0,230.0,2225,766,717,1259.0,213.0,112.0,88.0,468.0,4892.0,2358.0,1090,350.0,695.0,339.0,1633.0,42.0,305.0,223.0,169.0,1163.0,139.0,473.0,71.0,532.0,6.0,23.0,83.0,60.0,27.0,76.0,111.0,110.0,61.0,56.0,258.0,5.0,321.0,358.0,21.0,29.0,358,679.0,616.0,40.0,36.0,157.0,13.0,26.0,5335.0,13.0,8.0,9.0,19.0,17.0,7.0,7.0,5.0,275.0,64.0,24.0,7.0,97.0,60.0,54.0,28.0,19.0,22.0,57.0,16.0,3.0,18.0,6.0,25.0,3.0,36.0,7.0,6.0,4.0,24.0,34.0,326.0,6.0,6.0,2.0,0.0,10.0,4.0,6.0,8.0,18.0,3.0,10.0,18.0,23.0,28.0,2.0,5.0,1.0,13.0,7.0,0.0,0.0,13.0,13.0,19.0,22.0,6.0,20.0,122.0,43.0,4.0,0.0,0.0,9.0,1.0,0.0,0.0,3.0,6.0,4.0,0.0,1.0,0.0,0.0,0.0,2.0,0.0,0.0,0.0
931,443,615,711,1093.0,543,1481,393,236,122,509,22,23,359,954,63,499,245,137,28,69,20,2.0,50,119,2042,436,73,3.0,6.0,13,46,700,45,177,20.0,15,5.0,78,145,0.0,2.0,0.0,0.0,0.0,28,32,3.0,23,167,115,2.0,60,3.0,11.0,54,46,6,1,0.0,20.0,0.0,0.0,4.0,0.0,1,1,0.0,0.0,0.0,11.0,0.0,0.0,0.0,0.0,6,30,0.0,0.0,0.0,31,20,14,2.0,0.0,0.0,0.0,512.0,201.0,36.0,42,5.0,5.0,6.0,5.0,19.0,15.0,2.0,1.0,18.0,0.0,4.0,0.0,17.0,0.0,3.0,7.0,1.0,1.0,0.0,0.0,0.0,0.0,0.0,0.0,0.0,41.0,36.0,0.0,0.0,5,2.0,4.0,0.0,0.0,9.0,0.0,0.0,0.0,0.0,0.0,0.0,0.0,0.0,0.0,0.0,0.0,0.0,0.0,8.0,0.0,0.0,0.0,0.0,0.0,0.0,2.0,0.0,0.0,0.0,0.0,0.0,0.0,0.0,0.0,0.0,0.0,0.0,0.0,0.0,12.0,0.0,0.0,0.0,0.0,0.0,0.0,0.0,0.0,2.0,0.0,0.0,0.0,0.0,0.0,0.0,0.0,0.0,2.0,0.0,0.0,0.0,0.0,0.0,0.0,0.0,0.0,0.0,0.0,0.0,0.0,0.0,0.0,0.0,0.0,0.0,0.0,0.0,0.0,0.0,1.0,0.0,0.0,0.0,0.0,0.0,0.0,0.0,0.0
949,24781,20882,16243,15974.0,26475,36765,14362,9460,3798,10747,1778,3202,7738,54071,8924,12873,12589,9541,2190,4411,792,1093.0,489,1632,50437,10884,4281,639.0,1444.0,3842,3692,10756,821,4502,116.0,1280,322.0,13367,380,1.0,697.0,35.0,2.0,1.0,372,144,65.0,823,25516,237,55.0,2305,51.0,778.0,4333,664,598,380,47.0,161.0,1088.0,66.0,101.0,34.0,83,77,39.0,32.0,605.0,434.0,2.0,2982.0,4564.0,434.0,365,1025,1.0,100.0,73.0,1069,291,667,732.0,29.0,4.0,4.0,142.0,1890.0,310.0,411,123.0,286.0,131.0,1542.0,17.0,260.0,93.0,82.0,138.0,135.0,218.0,459.0,456.0,0.0,4.0,159.0,52.0,23.0,16.0,83.0,8.0,36.0,1.0,237.0,7.0,353.0,4426.0,0.0,0.0,54,32.0,32.0,1.0,11.0,36.0,0.0,5.0,5326.0,0.0,5.0,1.0,14.0,4.0,9.0,1.0,2.0,106.0,6.0,0.0,9.0,13.0,621.0,15.0,8.0,2.0,5.0,35.0,4.0,0.0,9.0,2.0,14.0,0.0,34.0,7.0,7.0,0.0,19.0,27.0,373.0,0.0,0.0,1.0,2.0,7.0,3.0,11.0,7.0,36.0,2.0,8.0,10.0,17.0,35.0,0.0,1.0,0.0,6.0,3.0,1.0,0.0,12.0,17.0,17.0,17.0,1.0,8.0,8.0,25.0,0.0,0.0,0.0,8.0,0.0,0.0,0.0,4.0,8.0,4.0,0.0,0.0,0.0,0.0,0.0,0.0,0.0,0.0,0.0
952,22072,28510,25912,29183.0,23848,51156,21744,15760,6846,15799,5458,12458,11714,71998,6193,18182,15917,9441,2169,3857,1888,2426.0,2065,6299,73035,9335,4043,638.0,1355.0,3274,5999,16170,2926,5917,741.0,2533,441.0,17138,2648,50.0,972.0,66.0,65.0,53.0,1118,782,974.0,1513,31907,574,134.0,4278,500.0,3969.0,7299,1477,1115,612,82.0,1130.0,2595.0,181.0,267.0,82.0,449,169,199.0,236.0,892.0,854.0,32.0,2996.0,4684.0,217.0,441,2570,82.0,1113.0,349.0,2243,1106,890,604.0,282.0,238.0,97.0,3651.0,13410.0,3348.0,3404,489.0,405.0,1445.0,1690.0,206.0,466.0,687.0,214.0,439.0,274.0,39.0,7.0,565.0,13.0,28.0,480.0,160.0,136.0,180.0,373.0,157.0,261.0,355.0,338.0,21.0,576.0,630.0,110.0,289.0,519,549.0,583.0,40.0,340.0,292.0,407.0,81.0,5635.0,349.0,6.0,24.0,27.0,172.0,29.0,1.0,385.0,370.0,121.0,47.0,32.0,421.0,60.0,293.0,119.0,151.0,25.0,171.0,34.0,50.0,82.0,2.0,92.0,30.0,60.0,28.0,34.0,8.0,2.0,5.0,439.0,4.0,13.0,18.0,1.0,13.0,24.0,25.0,6.0,17.0,6.0,18.0,17.0,183.0,82.0,23.0,51.0,40.0,475.0,4.0,0.0,0.0,5.0,4.0,38.0,0.0,88.0,34.0,11.0,2.0,53.0,11.0,5.0,3.0,15.0,0.0,0.0,3.0,6.0,4.0,24.0,6.0,1.0,0.0,0.0,2.0,8.0,0.0,0.0
966,3575,4656,4626,2813.0,3485,7394,4276,2385,1217,2680,314,339,2198,6850,1538,3783,2668,1764,566,459,227,378.0,195,812,12090,1382,411,47.0,106.0,446,1528,951,530,1260,104.0,186,52.0,1047,272,2.0,130.0,2.0,15.0,4.0,186,220,43.0,242,2083,181,40.0,266,95.0,168.0,821,261,106,42,10.0,120.0,66.0,15.0,66.0,13.0,76,6,28.0,9.0,62.0,94.0,6.0,17.0,58.0,35.0,86,758,15.0,422.0,142.0,677,347,115,157.0,122.0,72.0,60.0,172.0,1323.0,886.0,385,100.0,34.0,137.0,39.0,24.0,54.0,46.0,61.0,80.0,35.0,20.0,1.0,33.0,5.0,5.0,34.0,25.0,14.0,49.0,26.0,69.0,47.0,47.0,6.0,3.0,44.0,51.0,11.0,19.0,93,158.0,201.0,9.0,7.0,85.0,25.0,7.0,9.0,9.0,1.0,2.0,3.0,23.0,9.0,2.0,9.0,193.0,39.0,15.0,3.0,79.0,33.0,29.0,28.0,28.0,9.0,17.0,5.0,9.0,6.0,1.0,1.0,4.0,5.0,2.0,1.0,0.0,2.0,13.0,3.0,0.0,1.0,12.0,0.0,1.0,9.0,5.0,1.0,12.0,0.0,2.0,3.0,38.0,7.0,2.0,3.0,11.0,11.0,1.0,0.0,1.0,2.0,5.0,14.0,1.0,2.0,1.0,1.0,0.0,1.0,0.0,0.0,0.0,1.0,0.0,0.0,0.0,0.0,0.0,0.0,1.0,0.0,0.0,0.0,0.0,2.0,0.0,0.0
967,66,7132,6153,4827.0,6430,11961,6321,4599,1979,3676,561,612,2916,44423,1129,4871,4681,2286,502,1058,203,505.0,179,820,19969,2293,1098,234.0,529.0,909,1672,1569,617,1665,127.0,217,45.0,12509,640,3.0,425.0,3.0,12.0,16.0,277,224,41.0,400,25199,161,36.0,552,90.0,424.0,2390,438,182,98,26.0,65.0,161.0,12.0,44.0,14.0,113,30,12.0,4.0,123.0,149.0,8.0,2984.0,4596.0,62.0,123,846,14.0,488.0,199.0,887,422,149,191.0,137.0,57.0,17.0,196.0,853.0,323.0,255,142.0,25.0,129.0,1599.0,19.0,268.0,49.0,77.0,143.0,35.0,15.0,2.0,364.0,6.0,3.0,15.0,23.0,27.0,63.0,46.0,33.0,98.0,96.0,245.0,13.0,313.0,360.0,10.0,10.0,189,90.0,211.0,10.0,6.0,104.0,5.0,3.0,5324.0,0.0,3.0,0.0,0.0,8.0,1.0,0.0,0.0,201.0,24.0,4.0,2.0,139.0,48.0,12.0,12.0,4.0,9.0,13.0,10.0,0.0,6.0,0.0,0.0,1.0,4.0,1.0,0.0,1.0,1.0,0.0,281.0,3.0,1.0,2.0,0.0,2.0,2.0,2.0,3.0,7.0,1.0,4.0,5.0,24.0,3.0,0.0,1.0,1.0,3.0,0.0,0.0,0.0,12.0,0.0,0.0,1.0,0.0,0.0,0.0,0.0,0.0,0.0,0.0,0.0,0.0,0.0,0.0,0.0,0.0,0.0,0.0,0.0,0.0,0.0,0.0,0.0,0.0,0.0,0.0
968,144,7072,6047,4921.0,6355,12630,6909,4410,1965,3521,578,770,2458,10476,1688,4575,5264,2422,762,1139,384,678.0,282,1759,20194,2480,702,52.0,117.0,622,1593,1943,767,1671,155.0,203,49.0,1513,701,4.0,459.0,6.0,9.0,5.0,288,202,45.0,490,2901,357,32.0,855,72.0,182.0,2780,537,112,65,13.0,62.0,119.0,15.0,43.0,3.0,93,19,21.0,5.0,80.0,214.0,7.0,17.0,130.0,65.0,134,644,8.0,366.0,164.0,735,507,167,369.0,109.0,47.0,16.0,264.0,844.0,431.0,204,137.0,127.0,167.0,118.0,24.0,70.0,27.0,51.0,203.0,25.0,29.0,10.0,111.0,7.0,2.0,8.0,7.0,21.0,53.0,15.0,22.0,68.0,88.0,38.0,9.0,69.0,98.0,10.0,9.0,175,84.0,175.0,31.0,8.0,86.0,27.0,2.0,9.0,3.0,0.0,0.0,0.0,11.0,1.0,0.0,12.0,147.0,24.0,10.0,4.0,124.0,34.0,7.0,12.0,4.0,35.0,14.0,6.0,0.0,4.0,0.0,1.0,5.0,9.0,2.0,1.0,0.0,1.0,6.0,55.0,3.0,1.0,9.0,3.0,0.0,0.0,3.0,0.0,2.0,0.0,4.0,3.0,26.0,7.0,0.0,1.0,4.0,21.0,6.0,1.0,0.0,0.0,8.0,7.0,5.0,0.0,0.0,0.0,0.0,0.0,0.0,0.0,2.0,0.0,0.0,0.0,2.0,10.0,2.0,0.0,0.0,0.0,0.0,0.0,0.0,0.0,0.0,0.0
97,9550,10570,7062,6554.0,9450,15996,8527,5244,2009,4345,672,787,3871,46461,2251,7081,5946,4006,868,1192,271,726.0,283,1083,27042,4529,1770,187.0,407.0,1677,2716,3352,691,2339,134.0,342,100.0,12913,469,8.0,294.0,16.0,41.0,24.0,251,223,52.0,503,25258,155,15.0,1082,84.0,306.0,1603,467,209,100,12.0,261.0,281.0,19.0,83.0,14.0,88,19,34.0,20.0,208.0,242.0,14.0,2991.0,4593.0,133.0,189,950,8.0,300.0,113.0,979,365,253,250.0,94.0,56.0,40.0,295.0,3801.0,1879.0,1155,169.0,149.0,165.0,1590.0,23.0,288.0,54.0,79.0,149.0,32.0,18.0,3.0,458.0,2.0,16.0,21.0,13.0,47.0,28.0,97.0,57.0,33.0,25.0,199.0,30.0,337.0,335.0,21.0,28.0,124,246.0,298.0,13.0,6.0,92.0,5.0,4.0,5313.0,13.0,1.0,6.0,4.0,11.0,3.0,2.0,8.0,145.0,38.0,38.0,10.0,90.0,22.0,16.0,8.0,7.0,10.0,31.0,6.0,7.0,12.0,1.0,9.0,1.0,21.0,2.0,14.0,1.0,2.0,7.0,329.0,4.0,4.0,1.0,15.0,1.0,2.0,0.0,4.0,5.0,2.0,2.0,3.0,25.0,9.0,4.0,7.0,0.0,9.0,31.0,8.0,0.0,0.0,5.0,9.0,10.0,1.0,1.0,45.0,91.0,1.0,1.0,0.0,3.0,0.0,0.0,0.0,31.0,27.0,4.0,0.0,0.0,0.0,3.0,1.0,0.0,0.0,0.0,0.0
98,33363,37031,30088,35057.0,38501,74047,28529,19411,11138,17497,2572,6120,16323,78507,8887,19039,22574,23684,3681,4398,1623,2149.0,1322,3092,90967,11336,4408,761.0,1667.0,4161,9741,11767,7867,9731,309.0,2856,1129.0,20900,1785,13.0,2025.0,42.0,18.0,20.0,1146,573,168.0,1859,37952,537,125.0,3282,228.0,2323.0,3853,1553,2085,883,84.0,1851.0,2535.0,143.0,303.0,206.0,381,126,139.0,65.0,2206.0,544.0,17.0,2999.0,5171.0,437.0,473,3474,19.0,428.0,203.0,3437,1296,1320,1489.0,157.0,99.0,76.0,445.0,13979.0,3525.0,3732,441.0,401.0,334.0,1919.0,40.0,327.0,164.0,302.0,5598.0,229.0,2524.0,472.0,1456.0,6.0,21.0,103.0,92.0,20.0,49.0,485.0,96.0,69.0,40.0,272.0,3.0,327.0,392.0,21.0,29.0,245,573.0,460.0,64.0,58.0,156.0,13.0,45.0,5332.0,12.0,3.0,15.0,29.0,28.0,11.0,4.0,9.0,265.0,47.0,31.0,35.0,104.0,54.0,35.0,31.0,19.0,22.0,63.0,46.0,14.0,11.0,1.0,13.0,3.0,13.0,8.0,5.0,2.0,16.0,19.0,290.0,4.0,27.0,21.0,3.0,28.0,9.0,22.0,14.0,64.0,2.0,22.0,28.0,61.0,29.0,8.0,8.0,17.0,20.0,6.0,2.0,1.0,3.0,3.0,24.0,26.0,3.0,26.0,1160.0,238.0,0.0,0.0,0.0,0.0,0.0,0.0,0.0,0.0,0.0,0.0,0.0,0.0,0.0,0.0,0.0,0.0,0.0,0.0,0.0
