,0,70,0E,71,0A,0F,0C,11,12,60,13,34,22,69,28,2C,1A,0,2B,62,72,6E,5C,5B,54,38,39,27,52,32,59,D8,55,63,B0,3A,1F,3D,35,33,29,3B,23,DA,1,4B,21,44,6F,14,0D,26,E1,B5,B6,7,15,E0,6A,16,76,1D,3C,1E,46,4D,37,DD,36,90,91,DB,DF,98,B1,4,74,20,0B,10,5A,53,31,BB,8,1C,49,93,9C,2,50,9F,84,9E,86,8A,B2,D3,D2,5,7D,77,8E,95,96,D5,DE,C7,A8,C8,C6,94,82,A9,87,92,7B,89,18,CD,8C,2D,A6,A7,2E,7F,C9,81,17,68,19,2F,83,CB,61,9B,30,AD,67,48,E2,BC,BE,DC,75,B3,8D,4F,AE,AB,AC,BD,9D,CC,CE,B4,5D,56,BF,4C,45,85,D0,A5,C2,B7,8F,8B,B8,99,BA,24,97,D4,47,5E,57,C0,C3,C1,A4,D7,C5,9A,65,6C,5F,58,88,A3,D6,AA,CF,CA,A0,A1,4A,51,4E,C4,B9,64,6B,66,6D,A2,80,AF
1012,9194.0,13021,7781,9176,8781,1893,26708,4536,10114,1257.0,5731,261.0,9190,1747,5937,42.0,13630.0,90.0,127.0,5324,5436.0,35256,681.0,5231.0,14876.0,5972,2988,1756.0,2507.0,597,1266.0,2599,706.0,97.0,530.0,258.0,3160.0,496,1243,1194,987,174.0,1762,204.0,2586,546.0,617,621.0,439,326.0,1392,479.0,113.0,49.0,79.0,1285.0,348.0,148.0,37.0,296.0,653.0,211.0,79.0,437.0,576,3811.0,276.0,157.0,170.0,264.0,235.0,134.0,15.0,21.0,165.0,53.0,1249.0,373.0,523.0,127.0,190.0,229.0,125.0,29.0,2676.0,318.0,96.0,31.0,16.0,627.0,20.0,3.0,39.0,6.0,3.0,39.0,70.0,9.0,16.0,49.0,1.0,294.0,94.0,20.0,19.0,111.0,46.0,84.0,33.0,118.0,114.0,10.0,389.0,41.0,111.0,46.0,23.0,26.0,56.0,31.0,15.0,60.0,16.0,79.0,41.0,9.0,70.0,82.0,37.0,10.0,61.0,32.0,32.0,5.0,9.0,8.0,12.0,12.0,16.0,248,55.0,14.0,9.0,73.0,12.0,15.0,81.0,160.0,14.0,4.0,3.0,12.0,5.0,2.0,1.0,9.0,3.0,6.0,2.0,3.0,6.0,2.0,17.0,5.0,14.0,31.0,1.0,3.0,16.0,7.0,1.0,2.0,3.0,5.0,3.0,10.0,19.0,4.0,1.0,1.0,2.0,2.0,11.0,1.0,7.0,6.0,0.0,0.0,0.0,0.0,0.0,0.0,0.0,0.0,0.0,0.0,0.0,0.0,0.0,0.0,0.0,0.0,0.0,0.0,0.0,0.0,0.0,0.0
1034,21.0,5954,4423,12365,7770,1903,13826,3467,9059,138.0,2650,110.0,4171,1176,5593,211.0,6672.0,228.0,264.0,1882,3876.0,19316,667.0,2891.0,42103.0,3896,1521,1517.0,24539.0,559,12342.0,560,765.0,73.0,228.0,101.0,1581.0,180,657,441,837,47.0,770,49.0,2134,61.0,238,75.0,262,142.0,1363,12.0,11.0,4589.0,1543.0,1239.0,240.0,241.0,17.0,238.0,238.0,264.0,64.0,587.0,187,1309.0,71.0,37.0,33.0,50.0,96.0,78.0,2982.0,6.0,91.0,36.0,222.0,315.0,504.0,121.0,228.0,433.0,127.0,17.0,1379.0,126.0,1.0,0.0,10.0,224.0,0.0,3.0,20.0,1.0,3.0,3.0,20.0,11.0,9.0,48.0,0.0,106.0,2.0,3.0,3.0,349.0,12.0,29.0,8.0,85.0,59.0,1.0,212.0,25.0,102.0,3.0,9.0,16.0,25.0,6.0,5.0,89.0,11.0,29.0,32.0,2.0,43.0,26.0,41.0,3.0,13.0,12.0,9.0,2.0,4.0,2.0,11.0,0.0,12.0,282,203.0,21.0,1.0,2.0,4.0,2.0,270.0,266.0,1.0,0.0,1.0,14.0,6.0,2.0,5.0,0.0,1.0,1.0,14.0,0.0,2.0,3.0,7.0,5.0,8.0,5323.0,4.0,4.0,2.0,0.0,0.0,0.0,0.0,2.0,1.0,0.0,0.0,11.0,1.0,1.0,1.0,0.0,4.0,0.0,0.0,0.0,5.0,18.0,1.0,1.0,2.0,7.0,2.0,1.0,0.0,0.0,0.0,0.0,0.0,0.0,0.0,0.0,0.0,0.0,0.0,0.0,0.0,0.0
1041,9292.0,13319,7982,9546,9017,1932,27323,4600,10406,1260.0,5792,270.0,9410,1814,6135,42.0,14214.0,93.0,129.0,5457,5544.0,36140,724.0,5365.0,15183.0,6236,3115,1810.0,2553.0,608,1274.0,2653,739.0,102.0,532.0,258.0,3241.0,516,1251,1212,1060,176.0,1779,205.0,2647,545.0,630,621.0,451,326.0,1479,480.0,122.0,50.0,86.0,1330.0,361.0,157.0,43.0,309.0,660.0,256.0,81.0,545.0,588,3848.0,281.0,170.0,173.0,264.0,237.0,137.0,15.0,21.0,167.0,54.0,1262.0,405.0,544.0,131.0,203.0,238.0,135.0,30.0,2689.0,325.0,96.0,31.0,20.0,674.0,20.0,3.0,39.0,6.0,3.0,39.0,71.0,9.0,16.0,49.0,1.0,307.0,94.0,21.0,19.0,124.0,46.0,85.0,37.0,125.0,114.0,10.0,414.0,45.0,127.0,46.0,23.0,26.0,57.0,33.0,15.0,62.0,16.0,79.0,41.0,9.0,73.0,83.0,39.0,12.0,61.0,32.0,32.0,5.0,11.0,8.0,12.0,12.0,17.0,276,55.0,21.0,8.0,76.0,13.0,15.0,81.0,186.0,14.0,4.0,3.0,12.0,5.0,2.0,1.0,9.0,3.0,6.0,2.0,3.0,6.0,3.0,17.0,5.0,14.0,31.0,1.0,5.0,16.0,7.0,1.0,2.0,3.0,5.0,3.0,10.0,19.0,4.0,1.0,1.0,2.0,2.0,11.0,1.0,7.0,6.0,0.0,0.0,3.0,0.0,0.0,0.0,0.0,0.0,0.0,0.0,0.0,0.0,0.0,0.0,0.0,0.0,0.0,0.0,0.0,0.0,0.0,0.0
1057,8865.0,12714,7585,8893,8630,1839,26249,4424,9872,1235.0,5697,256.0,8998,1730,5789,42.0,13517.0,89.0,123.0,5286,5400.0,34638,649.0,5110.0,14494.0,5813,2905,1676.0,2386.0,583,1202.0,2533,692.0,93.0,528.0,256.0,3118.0,489,1220,1171,985,169.0,1744,203.0,2572,544.0,578,620.0,423,323.0,1301,479.0,113.0,34.0,73.0,1247.0,338.0,147.0,36.0,283.0,645.0,184.0,76.0,380.0,542,3786.0,269.0,157.0,167.0,264.0,222.0,132.0,15.0,21.0,164.0,49.0,1249.0,372.0,510.0,121.0,181.0,217.0,116.0,26.0,2681.0,315.0,96.0,31.0,16.0,627.0,20.0,3.0,38.0,6.0,3.0,38.0,69.0,8.0,16.0,49.0,1.0,294.0,93.0,11.0,19.0,110.0,46.0,84.0,33.0,117.0,114.0,10.0,382.0,40.0,107.0,43.0,23.0,26.0,56.0,31.0,15.0,58.0,16.0,79.0,40.0,9.0,67.0,73.0,35.0,10.0,61.0,32.0,31.0,5.0,9.0,8.0,12.0,12.0,15.0,247,49.0,12.0,8.0,71.0,12.0,13.0,81.0,160.0,14.0,4.0,3.0,10.0,5.0,2.0,1.0,9.0,3.0,6.0,2.0,0.0,2.0,1.0,17.0,5.0,14.0,31.0,1.0,3.0,16.0,7.0,1.0,2.0,3.0,5.0,3.0,10.0,19.0,4.0,1.0,1.0,2.0,2.0,11.0,1.0,7.0,6.0,0.0,0.0,0.0,0.0,0.0,0.0,0.0,0.0,0.0,0.0,0.0,0.0,0.0,0.0,0.0,0.0,0.0,0.0,0.0,0.0,0.0,0.0
1061,4815.0,8206,5767,6743,7593,2011,16553,3320,8428,244.0,2101,217.0,5687,813,5874,34.0,7708.0,85.0,109.0,2481,3116.0,24941,916.0,3144.0,10649.0,5350,3276,1371.0,2002.0,531,1122.0,1600,903.0,186.0,283.0,250.0,2143.0,423,890,841,704,224.0,885,84.0,1126,191.0,893,160.0,626,391.0,1487,68.0,32.0,36.0,49.0,914.0,235.0,58.0,90.0,378.0,174.0,309.0,96.0,642.0,356,1332.0,230.0,125.0,106.0,250.0,272.0,85.0,12.0,14.0,160.0,64.0,491.0,289.0,506.0,196.0,273.0,412.0,237.0,72.0,1616.0,130.0,153.0,14.0,46.0,865.0,61.0,4.0,83.0,13.0,19.0,29.0,30.0,4.0,4.0,53.0,2.0,157.0,44.0,10.0,4.0,80.0,9.0,19.0,7.0,51.0,30.0,17.0,175.0,31.0,57.0,15.0,46.0,20.0,20.0,17.0,9.0,54.0,7.0,37.0,22.0,4.0,23.0,145.0,68.0,9.0,55.0,22.0,39.0,6.0,9.0,8.0,21.0,14.0,53.0,98,15.0,40.0,20.0,15.0,13.0,14.0,54.0,48.0,19.0,12.0,13.0,26.0,11.0,5.0,7.0,1.0,19.0,34.0,5.0,16.0,48.0,8.0,15.0,1.0,8.0,1.0,19.0,4.0,2.0,1.0,0.0,0.0,1.0,2.0,20.0,21.0,49.0,33.0,9.0,0.0,37.0,0.0,2.0,0.0,10.0,5.0,10.0,18.0,3.0,11.0,1.0,0.0,0.0,1.0,12.0,11.0,21.0,8.0,13.0,6.0,1.0,0.0,0.0,0.0,0.0,0.0,0.0,0.0
1066,15735.0,9869,8156,14126,9039,2460,20734,5703,12674,119.0,3763,118.0,6555,1353,7819,202.0,10946.0,204.0,281.0,2731,7036.0,32119,566.0,4775.0,46720.0,6160,2315,2949.0,24376.0,523,12557.0,761,624.0,26.0,456.0,65.0,2745.0,263,704,554,1326,62.0,898,156.0,2557,81.0,608,83.0,356,121.0,2914,13.0,30.0,4589.0,1538.0,2314.0,111.0,226.0,18.0,338.0,337.0,435.0,73.0,946.0,289,1750.0,61.0,62.0,54.0,28.0,38.0,26.0,2977.0,7.0,60.0,71.0,313.0,466.0,779.0,206.0,346.0,536.0,214.0,32.0,1209.0,150.0,44.0,0.0,20.0,184.0,9.0,0.0,47.0,3.0,12.0,2.0,4.0,2.0,4.0,35.0,1.0,92.0,6.0,25.0,5.0,384.0,28.0,1.0,1.0,18.0,7.0,1.0,45.0,5.0,20.0,2.0,1.0,13.0,31.0,9.0,2.0,17.0,4.0,2.0,14.0,0.0,14.0,72.0,52.0,8.0,25.0,21.0,12.0,14.0,16.0,4.0,28.0,0.0,18.0,303,201.0,33.0,3.0,14.0,3.0,1.0,284.0,295.0,1.0,0.0,3.0,10.0,6.0,5.0,9.0,0.0,0.0,0.0,0.0,7.0,12.0,2.0,25.0,7.0,16.0,5313.0,2.0,7.0,2.0,0.0,0.0,0.0,0.0,2.0,2.0,0.0,0.0,22.0,9.0,9.0,8.0,0.0,10.0,0.0,0.0,0.0,3.0,6.0,1.0,1.0,5.0,8.0,4.0,2.0,0.0,0.0,0.0,0.0,1.0,0.0,0.0,0.0,0.0,0.0,0.0,0.0,0.0,0.0
1069,16802.0,11699,10016,15985,10954,3120,24393,6348,14991,197.0,4193,274.0,7685,1605,8990,221.0,12870.0,245.0,334.0,3409,7667.0,38593,956.0,5726.0,49798.0,7316,2828,2855.0,25423.0,593,13165.0,1106,971.0,149.0,510.0,142.0,3320.0,381,873,733,1491,99.0,1014,157.0,2805,166.0,729,163.0,477,267.0,3150,20.0,13.0,4588.0,1556.0,2534.0,357.0,225.0,52.0,363.0,344.0,406.0,121.0,879.0,389,1809.0,116.0,90.0,60.0,147.0,153.0,43.0,2989.0,17.0,83.0,75.0,583.0,473.0,804.0,195.0,330.0,531.0,195.0,30.0,2413.0,197.0,6.0,5.0,16.0,1076.0,14.0,1.0,40.0,3.0,19.0,8.0,15.0,3.0,7.0,53.0,2.0,220.0,12.0,13.0,15.0,402.0,32.0,17.0,38.0,91.0,58.0,2.0,241.0,39.0,153.0,17.0,15.0,21.0,55.0,46.0,10.0,93.0,30.0,44.0,40.0,4.0,31.0,72.0,47.0,8.0,41.0,30.0,49.0,22.0,16.0,5.0,30.0,8.0,27.0,347,199.0,30.0,1.0,9.0,8.0,2.0,295.0,312.0,6.0,0.0,3.0,11.0,5.0,13.0,22.0,1.0,0.0,0.0,0.0,25.0,28.0,2.0,28.0,7.0,16.0,5320.0,4.0,7.0,5.0,0.0,0.0,0.0,2.0,26.0,1.0,11.0,19.0,22.0,9.0,9.0,8.0,0.0,10.0,0.0,0.0,0.0,3.0,6.0,1.0,1.0,7.0,8.0,4.0,2.0,0.0,0.0,3.0,4.0,0.0,0.0,2.0,0.0,0.0,0.0,0.0,0.0,0.0,0.0
1077,1718.0,2473,1619,1672,1823,571,3626,903,2074,79.0,435,62.0,1480,313,1234,13.0,1339.0,26.0,37.0,844,672.0,5506,307.0,1237.0,2974.0,934,525,260.0,650.0,117,425.0,279,158.0,14.0,69.0,9.0,546.0,47,130,291,91,25.0,151,21.0,434,90.0,110,49.0,85,140.0,266,34.0,2.0,25.0,11.0,261.0,110.0,3.0,17.0,52.0,52.0,15.0,10.0,33.0,116,186.0,34.0,15.0,15.0,32.0,41.0,37.0,2.0,1.0,44.0,22.0,17.0,132.0,99.0,26.0,21.0,25.0,19.0,11.0,48.0,153.0,22.0,0.0,3.0,5.0,0.0,0.0,8.0,0.0,3.0,24.0,8.0,24.0,7.0,4.0,1.0,7.0,6.0,0.0,0.0,4.0,7.0,21.0,10.0,46.0,20.0,0.0,113.0,7.0,74.0,1.0,18.0,14.0,24.0,20.0,11.0,30.0,1.0,9.0,20.0,1.0,16.0,38.0,3.0,2.0,20.0,8.0,28.0,5.0,3.0,1.0,6.0,1.0,7.0,1,1.0,7.0,0.0,1.0,2.0,2.0,1.0,0.0,0.0,0.0,0.0,9.0,0.0,2.0,12.0,4.0,0.0,0.0,1.0,3.0,9.0,0.0,0.0,5.0,14.0,4.0,1.0,1.0,3.0,0.0,0.0,0.0,0.0,2.0,5.0,0.0,0.0,9.0,14.0,1.0,1.0,0.0,1.0,0.0,0.0,0.0,0.0,0.0,0.0,1.0,0.0,0.0,0.0,1.0,0.0,0.0,0.0,0.0,7.0,0.0,0.0,0.0,0.0,0.0,0.0,0.0,0.0,0.0
11,16802.0,11717,10024,15982,10956,3120,24418,6348,15010,197.0,4193,278.0,7701,1604,8999,221.0,12885.0,245.0,334.0,3409,7685.0,38654,956.0,5728.0,49797.0,7316,2828,2859.0,25423.0,593,13165.0,1112,971.0,149.0,510.0,142.0,3321.0,381,873,733,1490,99.0,1022,157.0,2805,166.0,733,163.0,482,269.0,3158,20.0,13.0,4588.0,1556.0,2534.0,359.0,225.0,52.0,363.0,344.0,406.0,121.0,879.0,388,1815.0,116.0,90.0,60.0,147.0,153.0,43.0,2989.0,17.0,83.0,75.0,583.0,473.0,804.0,195.0,330.0,531.0,195.0,30.0,2413.0,204.0,6.0,5.0,16.0,1076.0,14.0,1.0,40.0,3.0,19.0,8.0,15.0,3.0,7.0,53.0,2.0,220.0,12.0,13.0,15.0,402.0,32.0,17.0,38.0,91.0,58.0,2.0,241.0,39.0,153.0,17.0,15.0,21.0,55.0,46.0,10.0,93.0,30.0,44.0,40.0,4.0,31.0,72.0,47.0,8.0,41.0,30.0,49.0,22.0,16.0,5.0,30.0,8.0,27.0,347,199.0,30.0,1.0,9.0,8.0,2.0,295.0,312.0,6.0,0.0,3.0,11.0,5.0,13.0,22.0,1.0,0.0,0.0,0.0,25.0,28.0,2.0,28.0,7.0,16.0,5320.0,4.0,7.0,5.0,0.0,0.0,0.0,2.0,26.0,1.0,11.0,19.0,22.0,9.0,9.0,8.0,0.0,10.0,0.0,0.0,0.0,3.0,6.0,1.0,1.0,7.0,8.0,4.0,2.0,0.0,0.0,3.0,4.0,0.0,0.0,2.0,0.0,0.0,0.0,0.0,0.0,0.0,0.0
185,31378.0,32891,27339,105181,66827,7207,73701,14177,31841,5912.0,10418,1272.0,20276,3308,24587,140.0,34835.0,387.0,572.0,10559,15181.0,109981,3157.0,16082.0,55491.0,24260,11510,3551.0,10609.0,2188,6504.0,5207,2884.0,339.0,1437.0,599.0,9872.0,1714,2326,4306,3775,533.0,3571,308.0,8349,1051.0,1794,597.0,1987,1423.0,6508,531.0,355.0,164.0,326.0,7714.0,1250.0,317.0,221.0,1285.0,1112.0,819.0,430.0,1734.0,1470,5336.0,832.0,532.0,390.0,353.0,639.0,311.0,48.0,15.0,808.0,319.0,1108.0,1143.0,2493.0,636.0,947.0,1129.0,772.0,158.0,2834.0,2397.0,557.0,37.0,188.0,741.0,375.0,3.0,112.0,28.0,16.0,104.0,115.0,30.0,34.0,135.0,12.0,446.0,115.0,30.0,21.0,394.0,48.0,219.0,58.0,505.0,412.0,28.0,1267.0,100.0,501.0,37.0,162.0,121.0,138.0,78.0,40.0,403.0,42.0,214.0,183.0,63.0,281.0,302.0,139.0,38.0,507.0,29.0,98.0,32.0,48.0,13.0,24.0,6.0,237.0,506,108.0,117.0,70.0,63.0,31.0,60.0,292.0,1372.0,7.0,0.0,4.0,48.0,3.0,9.0,39.0,9.0,84.0,139.0,6.0,22.0,37.0,48.0,23.0,0.0,6.0,61.0,25.0,7.0,19.0,2.0,0.0,3.0,2.0,18.0,21.0,136.0,189.0,40.0,17.0,10.0,7.0,3.0,2.0,1.0,2.0,0.0,10.0,8.0,5.0,8.0,80.0,1.0,0.0,4.0,5.0,3.0,5.0,3.0,37.0,7.0,7.0,11.0,7.0,1.0,1.0,1.0,0.0,0.0
192,25.0,2128,1831,1728,2727,697,4296,741,2805,159.0,878,108.0,1286,225,1856,16.0,1775.0,31.0,40.0,379,719.0,8081,502.0,1046.0,38048.0,2269,958,339.0,23502.0,190,11620.0,498,552.0,66.0,194.0,104.0,943.0,141,271,320,288,47.0,140,15.0,1301,46.0,78,63.0,260,112.0,347,21.0,19.0,4582.0,1567.0,340.0,169.0,249.0,11.0,74.0,30.0,136.0,36.0,300.0,52,114.0,59.0,116.0,22.0,47.0,127.0,47.0,2983.0,7.0,123.0,10.0,111.0,107.0,97.0,20.0,42.0,31.0,43.0,8.0,248.0,42.0,33.0,5.0,6.0,122.0,20.0,0.0,2.0,0.0,0.0,1.0,2.0,0.0,0.0,12.0,0.0,20.0,2.0,5.0,1.0,339.0,12.0,23.0,8.0,68.0,56.0,3.0,165.0,15.0,97.0,7.0,15.0,5.0,3.0,5.0,4.0,56.0,5.0,25.0,12.0,2.0,28.0,18.0,9.0,15.0,9.0,1.0,0.0,0.0,13.0,1.0,0.0,0.0,13.0,289,225.0,18.0,0.0,0.0,6.0,2.0,280.0,283.0,0.0,0.0,0.0,4.0,0.0,0.0,0.0,1.0,0.0,0.0,0.0,0.0,0.0,1.0,1.0,0.0,0.0,5314.0,0.0,2.0,5.0,0.0,0.0,0.0,0.0,0.0,0.0,10.0,9.0,4.0,0.0,1.0,0.0,0.0,1.0,0.0,0.0,0.0,0.0,0.0,3.0,0.0,2.0,0.0,0.0,0.0,1.0,3.0,0.0,0.0,0.0,0.0,0.0,0.0,0.0,0.0,0.0,0.0,0.0,0.0
200,1870.0,1905,1970,1380,2235,933,2815,814,2245,100.0,477,140.0,1086,187,1365,21.0,1273.0,42.0,49.0,461,629.0,5677,427.0,835.0,3486.0,1368,639,249.0,1176.0,135,529.0,445,477.0,77.0,47.0,92.0,580.0,125,236,228,127,42.0,123,16.0,319,61.0,92,57.0,145,125.0,179,7.0,6.0,33.0,21.0,131.0,191.0,43.0,7.0,57.0,49.0,56.0,43.0,123.0,64,119.0,64.0,40.0,21.0,112.0,135.0,18.0,15.0,5.0,49.0,7.0,260.0,57.0,63.0,17.0,23.0,29.0,21.0,4.0,942.0,32.0,1.0,2.0,11.0,801.0,9.0,1.0,19.0,10.0,1.0,6.0,7.0,2.0,5.0,14.0,1.0,79.0,7.0,8.0,15.0,21.0,13.0,16.0,37.0,79.0,51.0,2.0,185.0,42.0,114.0,13.0,14.0,6.0,3.0,2.0,5.0,79.0,26.0,48.0,20.0,8.0,15.0,35.0,1.0,0.0,2.0,0.0,3.0,0.0,0.0,6.0,0.0,0.0,16.0,3,5.0,1.0,5.0,1.0,2.0,4.0,7.0,9.0,0.0,0.0,0.0,13.0,6.0,0.0,1.0,0.0,0.0,0.0,0.0,4.0,4.0,4.0,1.0,0.0,0.0,3.0,0.0,0.0,2.0,1.0,0.0,0.0,0.0,0.0,0.0,11.0,19.0,1.0,0.0,0.0,5.0,0.0,0.0,0.0,0.0,0.0,0.0,0.0,0.0,1.0,1.0,0.0,0.0,0.0,0.0,1.0,0.0,0.0,0.0,0.0,0.0,0.0,0.0,0.0,0.0,0.0,0.0,0.0
21,11446.0,14796,9117,10532,10479,2441,29227,5595,12311,1653.0,4850,317.0,9775,1151,7068,39.0,13953.0,102.0,136.0,3507,6048.0,39184,1014.0,6078.0,51480.0,7650,3813,2294.0,25137.0,691,12450.0,2715,1084.0,117.0,566.0,283.0,3983.0,519,1317,1222,1134,207.0,2122,293.0,2894,529.0,706,624.0,602,370.0,1944,483.0,112.0,4602.0,1607.0,1783.0,430.0,352.0,44.0,314.0,425.0,469.0,90.0,991.0,656,3697.0,301.0,171.0,166.0,400.0,283.0,147.0,2996.0,24.0,170.0,30.0,748.0,472.0,673.0,181.0,224.0,329.0,211.0,52.0,2477.0,473.0,126.0,23.0,33.0,793.0,39.0,4.0,57.0,17.0,3.0,34.0,67.0,10.0,17.0,24.0,1.0,197.0,89.0,20.0,14.0,431.0,47.0,94.0,52.0,154.0,145.0,6.0,485.0,55.0,159.0,40.0,25.0,27.0,54.0,43.0,17.0,76.0,31.0,89.0,45.0,9.0,78.0,87.0,71.0,21.0,44.0,32.0,44.0,5.0,18.0,7.0,15.0,11.0,17.0,501,275.0,42.0,10.0,73.0,15.0,16.0,351.0,404.0,12.0,5.0,3.0,17.0,3.0,4.0,7.0,9.0,3.0,6.0,3.0,13.0,13.0,3.0,19.0,5.0,23.0,5342.0,3.0,3.0,17.0,7.0,1.0,3.0,3.0,6.0,4.0,3.0,5.0,5.0,1.0,1.0,2.0,2.0,21.0,1.0,7.0,6.0,0.0,0.0,3.0,0.0,3.0,0.0,0.0,0.0,2.0,0.0,1.0,1.0,1.0,0.0,0.0,0.0,0.0,0.0,0.0,1.0,0.0,0.0
212,11079.0,15143,9459,11012,10258,2281,30368,5506,12030,1397.0,6058,308.0,10514,2074,7069,47.0,15913.0,107.0,149.0,6097,6333.0,40142,937.0,6252.0,17622.0,7393,3670,2081.0,2883.0,679,1443.0,2812,922.0,127.0,540.0,284.0,3700.0,570,1355,1320,1140,193.0,1957,212.0,2780,567.0,714,633.0,564,359.0,1751,494.0,128.0,57.0,96.0,1615.0,425.0,162.0,53.0,359.0,721.0,353.0,90.0,744.0,648,4140.0,303.0,190.0,177.0,304.0,288.0,148.0,21.0,24.0,172.0,57.0,1372.0,492.0,643.0,164.0,242.0,272.0,164.0,41.0,3094.0,451.0,100.0,26.0,24.0,927.0,23.0,3.0,41.0,6.0,4.0,39.0,68.0,9.0,19.0,53.0,1.0,330.0,96.0,21.0,22.0,133.0,47.0,94.0,52.0,149.0,147.0,5.0,464.0,52.0,151.0,38.0,22.0,28.0,63.0,34.0,17.0,75.0,31.0,89.0,45.0,9.0,74.0,94.0,49.0,12.0,64.0,34.0,34.0,7.0,11.0,6.0,14.0,12.0,17.0,279,55.0,26.0,8.0,77.0,15.0,15.0,84.0,188.0,11.0,3.0,3.0,13.0,5.0,2.0,3.0,9.0,3.0,6.0,2.0,9.0,13.0,3.0,19.0,5.0,14.0,31.0,3.0,5.0,17.0,7.0,1.0,2.0,3.0,6.0,4.0,10.0,19.0,4.0,1.0,1.0,2.0,2.0,11.0,1.0,7.0,6.0,0.0,0.0,3.0,0.0,1.0,0.0,0.0,0.0,2.0,0.0,1.0,1.0,1.0,0.0,0.0,0.0,0.0,0.0,0.0,1.0,0.0,0.0
216,22642.0,11435,7370,11112,9643,3951,25631,10549,12064,166.0,7751,886.0,7027,1293,8822,84.0,13051.0,168.0,243.0,4273,6941.0,30329,856.0,5443.0,16110.0,6242,3380,2231.0,4793.0,716,2316.0,3157,799.0,132.0,479.0,339.0,3715.0,454,1230,1480,919,237.0,955,144.0,2175,451.0,1240,453.0,1207,581.0,2093,33.0,355.0,81.0,104.0,1502.0,187.0,267.0,95.0,469.0,407.0,262.0,141.0,540.0,504,5963.0,430.0,411.0,236.0,296.0,315.0,53.0,32.0,12.0,181.0,106.0,816.0,813.0,786.0,337.0,345.0,589.0,351.0,132.0,3078.0,528.0,424.0,14.0,64.0,989.0,392.0,6.0,126.0,17.0,31.0,21.0,19.0,21.0,25.0,47.0,8.0,383.0,127.0,65.0,139.0,361.0,35.0,13.0,18.0,29.0,39.0,11.0,102.0,17.0,52.0,20.0,32.0,10.0,68.0,25.0,7.0,48.0,26.0,26.0,15.0,1.0,3.0,262.0,49.0,18.0,97.0,45.0,38.0,17.0,33.0,36.0,41.0,3.0,36.0,472,111.0,60.0,14.0,20.0,6.0,5.0,268.0,692.0,2.0,5.0,12.0,37.0,19.0,6.0,28.0,2.0,1.0,0.0,3.0,12.0,73.0,3.0,5.0,19.0,30.0,85.0,8.0,12.0,15.0,2.0,0.0,3.0,10.0,3.0,19.0,16.0,42.0,37.0,37.0,23.0,7.0,2.0,2.0,3.0,0.0,0.0,0.0,0.0,0.0,10.0,147.0,3.0,4.0,1.0,6.0,1.0,22.0,2.0,6.0,16.0,9.0,0.0,0.0,0.0,0.0,8.0,2.0,0.0
283,47873.0,33329,24581,31372,28272,7822,63606,14724,32007,1544.0,7939,789.0,20083,3760,21860,284.0,0.0,447.0,484.0,10217,17326.0,89649,2854.0,14239.0,78504.0,19655,9480,6248.0,31028.0,1796,16019.0,4443,3151.0,359.0,1853.0,552.0,8335.0,1181,2498,2966,2463,464.0,3127,443.0,8589,981.0,1968,653.0,1725,2563.0,6256,271.0,155.0,4765.0,1763.0,6303.0,1074.0,484.0,146.0,1391.0,1075.0,911.0,199.0,1936.0,1460,4727.0,516.0,459.0,275.0,344.0,589.0,241.0,3013.0,23.0,751.0,227.0,679.0,1325.0,2165.0,570.0,792.0,1354.0,897.0,201.0,2371.0,1506.0,192.0,20.0,95.0,715.0,52.0,4.0,219.0,21.0,35.0,56.0,60.0,10.0,13.0,66.0,5.0,294.0,49.0,40.0,21.0,649.0,58.0,144.0,48.0,425.0,307.0,18.0,1053.0,70.0,386.0,43.0,109.0,83.0,133.0,72.0,33.0,257.0,44.0,185.0,97.0,34.0,191.0,512.0,156.0,26.0,97.0,42.0,69.0,47.0,34.0,10.0,60.0,29.0,160.0,674,350.0,182.0,34.0,56.0,18.0,14.0,462.0,561.0,14.0,4.0,22.0,48.0,7.0,13.0,43.0,13.0,2.0,2.0,3.0,16.0,20.0,22.0,37.0,30.0,35.0,5356.0,21.0,7.0,12.0,1.0,0.0,6.0,1.0,6.0,8.0,33.0,57.0,122.0,50.0,41.0,34.0,0.0,27.0,2.0,10.0,4.0,6.0,8.0,4.0,7.0,48.0,10.0,5.0,8.0,3.0,5.0,2.0,1.0,8.0,4.0,0.0,1.0,0.0,1.0,0.0,1.0,1.0,1.0
317,8670.0,12499,7427,8460,8219,1805,25233,4357,9708,1091.0,5701,256.0,8887,1729,5681,42.0,13309.0,87.0,121.0,5281,5270.0,33172,640.0,4974.0,13951.0,5623,2869,1676.0,2352.0,573,1232.0,2521,677.0,95.0,527.0,259.0,2974.0,486,1221,1144,964,163.0,1724,205.0,2551,544.0,581,620.0,403,325.0,1285,479.0,113.0,33.0,73.0,1240.0,333.0,147.0,38.0,283.0,650.0,182.0,77.0,376.0,541,3754.0,265.0,157.0,166.0,259.0,220.0,131.0,15.0,21.0,163.0,48.0,1281.0,369.0,487.0,122.0,181.0,217.0,113.0,25.0,2840.0,305.0,96.0,31.0,16.0,641.0,20.0,3.0,38.0,6.0,4.0,33.0,69.0,8.0,16.0,50.0,1.0,301.0,93.0,11.0,19.0,110.0,46.0,81.0,33.0,117.0,114.0,10.0,374.0,40.0,104.0,43.0,23.0,26.0,43.0,25.0,16.0,59.0,16.0,79.0,42.0,9.0,65.0,71.0,32.0,10.0,59.0,36.0,27.0,6.0,9.0,8.0,13.0,3.0,13.0,247,49.0,11.0,8.0,73.0,11.0,11.0,81.0,160.0,8.0,1.0,1.0,10.0,5.0,2.0,1.0,9.0,3.0,6.0,2.0,0.0,2.0,1.0,19.0,5.0,14.0,31.0,1.0,3.0,16.0,7.0,1.0,2.0,3.0,5.0,3.0,10.0,19.0,4.0,1.0,1.0,2.0,2.0,11.0,1.0,7.0,6.0,0.0,0.0,0.0,0.0,0.0,0.0,0.0,0.0,0.0,0.0,0.0,0.0,0.0,0.0,0.0,0.0,0.0,0.0,0.0,0.0,0.0,0.0
346,49.0,2505,1562,1959,1577,451,6257,868,2133,124.0,353,17.0,1699,223,1498,3.0,3257.0,19.0,33.0,912,1430.0,7964,275.0,1181.0,2784.0,1375,534,407.0,232.0,68,232.0,174,150.0,10.0,18.0,16.0,473.0,127,104,130,275,19.0,288,13.0,534,80.0,156,28.0,177,250.0,849,10.0,9.0,12.0,9.0,1160.0,63.0,15.0,8.0,82.0,75.0,76.0,9.0,152.0,81,369.0,22.0,19.0,16.0,0.0,4.0,8.0,0.0,0.0,16.0,20.0,88.0,21.0,148.0,27.0,81.0,87.0,56.0,11.0,338.0,130.0,0.0,0.0,6.0,35.0,0.0,2.0,1.0,2.0,0.0,4.0,0.0,0.0,1.0,1.0,0.0,24.0,0.0,3.0,0.0,13.0,0.0,3.0,2.0,16.0,2.0,0.0,32.0,4.0,15.0,0.0,0.0,10.0,6.0,2.0,0.0,5.0,0.0,0.0,2.0,0.0,10.0,26.0,12.0,2.0,0.0,2.0,0.0,0.0,4.0,1.0,2.0,0.0,62.0,53,14.0,17.0,0.0,3.0,2.0,0.0,7.0,32.0,0.0,0.0,0.0,3.0,1.0,0.0,0.0,0.0,0.0,0.0,0.0,0.0,0.0,11.0,1.0,0.0,0.0,0.0,0.0,0.0,0.0,0.0,0.0,0.0,0.0,0.0,0.0,0.0,0.0,0.0,0.0,0.0,0.0,0.0,0.0,0.0,0.0,0.0,0.0,0.0,0.0,0.0,0.0,0.0,0.0,0.0,0.0,0.0,0.0,0.0,0.0,0.0,0.0,0.0,0.0,0.0,0.0,0.0,0.0,0.0
349,203.0,469,313,404,235,52,868,77,306,4.0,48,18.0,304,50,242,0.0,577.0,3.0,8.0,121,124.0,1286,40.0,161.0,420.0,237,121,52.0,31.0,13,16.0,59,35.0,5.0,5.0,0.0,102.0,20,10,32,42,3.0,15,1.0,60,0.0,22,0.0,28,92.0,89,3.0,9.0,0.0,7.0,45.0,18.0,9.0,6.0,11.0,5.0,43.0,2.0,103.0,15,20.0,2.0,15.0,6.0,0.0,3.0,2.0,0.0,0.0,4.0,0.0,4.0,28.0,23.0,5.0,11.0,8.0,7.0,1.0,0.0,12.0,0.0,0.0,3.0,0.0,0.0,0.0,1.0,0.0,0.0,0.0,1.0,0.0,1.0,0.0,0.0,0.0,0.0,0.0,0.0,14.0,0.0,1.0,0.0,8.0,0.0,0.0,9.0,0.0,9.0,0.0,1.0,0.0,1.0,2.0,0.0,1.0,0.0,0.0,0.0,0.0,1.0,2.0,1.0,2.0,0.0,0.0,0.0,0.0,2.0,0.0,0.0,0.0,1.0,28,0.0,5.0,0.0,2.0,1.0,0.0,0.0,26.0,0.0,0.0,0.0,1.0,0.0,0.0,0.0,0.0,0.0,0.0,0.0,0.0,0.0,0.0,0.0,0.0,0.0,0.0,0.0,2.0,0.0,0.0,0.0,0.0,0.0,0.0,0.0,0.0,0.0,0.0,0.0,0.0,0.0,0.0,0.0,0.0,0.0,0.0,0.0,0.0,4.0,0.0,0.0,0.0,0.0,0.0,0.0,0.0,0.0,0.0,0.0,0.0,0.0,0.0,0.0,0.0,0.0,0.0,0.0,0.0
354,22003.0,15363,13159,20421,14863,4444,31309,8760,19829,438.0,5467,285.0,9787,2074,11678,329.0,14884.0,313.0,413.0,4587,9710.0,48446,1379.0,7340.0,56092.0,9755,4094,3779.0,26498.0,882,13791.0,1381,1603.0,112.0,622.0,228.0,4559.0,488,1163,1031,1835,126.0,1448,235.0,3632,204.0,813,160.0,736,468.0,3650,58.0,21.0,4604.0,1597.0,3134.0,435.0,275.0,47.0,453.0,551.0,633.0,146.0,1384.0,474,2660.0,164.0,194.0,77.0,276.0,277.0,88.0,2996.0,17.0,133.0,109.0,815.0,700.0,1087.0,324.0,516.0,1030.0,327.0,36.0,3221.0,248.0,13.0,9.0,28.0,1431.0,11.0,12.0,64.0,7.0,26.0,4.0,19.0,3.0,8.0,80.0,2.0,301.0,7.0,14.0,20.0,383.0,37.0,23.0,42.0,122.0,62.0,4.0,298.0,63.0,160.0,15.0,24.0,23.0,34.0,11.0,6.0,119.0,34.0,56.0,46.0,8.0,37.0,97.0,63.0,17.0,38.0,30.0,16.0,14.0,15.0,6.0,29.0,0.0,41.0,331,237.0,32.0,7.0,7.0,9.0,6.0,276.0,550.0,1.0,0.0,3.0,15.0,6.0,5.0,10.0,0.0,1.0,1.0,15.0,12.0,19.0,8.0,40.0,8.0,27.0,5325.0,2.0,7.0,3.0,0.0,0.0,0.0,1.0,3.0,1.0,21.0,28.0,22.0,9.0,9.0,9.0,0.0,17.0,0.0,0.0,0.0,3.0,6.0,1.0,1.0,4.0,8.0,4.0,2.0,4.0,4.0,0.0,0.0,0.0,2.0,0.0,0.0,0.0,0.0,0.0,0.0,0.0,0.0
359,30724.0,21435,18176,26145,21062,6103,43731,12278,28455,627.0,7648,497.0,13601,2565,16411,478.0,20518.0,441.0,550.0,5875,13487.0,67695,2151.0,10468.0,65739.0,13731,5833,5152.0,28624.0,1382,15083.0,2288,2210.0,156.0,820.0,372.0,6555.0,761,1704,1707,2436,244.0,2204,277.0,4744,293.0,1161,317.0,1262,499.0,5008,91.0,51.0,4626.0,1628.0,4951.0,596.0,323.0,50.0,779.0,928.0,1029.0,181.0,2258.0,882,4314.0,261.0,287.0,122.0,402.0,422.0,165.0,3001.0,25.0,177.0,170.0,1458.0,973.0,1655.0,455.0,844.0,1345.0,501.0,91.0,6207.0,330.0,23.0,14.0,77.0,2863.0,15.0,7.0,85.0,5.0,24.0,30.0,27.0,11.0,12.0,229.0,2.0,431.0,22.0,19.0,17.0,437.0,53.0,54.0,65.0,157.0,115.0,7.0,539.0,99.0,175.0,19.0,36.0,70.0,113.0,42.0,44.0,158.0,101.0,161.0,72.0,20.0,49.0,206.0,88.0,8.0,101.0,77.0,69.0,39.0,11.0,33.0,62.0,39.0,95.0,386,241.0,57.0,10.0,13.0,15.0,8.0,339.0,351.0,34.0,21.0,57.0,29.0,16.0,24.0,21.0,1.0,8.0,25.0,12.0,76.0,155.0,10.0,41.0,19.0,30.0,5330.0,6.0,12.0,6.0,0.0,1.0,2.0,2.0,5.0,6.0,33.0,41.0,41.0,26.0,29.0,8.0,0.0,24.0,3.0,7.0,1.0,3.0,6.0,2.0,2.0,21.0,8.0,4.0,3.0,12.0,10.0,0.0,0.0,5.0,0.0,0.0,0.0,0.0,0.0,0.0,0.0,2.0,2.0
363,31287.0,28904,22042,32569,25293,6760,59689,12772,33074,3998.0,16157,705.0,18141,3096,18806,312.0,32312.0,472.0,865.0,7498,13106.0,85119,2597.0,13520.0,76315.0,18220,7756,4267.0,31124.0,1607,16601.0,5509,2377.0,497.0,1199.0,478.0,7534.0,1172,2563,2699,4774,430.0,5732,495.0,8585,3496.0,2169,1190.0,1700,2760.0,5246,662.0,110.0,4649.0,1662.0,5524.0,1072.0,424.0,142.0,977.0,1023.0,714.0,224.0,1520.0,2188,12950.0,516.0,316.0,957.0,488.0,527.0,273.0,2994.0,21.0,336.0,313.0,3429.0,930.0,2905.0,507.0,1032.0,2869.0,527.0,166.0,12910.0,736.0,360.0,45.0,82.0,3397.0,324.0,6.0,207.0,22.0,37.0,172.0,141.0,25.0,27.0,396.0,2.0,1048.0,369.0,23.0,41.0,499.0,48.0,338.0,96.0,334.0,436.0,22.0,1051.0,160.0,368.0,62.0,59.0,297.0,153.0,119.0,159.0,271.0,127.0,257.0,182.0,86.0,256.0,267.0,128.0,11.0,176.0,86.0,186.0,99.0,20.0,26.0,62.0,52.0,417.0,495,300.0,77.0,23.0,465.0,29.0,21.0,392.0,462.0,61.0,24.0,36.0,23.0,14.0,32.0,84.0,23.0,1.0,0.0,6.0,57.0,281.0,29.0,56.0,7.0,17.0,5639.0,7.0,9.0,11.0,5.0,0.0,24.0,8.0,26.0,12.0,38.0,47.0,94.0,27.0,9.0,42.0,1.0,11.0,2.0,15.0,6.0,3.0,6.0,4.0,5.0,7.0,8.0,4.0,3.0,15.0,4.0,3.0,1.0,18.0,53.0,11.0,0.0,0.0,0.0,0.0,1.0,8.0,0.0
364,16347.0,12955,10576,15859,12266,3562,24822,6401,15177,413.0,4882,255.0,8469,2116,9642,205.0,14530.0,239.0,301.0,4357,8047.0,39635,1202.0,5907.0,52682.0,8491,3733,2731.0,25667.0,619,13184.0,1442,1238.0,143.0,661.0,203.0,3429.0,448,1127,858,1639,128.0,1074,326.0,2808,211.0,950,208.0,696,220.0,3229,55.0,20.0,4597.0,1589.0,2161.0,493.0,284.0,61.0,413.0,323.0,467.0,120.0,1010.0,532,2015.0,149.0,189.0,89.0,390.0,260.0,83.0,2991.0,14.0,122.0,68.0,706.0,475.0,843.0,214.0,369.0,552.0,237.0,50.0,2598.0,239.0,17.0,9.0,29.0,1322.0,21.0,3.0,53.0,6.0,23.0,5.0,8.0,6.0,15.0,58.0,3.0,280.0,8.0,13.0,20.0,381.0,45.0,18.0,40.0,122.0,61.0,4.0,263.0,50.0,187.0,15.0,20.0,17.0,35.0,13.0,6.0,100.0,31.0,50.0,34.0,9.0,37.0,81.0,67.0,15.0,40.0,26.0,20.0,17.0,19.0,5.0,31.0,2.0,72.0,327,236.0,26.0,4.0,8.0,10.0,3.0,282.0,301.0,3.0,1.0,4.0,29.0,8.0,7.0,9.0,0.0,0.0,0.0,2.0,4.0,6.0,6.0,31.0,7.0,21.0,5317.0,4.0,8.0,3.0,0.0,0.0,0.0,1.0,2.0,1.0,21.0,28.0,41.0,17.0,17.0,9.0,0.0,15.0,0.0,0.0,0.0,4.0,8.0,1.0,2.0,5.0,8.0,4.0,2.0,4.0,4.0,2.0,1.0,0.0,0.0,0.0,0.0,0.0,0.0,0.0,0.0,0.0,0.0
369,2180.0,4525,2805,3608,3072,511,9295,1084,3822,151.0,962,78.0,3008,381,2250,5.0,7147.0,23.0,52.0,1132,1554.0,12761,565.0,2174.0,6084.0,3013,980,376.0,683.0,144,634.0,420,428.0,26.0,15.0,44.0,731.0,233,166,286,580,36.0,286,25.0,249,45.0,148,38.0,146,60.0,950,14.0,44.0,3.0,18.0,551.0,137.0,44.0,27.0,165.0,215.0,184.0,31.0,402.0,106,350.0,42.0,54.0,29.0,10.0,17.0,29.0,0.0,0.0,11.0,7.0,690.0,40.0,264.0,32.0,137.0,168.0,100.0,13.0,2656.0,125.0,22.0,22.0,13.0,554.0,20.0,0.0,7.0,2.0,0.0,18.0,21.0,10.0,11.0,54.0,0.0,276.0,13.0,1.0,20.0,52.0,1.0,6.0,3.0,18.0,2.0,0.0,73.0,5.0,67.0,16.0,0.0,8.0,16.0,27.0,2.0,15.0,2.0,1.0,6.0,0.0,13.0,49.0,26.0,6.0,4.0,10.0,34.0,0.0,6.0,9.0,3.0,0.0,103.0,104,13.0,32.0,7.0,17.0,4.0,2.0,38.0,106.0,3.0,0.0,0.0,11.0,3.0,0.0,1.0,0.0,0.0,0.0,0.0,0.0,0.0,8.0,0.0,0.0,0.0,0.0,0.0,7.0,0.0,1.0,0.0,0.0,0.0,1.0,4.0,0.0,0.0,0.0,0.0,0.0,0.0,0.0,0.0,0.0,0.0,0.0,0.0,0.0,3.0,0.0,0.0,0.0,0.0,0.0,0.0,0.0,0.0,0.0,4.0,0.0,0.0,0.0,0.0,0.0,0.0,0.0,0.0,0.0
374,8794.0,12355,7441,8390,8095,1748,25093,4301,9644,1093.0,5744,250.0,8810,1754,5660,42.0,13315.0,85.0,113.0,5333,5220.0,33042,601.0,4920.0,13979.0,5466,2852,1680.0,2243.0,573,1167.0,2522,635.0,95.0,513.0,255.0,2994.0,479,1227,1166,956,157.0,1730,206.0,2541,549.0,581,621.0,354,314.0,1311,480.0,113.0,33.0,73.0,1195.0,313.0,152.0,38.0,284.0,641.0,182.0,77.0,376.0,546,3781.0,261.0,162.0,168.0,250.0,210.0,125.0,15.0,21.0,156.0,48.0,1259.0,378.0,480.0,123.0,180.0,218.0,111.0,23.0,2664.0,309.0,106.0,29.0,16.0,663.0,29.0,4.0,37.0,7.0,4.0,28.0,65.0,8.0,13.0,42.0,1.0,301.0,96.0,11.0,24.0,113.0,46.0,79.0,33.0,115.0,102.0,9.0,341.0,39.0,103.0,42.0,17.0,26.0,42.0,21.0,16.0,55.0,12.0,70.0,39.0,8.0,61.0,71.0,32.0,6.0,57.0,32.0,23.0,5.0,5.0,8.0,13.0,3.0,14.0,254,54.0,8.0,8.0,71.0,8.0,10.0,85.0,165.0,8.0,1.0,1.0,12.0,5.0,2.0,2.0,4.0,3.0,6.0,2.0,0.0,2.0,1.0,19.0,5.0,14.0,31.0,1.0,3.0,16.0,7.0,1.0,2.0,3.0,5.0,3.0,10.0,19.0,4.0,1.0,1.0,2.0,2.0,11.0,1.0,7.0,6.0,0.0,0.0,0.0,0.0,0.0,0.0,0.0,0.0,0.0,0.0,0.0,0.0,0.0,0.0,0.0,0.0,0.0,0.0,0.0,0.0,0.0,0.0
386,9561.0,13774,8281,9935,9226,1993,28050,4787,10699,1261.0,5913,271.0,9685,1899,6331,43.0,14865.0,95.0,132.0,5631,5846.0,36961,786.0,5559.0,15619.0,6414,3231,1875.0,2578.0,610,1292.0,2679,785.0,108.0,533.0,261.0,3298.0,538,1268,1225,1073,179.0,1810,208.0,2666,548.0,647,624.0,470,327.0,1578,481.0,123.0,50.0,87.0,1369.0,361.0,158.0,44.0,329.0,667.0,290.0,86.0,613.0,604,3960.0,286.0,171.0,174.0,264.0,237.0,138.0,15.0,21.0,167.0,56.0,1264.0,408.0,595.0,153.0,238.0,267.0,148.0,35.0,2696.0,333.0,98.0,31.0,23.0,674.0,22.0,3.0,40.0,6.0,4.0,39.0,71.0,9.0,19.0,49.0,1.0,309.0,94.0,21.0,19.0,125.0,46.0,85.0,37.0,125.0,114.0,10.0,414.0,45.0,127.0,46.0,23.0,26.0,59.0,34.0,15.0,62.0,16.0,79.0,41.0,9.0,73.0,86.0,46.0,12.0,63.0,33.0,34.0,5.0,11.0,6.0,14.0,12.0,17.0,277,55.0,22.0,8.0,77.0,13.0,15.0,82.0,187.0,14.0,4.0,3.0,12.0,5.0,2.0,2.0,9.0,3.0,6.0,2.0,3.0,6.0,3.0,18.0,5.0,14.0,31.0,1.0,5.0,17.0,7.0,1.0,2.0,3.0,6.0,3.0,10.0,19.0,4.0,1.0,1.0,2.0,2.0,11.0,1.0,7.0,6.0,0.0,0.0,3.0,0.0,0.0,0.0,0.0,0.0,0.0,0.0,0.0,0.0,0.0,0.0,0.0,0.0,0.0,0.0,0.0,0.0,0.0,0.0
39,1936.0,9819,7408,11520,9447,2189,16982,3228,11750,686.0,3348,319.0,5948,1513,7652,123.0,8323.0,183.0,207.0,2567,5125.0,25816,1247.0,4809.0,51281.0,7528,3406,1528.0,26446.0,631,13182.0,1271,1457.0,108.0,790.0,228.0,2807.0,446,851,883,1095,167.0,1047,123.0,3585,390.0,457,331.0,737,722.0,2048,137.0,48.0,4694.0,1594.0,1742.0,681.0,284.0,34.0,414.0,287.0,463.0,104.0,1060.0,480,1548.0,171.0,211.0,98.0,107.0,259.0,111.0,2988.0,11.0,286.0,57.0,376.0,455.0,588.0,76.0,273.0,452.0,233.0,37.0,1748.0,287.0,15.0,6.0,32.0,467.0,7.0,7.0,40.0,6.0,10.0,29.0,19.0,11.0,10.0,60.0,0.0,86.0,5.0,20.0,8.0,382.0,26.0,108.0,16.0,216.0,163.0,4.0,441.0,56.0,222.0,17.0,45.0,86.0,65.0,73.0,53.0,153.0,27.0,87.0,70.0,72.0,106.0,109.0,79.0,8.0,82.0,22.0,32.0,16.0,10.0,2.0,22.0,0.0,57.0,352,251.0,45.0,11.0,20.0,12.0,11.0,325.0,341.0,0.0,0.0,4.0,32.0,7.0,7.0,30.0,2.0,1.0,1.0,14.0,0.0,2.0,10.0,18.0,5.0,10.0,5327.0,3.0,5.0,5.0,0.0,0.0,2.0,1.0,8.0,3.0,14.0,12.0,26.0,1.0,1.0,0.0,0.0,7.0,0.0,0.0,0.0,1.0,5.0,2.0,0.0,24.0,9.0,2.0,7.0,1.0,4.0,1.0,0.0,3.0,0.0,0.0,0.0,0.0,0.0,0.0,0.0,6.0,0.0
393,28093.0,21931,14763,21908,18061,6027,45017,12488,22580,3597.0,16422,531.0,13317,2078,12907,126.0,26049.0,293.0,623.0,5875,10405.0,56656,1748.0,9216.0,29574.0,12482,5894,2930.0,6734.0,1073,4073.0,5261,1540.0,401.0,802.0,496.0,5710.0,1009,2016,2204,3376,429.0,4918,334.0,6719,3364.0,2095,1159.0,1625,1885.0,3229,579.0,120.0,80.0,109.0,3562.0,752.0,157.0,100.0,964.0,610.0,503.0,192.0,1050.0,1901,15358.0,418.0,179.0,934.0,371.0,387.0,237.0,24.0,12.0,305.0,319.0,2313.0,848.0,2715.0,551.0,856.0,2728.0,613.0,224.0,9443.0,670.0,459.0,43.0,105.0,2183.0,353.0,9.0,239.0,26.0,54.0,161.0,148.0,26.0,28.0,360.0,2.0,889.0,356.0,60.0,22.0,162.0,23.0,266.0,81.0,317.0,403.0,27.0,865.0,110.0,263.0,54.0,29.0,293.0,163.0,134.0,160.0,218.0,121.0,210.0,162.0,74.0,197.0,397.0,96.0,15.0,197.0,90.0,175.0,96.0,18.0,58.0,63.0,50.0,421.0,302,81.0,105.0,31.0,466.0,23.0,26.0,139.0,224.0,50.0,27.0,44.0,45.0,19.0,29.0,101.0,20.0,2.0,0.0,8.0,60.0,339.0,21.0,31.0,19.0,30.0,363.0,9.0,12.0,19.0,5.0,0.0,27.0,6.0,25.0,23.0,23.0,36.0,110.0,53.0,21.0,41.0,3.0,2.0,3.0,15.0,6.0,0.0,0.0,4.0,10.0,2.0,3.0,4.0,1.0,15.0,1.0,23.0,2.0,19.0,68.0,14.0,0.0,0.0,0.0,0.0,8.0,10.0,0.0
397,4194.0,8572,5069,8072,6218,1124,17564,2403,10182,147.0,6706,749.0,6227,928,5225,23.0,12375.0,83.0,116.0,2658,2151.0,24371,1046.0,3997.0,11884.0,5417,2352,1148.0,1852.0,330,1381.0,2049,777.0,218.0,237.0,150.0,1638.0,368,478,761,1309,177.0,1572,93.0,902,1170.0,542,564.0,331,448.0,2428,393.0,120.0,14.0,58.0,1089.0,497.0,152.0,89.0,337.0,482.0,516.0,68.0,1092.0,551,1926.0,272.0,183.0,136.0,220.0,189.0,93.0,6.0,22.0,83.0,8.0,1200.0,73.0,478.0,43.0,182.0,220.0,134.0,29.0,5310.0,346.0,47.0,18.0,42.0,1535.0,24.0,2.0,32.0,5.0,5.0,11.0,46.0,10.0,17.0,75.0,0.0,614.0,66.0,4.0,20.0,118.0,50.0,66.0,48.0,193.0,106.0,10.0,390.0,78.0,205.0,50.0,9.0,21.0,21.0,18.0,9.0,56.0,29.0,85.0,34.0,13.0,66.0,91.0,36.0,14.0,14.0,14.0,20.0,5.0,11.0,14.0,8.0,0.0,127.0,281,49.0,41.0,13.0,62.0,14.0,11.0,77.0,1713.0,3.0,0.0,0.0,23.0,2.0,2.0,4.0,7.0,1.0,4.0,1.0,0.0,0.0,3.0,19.0,0.0,0.0,8.0,8.0,7.0,12.0,7.0,1.0,2.0,12.0,8.0,9.0,1.0,2.0,2.0,1.0,1.0,0.0,2.0,0.0,0.0,8.0,0.0,16.0,18.0,3.0,0.0,0.0,0.0,0.0,0.0,0.0,0.0,0.0,0.0,8.0,2.0,1.0,0.0,0.0,0.0,0.0,0.0,0.0,0.0
431,63.0,5344,3918,3837,3431,742,12285,1915,4642,130.0,1325,59.0,3709,399,2751,8.0,6355.0,40.0,72.0,1598,2755.0,17789,524.0,2855.0,7399.0,3259,1154,651.0,506.0,136,576.0,466,335.0,19.0,49.0,43.0,1041.0,265,236,243,586,47.0,539,26.0,856,176.0,336,55.0,253,301.0,1377,29.0,23.0,17.0,28.0,1360.0,195.0,46.0,15.0,205.0,115.0,136.0,23.0,278.0,197,605.0,55.0,48.0,37.0,8.0,8.0,13.0,0.0,0.0,14.0,27.0,213.0,78.0,304.0,49.0,171.0,224.0,149.0,22.0,651.0,225.0,23.0,1.0,9.0,132.0,31.0,2.0,3.0,7.0,1.0,7.0,6.0,1.0,6.0,7.0,0.0,9.0,7.0,3.0,0.0,36.0,7.0,3.0,2.0,25.0,3.0,0.0,80.0,5.0,20.0,0.0,2.0,15.0,5.0,2.0,2.0,5.0,0.0,0.0,2.0,0.0,14.0,60.0,40.0,4.0,4.0,1.0,5.0,0.0,6.0,5.0,0.0,0.0,59.0,145,60.0,37.0,20.0,8.0,3.0,2.0,34.0,274.0,1.0,0.0,0.0,14.0,0.0,0.0,3.0,2.0,0.0,0.0,4.0,0.0,0.0,11.0,1.0,0.0,0.0,0.0,0.0,4.0,0.0,1.0,0.0,0.0,0.0,0.0,8.0,0.0,0.0,0.0,0.0,0.0,0.0,0.0,0.0,0.0,0.0,0.0,0.0,0.0,0.0,0.0,0.0,0.0,0.0,0.0,0.0,0.0,0.0,0.0,9.0,0.0,0.0,0.0,0.0,0.0,0.0,0.0,0.0,0.0
458,49.0,2614,1639,2053,1622,457,6455,908,2220,124.0,362,20.0,1775,232,1547,3.0,3342.0,19.0,38.0,946,1472.0,8195,282.0,1244.0,2920.0,1415,562,432.0,236.0,73,246.0,179,155.0,11.0,18.0,17.0,493.0,126,105,130,270,20.0,305,13.0,539,82.0,160,29.0,180,270.0,858,10.0,9.0,12.0,9.0,1146.0,64.0,15.0,9.0,85.0,76.0,76.0,9.0,152.0,82,382.0,22.0,19.0,17.0,0.0,4.0,7.0,0.0,0.0,16.0,23.0,92.0,23.0,152.0,31.0,82.0,88.0,58.0,13.0,340.0,134.0,1.0,0.0,6.0,35.0,0.0,2.0,1.0,2.0,0.0,4.0,0.0,0.0,1.0,1.0,0.0,25.0,0.0,3.0,0.0,13.0,0.0,3.0,2.0,16.0,2.0,0.0,32.0,4.0,15.0,0.0,0.0,10.0,6.0,2.0,0.0,5.0,0.0,0.0,2.0,0.0,10.0,28.0,12.0,2.0,0.0,2.0,0.0,0.0,4.0,1.0,2.0,0.0,62.0,53,14.0,17.0,0.0,3.0,2.0,0.0,7.0,32.0,0.0,0.0,0.0,3.0,1.0,0.0,0.0,0.0,0.0,0.0,0.0,0.0,0.0,11.0,1.0,0.0,0.0,0.0,0.0,0.0,0.0,0.0,0.0,0.0,0.0,0.0,0.0,0.0,0.0,0.0,0.0,0.0,0.0,0.0,0.0,0.0,0.0,0.0,0.0,0.0,0.0,0.0,0.0,0.0,0.0,0.0,0.0,0.0,0.0,0.0,0.0,0.0,0.0,0.0,0.0,0.0,0.0,0.0,0.0,0.0
470,28010.0,21805,14680,21843,17993,6011,44739,12452,22503,3595.0,16407,530.0,13239,2070,12861,126.0,25955.0,292.0,621.0,5830,10356.0,56288,1741.0,9156.0,29413.0,12425,5875,2928.0,6726.0,1067,4066.0,5255,1530.0,401.0,802.0,496.0,5658.0,1009,2014,2198,3371,428.0,4907,334.0,6714,3361.0,2089,1158.0,1619,1866.0,3217,579.0,120.0,80.0,109.0,3551.0,752.0,157.0,100.0,960.0,609.0,503.0,192.0,1050.0,1893,15343.0,417.0,179.0,934.0,371.0,386.0,237.0,24.0,12.0,305.0,319.0,2307.0,848.0,2714.0,550.0,856.0,2728.0,613.0,223.0,9431.0,662.0,459.0,43.0,105.0,2182.0,353.0,9.0,238.0,25.0,54.0,161.0,148.0,26.0,28.0,358.0,2.0,886.0,356.0,60.0,22.0,162.0,23.0,266.0,81.0,317.0,403.0,27.0,865.0,110.0,263.0,54.0,29.0,293.0,163.0,134.0,160.0,218.0,121.0,210.0,162.0,74.0,197.0,394.0,96.0,15.0,197.0,90.0,175.0,96.0,18.0,58.0,63.0,50.0,420.0,302,81.0,105.0,31.0,466.0,23.0,26.0,139.0,224.0,50.0,27.0,44.0,45.0,18.0,29.0,101.0,20.0,2.0,0.0,8.0,60.0,339.0,21.0,31.0,19.0,30.0,363.0,9.0,12.0,19.0,5.0,0.0,27.0,6.0,25.0,23.0,23.0,36.0,110.0,53.0,21.0,41.0,3.0,2.0,3.0,15.0,6.0,0.0,0.0,4.0,10.0,2.0,3.0,4.0,1.0,15.0,1.0,23.0,2.0,19.0,68.0,14.0,0.0,0.0,0.0,0.0,8.0,10.0,0.0
505,28522.0,20809,16763,27170,18303,4994,41503,11638,25225,449.0,6734,316.0,13447,2825,15389,475.0,20877.0,425.0,530.0,7166,13006.0,60210,1592.0,9854.0,60742.0,12121,5051,4546.0,27027.0,1189,14187.0,1763,1694.0,133.0,739.0,240.0,5775.0,600,1525,1264,2287,157.0,2096,264.0,4541,362.0,1134,306.0,831,322.0,4824,42.0,47.0,4603.0,1577.0,5029.0,469.0,345.0,55.0,667.0,833.0,794.0,150.0,1780.0,713,3884.0,188.0,125.0,121.0,168.0,186.0,76.0,2997.0,7.0,140.0,166.0,697.0,831.0,1369.0,344.0,665.0,1166.0,429.0,60.0,3210.0,400.0,8.0,8.0,69.0,1314.0,17.0,6.0,79.0,2.0,16.0,14.0,38.0,10.0,13.0,165.0,2.0,248.0,9.0,13.0,20.0,488.0,43.0,35.0,46.0,197.0,68.0,2.0,361.0,68.0,173.0,25.0,20.0,28.0,49.0,18.0,10.0,125.0,34.0,59.0,52.0,9.0,44.0,221.0,79.0,9.0,44.0,40.0,22.0,14.0,11.0,49.0,37.0,1.0,105.0,408,288.0,59.0,9.0,14.0,10.0,10.0,334.0,595.0,2.0,0.0,8.0,21.0,15.0,7.0,12.0,0.0,39.0,87.0,12.0,9.0,15.0,12.0,40.0,23.0,30.0,5329.0,7.0,7.0,2.0,0.0,0.0,0.0,0.0,3.0,1.0,11.0,19.0,35.0,18.0,18.0,11.0,0.0,19.0,0.0,0.0,0.0,62.0,98.0,3.0,5.0,28.0,8.0,4.0,2.0,6.0,6.0,2.0,2.0,0.0,4.0,0.0,0.0,0.0,0.0,0.0,0.0,0.0,0.0
525,1580.0,4338,2073,4177,4409,1406,10021,3069,4729,68.0,2202,180.0,3021,592,3824,24.0,3084.0,46.0,45.0,1404,1678.0,13035,130.0,1410.0,3535.0,1980,2435,962.0,988.0,342,470.0,1277,204.0,52.0,239.0,237.0,880.0,209,623,562,310,255.0,647,71.0,1183,146.0,671,150.0,224,268.0,550,28.0,23.0,13.0,15.0,832.0,68.0,43.0,47.0,256.0,181.0,134.0,100.0,271.0,372,1115.0,226.0,41.0,94.0,105.0,94.0,42.0,54.0,3.0,91.0,181.0,224.0,191.0,1791.0,475.0,153.0,322.0,373.0,123.0,432.0,62.0,123.0,13.0,75.0,304.0,49.0,11.0,88.0,27.0,12.0,20.0,43.0,8.0,9.0,31.0,15.0,75.0,44.0,4.0,5.0,17.0,5.0,6.0,1.0,8.0,10.0,10.0,20.0,4.0,6.0,6.0,63.0,12.0,71.0,5.0,3.0,14.0,0.0,0.0,9.0,0.0,3.0,308.0,110.0,5.0,29.0,17.0,22.0,6.0,9.0,24.0,13.0,6.0,18.0,67,15.0,61.0,36.0,29.0,15.0,36.0,20.0,796.0,3.0,3.0,8.0,92.0,14.0,3.0,9.0,7.0,22.0,43.0,14.0,17.0,59.0,6.0,19.0,6.0,22.0,1.0,13.0,3.0,1.0,0.0,0.0,0.0,2.0,3.0,14.0,15.0,56.0,7.0,2.0,4.0,7.0,0.0,2.0,0.0,0.0,0.0,10.0,18.0,3.0,3.0,1.0,0.0,0.0,0.0,1.0,1.0,17.0,5.0,7.0,9.0,1.0,0.0,0.0,0.0,0.0,9.0,0.0,0.0
529,3867.0,7453,4794,6647,5826,1131,15181,1727,7915,62.0,3209,193.0,5513,771,4546,22.0,10562.0,89.0,147.0,2122,3129.0,23331,1272.0,3672.0,11259.0,5612,2426,839.0,1250.0,162,1114.0,691,828.0,73.0,49.0,49.0,1859.0,370,253,663,1683,69.0,944,27.0,1369,77.0,320,99.0,231,159.0,1918,43.0,62.0,2.0,49.0,1044.0,479.0,97.0,55.0,330.0,357.0,389.0,30.0,808.0,233,1088.0,73.0,87.0,65.0,28.0,15.0,27.0,0.0,0.0,30.0,21.0,1123.0,147.0,598.0,86.0,297.0,392.0,142.0,32.0,4248.0,245.0,15.0,2.0,32.0,842.0,12.0,2.0,46.0,5.0,10.0,12.0,12.0,6.0,6.0,68.0,1.0,386.0,25.0,1.0,25.0,157.0,3.0,22.0,9.0,82.0,22.0,4.0,133.0,21.0,71.0,0.0,3.0,19.0,27.0,14.0,3.0,14.0,4.0,10.0,14.0,7.0,32.0,102.0,30.0,12.0,15.0,28.0,10.0,7.0,11.0,11.0,5.0,1.0,44.0,255,21.0,46.0,11.0,13.0,8.0,1.0,93.0,927.0,6.0,1.0,0.0,21.0,1.0,0.0,9.0,3.0,17.0,438.0,0.0,4.0,6.0,3.0,1.0,1.0,2.0,2.0,12.0,7.0,0.0,1.0,0.0,0.0,0.0,0.0,5.0,0.0,0.0,25.0,15.0,17.0,14.0,0.0,1.0,0.0,0.0,0.0,120.0,229.0,4.0,1.0,2.0,0.0,0.0,0.0,2.0,1.0,1.0,0.0,4.0,1.0,0.0,0.0,0.0,0.0,0.0,0.0,0.0,0.0
536,5221.0,27799,17951,29215,24815,7121,47665,12105,27494,793.0,10064,819.0,17755,4280,18740,304.0,21515.0,450.0,518.0,8550,12621.0,67122,2261.0,10319.0,67013.0,14760,8349,5257.0,30596.0,1788,15616.0,3747,2599.0,317.0,1371.0,641.0,5936.0,969,2265,2469,2049,524.0,3181,186.0,7753,1469.0,1548,514.0,1454,3791.0,4383,228.0,141.0,4575.0,1680.0,4179.0,1012.0,488.0,186.0,1198.0,678.0,877.0,287.0,1896.0,981,5592.0,533.0,340.0,270.0,360.0,536.0,242.0,3065.0,36.0,673.0,302.0,610.0,1174.0,3059.0,831.0,752.0,1265.0,933.0,287.0,2261.0,953.0,213.0,33.0,121.0,677.0,87.0,15.0,233.0,31.0,32.0,75.0,81.0,19.0,18.0,84.0,16.0,272.0,66.0,19.0,21.0,578.0,63.0,149.0,45.0,357.0,273.0,13.0,889.0,74.0,360.0,29.0,137.0,101.0,167.0,49.0,29.0,286.0,44.0,134.0,122.0,53.0,194.0,638.0,206.0,44.0,111.0,37.0,56.0,32.0,57.0,16.0,32.0,0.0,138.0,485,189.0,191.0,46.0,54.0,26.0,45.0,386.0,599.0,5.0,2.0,12.0,110.0,9.0,11.0,54.0,11.0,18.0,37.0,29.0,35.0,87.0,24.0,41.0,21.0,38.0,5342.0,40.0,9.0,24.0,10.0,1.0,2.0,3.0,6.0,69.0,40.0,89.0,127.0,44.0,31.0,46.0,0.0,12.0,2.0,15.0,4.0,30.0,48.0,6.0,15.0,14.0,7.0,2.0,6.0,6.0,11.0,21.0,7.0,13.0,11.0,1.0,0.0,0.0,0.0,0.0,11.0,1.0,0.0
551,17021.0,11923,10776,15864,11719,3334,24598,6707,15889,451.0,4104,326.0,7609,1523,9320,213.0,11992.0,244.0,350.0,3060,8124.0,39894,1170.0,6068.0,51611.0,7886,3184,2974.0,25797.0,691,13346.0,1087,1171.0,150.0,549.0,158.0,3706.0,421,802,803,1545,130.0,1094,183.0,2806,178.0,674,130.0,751,416.0,3105,51.0,16.0,4575.0,1565.0,2533.0,319.0,217.0,73.0,381.0,405.0,424.0,124.0,922.0,364,1813.0,136.0,142.0,68.0,169.0,217.0,89.0,2985.0,15.0,122.0,68.0,703.0,517.0,839.0,193.0,393.0,576.0,221.0,41.0,2495.0,189.0,5.0,15.0,34.0,1119.0,9.0,1.0,62.0,2.0,16.0,13.0,15.0,5.0,6.0,60.0,2.0,200.0,5.0,7.0,4.0,369.0,29.0,34.0,17.0,90.0,58.0,10.0,307.0,56.0,121.0,12.0,22.0,25.0,33.0,18.0,5.0,76.0,36.0,56.0,43.0,5.0,33.0,84.0,54.0,14.0,41.0,23.0,33.0,17.0,20.0,5.0,31.0,0.0,57.0,271,200.0,37.0,7.0,5.0,13.0,5.0,275.0,266.0,5.0,0.0,3.0,11.0,5.0,5.0,13.0,0.0,0.0,0.0,0.0,10.0,8.0,6.0,25.0,15.0,17.0,5313.0,2.0,7.0,0.0,0.0,0.0,0.0,1.0,5.0,1.0,10.0,10.0,30.0,17.0,17.0,8.0,0.0,11.0,0.0,0.0,0.0,3.0,6.0,1.0,1.0,2.0,8.0,4.0,3.0,4.0,4.0,0.0,0.0,0.0,0.0,0.0,0.0,0.0,0.0,0.0,0.0,0.0,0.0
552,2918.0,3803,3087,2711,3493,1231,5949,1510,3693,91.0,745,157.0,2260,412,2131,26.0,2423.0,49.0,73.0,1172,1070.0,10036,658.0,1689.0,5342.0,2039,1000,436.0,1514.0,208,801.0,607,542.0,91.0,97.0,74.0,942.0,124,323,463,205,54.0,227,18.0,683,129.0,175,93.0,229,137.0,339,36.0,4.0,57.0,31.0,351.0,248.0,9.0,23.0,69.0,83.0,43.0,42.0,96.0,152,240.0,82.0,51.0,33.0,138.0,164.0,37.0,15.0,7.0,74.0,26.0,228.0,163.0,124.0,33.0,28.0,37.0,31.0,15.0,892.0,177.0,23.0,2.0,4.0,708.0,9.0,1.0,9.0,1.0,4.0,16.0,10.0,5.0,2.0,12.0,2.0,75.0,9.0,9.0,15.0,19.0,19.0,32.0,42.0,103.0,64.0,0.0,264.0,35.0,171.0,9.0,32.0,14.0,18.0,18.0,11.0,96.0,27.0,51.0,34.0,4.0,23.0,44.0,3.0,2.0,12.0,8.0,14.0,0.0,3.0,3.0,6.0,1.0,4.0,1,3.0,8.0,0.0,1.0,4.0,2.0,1.0,0.0,0.0,0.0,0.0,8.0,1.0,2.0,3.0,4.0,0.0,0.0,1.0,7.0,14.0,0.0,0.0,5.0,13.0,4.0,1.0,1.0,5.0,0.0,0.0,0.0,0.0,2.0,5.0,0.0,0.0,8.0,14.0,1.0,1.0,0.0,1.0,0.0,0.0,0.0,0.0,0.0,0.0,1.0,1.0,0.0,0.0,1.0,1.0,0.0,0.0,0.0,7.0,0.0,0.0,0.0,0.0,0.0,0.0,1.0,0.0,0.0
553,15673.0,9642,7735,13807,8427,2254,20252,5566,12058,85.0,3500,87.0,6344,1371,7424,205.0,10175.0,196.0,282.0,2823,6963.0,30868,511.0,4534.0,45375.0,5580,2077,2724.0,24171.0,494,12439.0,659,554.0,26.0,437.0,59.0,2865.0,238,651,526,1372,51.0,835,141.0,2460,108.0,573,77.0,323,209.0,2786,12.0,6.0,4554.0,1525.0,2252.0,100.0,211.0,30.0,282.0,314.0,326.0,66.0,710.0,305,1650.0,44.0,30.0,53.0,19.0,25.0,20.0,2975.0,2.0,35.0,62.0,343.0,531.0,753.0,181.0,290.0,470.0,159.0,22.0,1297.0,251.0,55.0,2.0,15.0,168.0,1.0,0.0,40.0,0.0,13.0,3.0,4.0,2.0,4.0,40.0,1.0,106.0,9.0,2.0,0.0,349.0,18.0,1.0,1.0,18.0,7.0,1.0,45.0,5.0,20.0,2.0,1.0,14.0,28.0,9.0,4.0,17.0,4.0,2.0,14.0,0.0,14.0,41.0,37.0,8.0,29.0,28.0,13.0,14.0,16.0,0.0,29.0,0.0,10.0,271,199.0,21.0,0.0,5.0,5.0,1.0,268.0,266.0,1.0,0.0,3.0,9.0,4.0,5.0,9.0,0.0,0.0,0.0,0.0,4.0,7.0,2.0,23.0,9.0,18.0,5320.0,3.0,8.0,0.0,0.0,0.0,0.0,0.0,2.0,1.0,0.0,0.0,22.0,9.0,9.0,8.0,0.0,10.0,0.0,0.0,0.0,3.0,6.0,1.0,1.0,2.0,8.0,4.0,2.0,0.0,0.0,0.0,0.0,0.0,0.0,0.0,0.0,0.0,0.0,0.0,0.0,0.0,0.0
554,14913.0,11129,9649,14279,11044,3271,22169,5705,13594,405.0,4033,241.0,7177,1539,8480,182.0,12695.0,221.0,284.0,3292,7026.0,36779,1100.0,5115.0,50204.0,7644,3024,2502.0,25401.0,567,13003.0,1065,1124.0,143.0,448.0,186.0,3054.0,378,861,727,1502,111.0,843,141.0,2610,158.0,555,135.0,687,215.0,2915,50.0,12.0,4594.0,1572.0,1991.0,487.0,253.0,61.0,346.0,289.0,371.0,107.0,812.0,305,1463.0,133.0,156.0,67.0,221.0,256.0,78.0,2991.0,14.0,107.0,63.0,614.0,399.0,686.0,176.0,303.0,455.0,190.0,42.0,2310.0,192.0,15.0,8.0,20.0,1258.0,19.0,3.0,32.0,5.0,13.0,4.0,8.0,6.0,6.0,50.0,2.0,225.0,8.0,12.0,15.0,360.0,36.0,18.0,40.0,122.0,61.0,4.0,263.0,50.0,187.0,15.0,19.0,17.0,30.0,12.0,5.0,97.0,31.0,50.0,34.0,9.0,37.0,62.0,48.0,15.0,33.0,19.0,12.0,14.0,19.0,4.0,28.0,0.0,68.0,279,204.0,23.0,4.0,5.0,10.0,3.0,270.0,272.0,1.0,0.0,3.0,23.0,4.0,5.0,9.0,0.0,0.0,0.0,2.0,4.0,6.0,6.0,17.0,6.0,14.0,5314.0,3.0,7.0,2.0,0.0,0.0,0.0,1.0,1.0,1.0,21.0,28.0,22.0,9.0,9.0,1.0,0.0,9.0,0.0,0.0,0.0,4.0,8.0,1.0,1.0,3.0,8.0,4.0,2.0,4.0,4.0,2.0,1.0,0.0,0.0,0.0,0.0,0.0,0.0,0.0,0.0,0.0,0.0
555,17765.0,12058,11235,15903,12454,3731,24269,6951,15862,430.0,4315,261.0,7518,1661,9503,229.0,11681.0,249.0,343.0,3241,7966.0,40265,1219.0,5898.0,51934.0,8216,3127,2896.0,26172.0,697,13577.0,1223,1294.0,124.0,532.0,225.0,3872.0,432,1025,854,1499,132.0,1075,167.0,2949,173.0,705,138.0,737,253.0,2908,57.0,31.0,4603.0,1574.0,2472.0,470.0,254.0,23.0,362.0,360.0,393.0,143.0,866.0,420,1809.0,129.0,163.0,66.0,229.0,280.0,152.0,2995.0,15.0,147.0,73.0,713.0,532.0,777.0,212.0,380.0,564.0,209.0,28.0,2636.0,191.0,5.0,8.0,38.0,1417.0,9.0,3.0,38.0,2.0,14.0,10.0,9.0,3.0,6.0,52.0,2.0,203.0,5.0,14.0,15.0,389.0,35.0,45.0,46.0,140.0,94.0,4.0,465.0,78.0,183.0,15.0,26.0,25.0,31.0,14.0,6.0,173.0,38.0,78.0,70.0,13.0,37.0,63.0,39.0,10.0,39.0,21.0,16.0,14.0,18.0,4.0,29.0,0.0,23.0,272,200.0,24.0,1.0,3.0,12.0,12.0,267.0,267.0,2.0,0.0,3.0,9.0,4.0,5.0,11.0,0.0,0.0,0.0,0.0,8.0,11.0,10.0,24.0,7.0,17.0,5316.0,2.0,7.0,3.0,0.0,0.0,0.0,1.0,2.0,1.0,21.0,28.0,22.0,9.0,9.0,8.0,0.0,11.0,0.0,0.0,0.0,3.0,6.0,1.0,1.0,4.0,8.0,4.0,3.0,4.0,4.0,0.0,0.0,0.0,0.0,0.0,0.0,0.0,0.0,0.0,0.0,0.0,0.0
556,15991.0,16847,12626,13024,14196,4490,28573,6666,17304,1006.0,3874,545.0,10378,1829,10813,98.0,13444.0,170.0,239.0,5446,7649.0,40987,1837.0,7897.0,29010.0,10491,5331,2156.0,6132.0,1100,3239.0,3079,1997.0,224.0,860.0,400.0,4121.0,759,1489,1835,1166,212.0,1741,302.0,3216,422.0,1015,333.0,701,1502.0,2141,165.0,134.0,117.0,178.0,2360.0,623.0,184.0,133.0,765.0,838.0,614.0,142.0,1388.0,760,2398.0,375.0,370.0,126.0,466.0,597.0,172.0,31.0,19.0,307.0,74.0,1268.0,421.0,922.0,234.0,483.0,894.0,407.0,119.0,5936.0,730.0,86.0,14.0,51.0,2382.0,51.0,5.0,91.0,11.0,4.0,17.0,33.0,18.0,23.0,75.0,7.0,350.0,23.0,64.0,39.0,344.0,35.0,36.0,72.0,187.0,107.0,11.0,439.0,75.0,212.0,33.0,87.0,38.0,50.0,17.0,24.0,153.0,56.0,82.0,47.0,21.0,30.0,329.0,32.0,18.0,46.0,8.0,11.0,7.0,23.0,28.0,8.0,4.0,1078.0,370,66.0,64.0,7.0,26.0,11.0,6.0,203.0,329.0,4.0,0.0,2.0,22.0,5.0,1.0,7.0,9.0,152.0,171.0,3.0,5.0,21.0,11.0,6.0,0.0,11.0,45.0,58.0,0.0,3.0,0.0,1.0,1.0,8.0,4.0,0.0,24.0,36.0,37.0,10.0,3.0,5.0,0.0,9.0,3.0,2.0,0.0,82.0,142.0,2.0,4.0,29.0,0.0,0.0,1.0,15.0,7.0,21.0,22.0,0.0,18.0,0.0,0.0,0.0,8.0,2.0,0.0,0.0,0.0
565,25714.0,21006,15648,18235,18755,5137,47460,11674,22127,492.0,6657,1132.0,13395,1948,15330,186.0,20017.0,318.0,371.0,6548,10826.0,66921,1714.0,9879.0,64814.0,13664,7946,4417.0,27895.0,1449,14217.0,3775,1782.0,164.0,699.0,444.0,6662.0,765,1676,2284,1850,377.0,2458,384.0,3440,1070.0,1954,477.0,1268,2163.0,3545,120.0,220.0,4651.0,1657.0,3252.0,551.0,358.0,85.0,991.0,757.0,564.0,270.0,1192.0,1034,4068.0,548.0,357.0,259.0,736.0,508.0,137.0,3014.0,40.0,239.0,129.0,1633.0,1256.0,2136.0,476.0,671.0,849.0,356.0,86.0,6795.0,1161.0,360.0,19.0,57.0,2181.0,261.0,1.0,112.0,34.0,20.0,39.0,38.0,11.0,18.0,589.0,4.0,512.0,114.0,46.0,86.0,558.0,26.0,39.0,40.0,147.0,89.0,7.0,404.0,76.0,205.0,23.0,72.0,22.0,102.0,83.0,42.0,131.0,37.0,80.0,45.0,5.0,45.0,226.0,76.0,49.0,180.0,107.0,102.0,30.0,72.0,14.0,81.0,22.0,63.0,532,261.0,59.0,8.0,29.0,20.0,19.0,441.0,540.0,48.0,6.0,60.0,22.0,9.0,7.0,28.0,2.0,13.0,20.0,1.0,29.0,66.0,8.0,12.0,10.0,39.0,5354.0,25.0,9.0,9.0,10.0,0.0,2.0,3.0,2.0,70.0,41.0,85.0,19.0,2.0,5.0,7.0,0.0,26.0,1.0,7.0,6.0,16.0,26.0,5.0,12.0,77.0,3.0,4.0,2.0,6.0,9.0,23.0,10.0,17.0,2.0,4.0,0.0,0.0,0.0,0.0,1.0,0.0,0.0
572,2353.0,2663,2454,2146,2797,905,4856,978,2893,100.0,1267,159.0,1559,288,1710,21.0,2436.0,44.0,54.0,720,883.0,8348,564.0,1183.0,38068.0,2037,872,394.0,23540.0,184,11693.0,513,569.0,80.0,70.0,88.0,1004.0,156,248,310,313,54.0,166,21.0,416,57.0,146,78.0,164,173.0,397,6.0,14.0,4579.0,1544.0,290.0,325.0,221.0,13.0,109.0,76.0,166.0,48.0,369.0,82,154.0,72.0,55.0,27.0,147.0,169.0,78.0,2989.0,7.0,54.0,10.0,471.0,87.0,157.0,24.0,55.0,60.0,48.0,16.0,1907.0,47.0,29.0,3.0,7.0,1358.0,29.0,3.0,5.0,6.0,1.0,14.0,3.0,1.0,3.0,21.0,1.0,128.0,5.0,9.0,15.0,346.0,13.0,18.0,68.0,90.0,80.0,3.0,347.0,64.0,151.0,11.0,17.0,14.0,20.0,25.0,10.0,77.0,32.0,56.0,23.0,3.0,25.0,15.0,9.0,15.0,13.0,14.0,46.0,3.0,13.0,4.0,12.0,11.0,14.0,290,224.0,19.0,2.0,0.0,4.0,0.0,280.0,284.0,12.0,7.0,3.0,1.0,1.0,5.0,5.0,1.0,0.0,0.0,0.0,4.0,5.0,3.0,2.0,0.0,0.0,5310.0,0.0,2.0,2.0,0.0,0.0,0.0,0.0,10.0,0.0,11.0,19.0,1.0,0.0,0.0,0.0,0.0,1.0,0.0,0.0,0.0,0.0,0.0,3.0,0.0,3.0,0.0,0.0,0.0,0.0,0.0,0.0,0.0,0.0,0.0,0.0,0.0,0.0,0.0,0.0,0.0,3.0,0.0
583,1166.0,1504,984,1345,904,179,3041,363,1462,41.0,1174,58.0,941,228,823,9.0,1898.0,18.0,23.0,789,627.0,3822,156.0,557.0,1582.0,758,399,247.0,195.0,75,130.0,353,128.0,12.0,19.0,20.0,398.0,71,56,130,162,28.0,118,14.0,249,33.0,89,77.0,45,34.0,366,18.0,42.0,2.0,29.0,234.0,49.0,62.0,14.0,80.0,36.0,144.0,17.0,317.0,64,211.0,15.0,58.0,16.0,20.0,15.0,17.0,0.0,0.0,10.0,9.0,194.0,39.0,246.0,31.0,72.0,68.0,38.0,16.0,201.0,61.0,0.0,2.0,10.0,140.0,2.0,4.0,1.0,3.0,0.0,0.0,2.0,0.0,1.0,10.0,0.0,89.0,3.0,2.0,18.0,35.0,0.0,3.0,5.0,43.0,14.0,3.0,25.0,14.0,14.0,2.0,1.0,19.0,21.0,15.0,15.0,10.0,3.0,0.0,8.0,4.0,6.0,10.0,13.0,6.0,9.0,16.0,25.0,4.0,6.0,2.0,11.0,5.0,5.0,160,58.0,16.0,4.0,4.0,1.0,0.0,41.0,673.0,8.0,9.0,8.0,1.0,2.0,9.0,2.0,0.0,0.0,0.0,0.0,0.0,0.0,6.0,2.0,0.0,0.0,0.0,0.0,2.0,0.0,0.0,0.0,0.0,0.0,3.0,0.0,0.0,0.0,0.0,0.0,0.0,0.0,0.0,0.0,0.0,0.0,0.0,0.0,0.0,3.0,0.0,0.0,0.0,0.0,0.0,0.0,0.0,0.0,0.0,0.0,0.0,0.0,0.0,0.0,0.0,0.0,0.0,0.0,0.0
590,609.0,810,546,722,486,100,1704,199,733,108.0,207,38.0,534,122,427,0.0,1010.0,4.0,7.0,279,241.0,2227,105.0,343.0,986.0,436,258,130.0,119.0,24,55.0,132,81.0,11.0,5.0,12.0,237.0,43,24,81,90,13.0,55,3.0,98,23.0,47,10.0,30,64.0,190,5.0,19.0,1.0,13.0,151.0,32.0,15.0,22.0,48.0,25.0,103.0,13.0,231.0,45,88.0,17.0,18.0,14.0,6.0,6.0,9.0,0.0,0.0,2.0,5.0,21.0,32.0,56.0,7.0,15.0,12.0,32.0,5.0,97.0,29.0,0.0,3.0,7.0,36.0,0.0,0.0,0.0,0.0,0.0,1.0,2.0,0.0,0.0,0.0,0.0,10.0,0.0,1.0,0.0,19.0,0.0,2.0,0.0,7.0,0.0,0.0,16.0,2.0,12.0,1.0,3.0,0.0,6.0,9.0,0.0,2.0,0.0,0.0,0.0,0.0,3.0,8.0,5.0,10.0,4.0,7.0,15.0,2.0,11.0,0.0,2.0,0.0,34.0,36,0.0,13.0,1.0,2.0,1.0,1.0,12.0,42.0,1.0,0.0,0.0,2.0,1.0,0.0,3.0,0.0,0.0,0.0,0.0,0.0,0.0,1.0,2.0,0.0,0.0,0.0,2.0,2.0,0.0,0.0,0.0,0.0,0.0,0.0,0.0,0.0,0.0,0.0,0.0,0.0,0.0,0.0,0.0,0.0,0.0,0.0,0.0,0.0,3.0,0.0,0.0,0.0,0.0,0.0,0.0,0.0,13.0,10.0,0.0,0.0,0.0,0.0,0.0,0.0,0.0,0.0,0.0,0.0
598,42.0,3200,2392,2950,2122,524,6611,1109,3774,814.0,1597,105.0,2176,464,1800,14.0,2934.0,25.0,27.0,1186,1107.0,9141,193.0,2247.0,4718.0,1384,483,222.0,1895.0,135,904.0,950,148.0,3.0,225.0,55.0,797.0,184,445,608,462,104.0,420,74.0,784,566.0,131,694.0,174,323.0,446,61.0,58.0,122.0,91.0,290.0,523.0,61.0,4.0,134.0,102.0,47.0,12.0,93.0,177,588.0,90.0,265.0,43.0,147.0,85.0,25.0,2.0,6.0,78.0,9.0,84.0,94.0,275.0,39.0,71.0,79.0,59.0,17.0,1660.0,106.0,2.0,3.0,8.0,250.0,0.0,0.0,19.0,2.0,7.0,15.0,18.0,0.0,20.0,10.0,1.0,71.0,4.0,9.0,1.0,92.0,142.0,100.0,37.0,330.0,230.0,1.0,93.0,34.0,53.0,20.0,2.0,110.0,49.0,66.0,88.0,57.0,13.0,30.0,64.0,9.0,43.0,45.0,26.0,2.0,72.0,7.0,41.0,26.0,7.0,3.0,13.0,8.0,4.0,78,35.0,11.0,11.0,7.0,4.0,7.0,54.0,63.0,1.0,1.0,2.0,15.0,3.0,19.0,17.0,1.0,33.0,11.0,0.0,1.0,1.0,0.0,3.0,0.0,0.0,0.0,69.0,2.0,9.0,4.0,0.0,8.0,0.0,0.0,0.0,1.0,1.0,13.0,2.0,4.0,0.0,6.0,4.0,4.0,0.0,0.0,53.0,80.0,0.0,2.0,51.0,0.0,0.0,0.0,1.0,0.0,118.0,66.0,0.0,1.0,5.0,0.0,0.0,0.0,0.0,0.0,0.0,0.0
602,1313.0,5978,4906,6265,6835,1804,11898,2589,7245,510.0,2333,229.0,3529,787,4890,63.0,7054.0,91.0,117.0,1633,2703.0,19538,762.0,2665.0,10330.0,5154,2265,861.0,2523.0,441,1146.0,783,884.0,139.0,449.0,162.0,1697.0,331,532,674,515,91.0,556,36.0,2355,178.0,238,128.0,499,240.0,1027,49.0,18.0,55.0,75.0,883.0,242.0,59.0,57.0,233.0,142.0,211.0,77.0,469.0,273,1857.0,141.0,156.0,64.0,87.0,219.0,85.0,9.0,8.0,227.0,24.0,199.0,212.0,428.0,78.0,187.0,240.0,147.0,24.0,873.0,171.0,19.0,4.0,39.0,356.0,2.0,0.0,20.0,2.0,4.0,12.0,21.0,8.0,10.0,25.0,0.0,53.0,2.0,10.0,3.0,40.0,19.0,33.0,10.0,83.0,66.0,2.0,253.0,23.0,126.0,10.0,41.0,14.0,7.0,8.0,6.0,95.0,7.0,28.0,20.0,9.0,50.0,74.0,35.0,19.0,20.0,9.0,18.0,1.0,13.0,7.0,3.0,0.0,80.0,62,23.0,27.0,14.0,3.0,6.0,6.0,26.0,181.0,2.0,0.0,0.0,8.0,0.0,2.0,4.0,1.0,0.0,0.0,0.0,0.0,2.0,5.0,5.0,1.0,1.0,7.0,1.0,0.0,6.0,0.0,0.0,0.0,1.0,2.0,2.0,10.0,10.0,8.0,1.0,1.0,1.0,0.0,1.0,0.0,0.0,0.0,3.0,0.0,0.0,2.0,2.0,0.0,0.0,0.0,1.0,3.0,0.0,0.0,1.0,3.0,0.0,0.0,0.0,0.0,0.0,0.0,0.0,0.0
604,805.0,1393,960,1163,1080,351,2202,304,1981,44.0,337,32.0,749,188,1097,5.0,1355.0,9.0,23.0,718,420.0,3274,300.0,686.0,2004.0,863,406,83.0,395.0,128,333.0,136,232.0,42.0,16.0,37.0,244.0,44,75,220,117,15.0,225,7.0,576,77.0,39,43.0,104,29.0,400,4.0,15.0,11.0,17.0,527.0,64.0,9.0,23.0,64.0,40.0,51.0,13.0,119.0,75,320.0,13.0,26.0,13.0,11.0,13.0,2.0,2.0,3.0,19.0,10.0,91.0,34.0,97.0,26.0,52.0,64.0,39.0,1.0,233.0,97.0,0.0,0.0,3.0,109.0,1.0,0.0,1.0,0.0,0.0,13.0,5.0,0.0,0.0,19.0,0.0,28.0,3.0,0.0,0.0,19.0,11.0,16.0,2.0,19.0,9.0,0.0,30.0,6.0,13.0,0.0,10.0,13.0,7.0,6.0,4.0,27.0,0.0,5.0,12.0,0.0,11.0,12.0,1.0,4.0,7.0,7.0,4.0,2.0,8.0,0.0,0.0,2.0,13.0,35,1.0,7.0,1.0,2.0,3.0,0.0,3.0,32.0,2.0,6.0,1.0,1.0,0.0,1.0,5.0,0.0,0.0,0.0,0.0,0.0,0.0,0.0,0.0,0.0,0.0,0.0,0.0,2.0,1.0,0.0,0.0,0.0,0.0,0.0,0.0,0.0,0.0,0.0,0.0,0.0,0.0,0.0,0.0,0.0,4.0,0.0,0.0,0.0,4.0,0.0,4.0,0.0,0.0,0.0,0.0,0.0,0.0,0.0,1.0,0.0,0.0,0.0,0.0,0.0,0.0,0.0,0.0,0.0
608,10935.0,14907,9398,10842,10059,2284,29863,5470,11778,1455.0,5872,303.0,10319,2002,6907,45.0,15586.0,104.0,142.0,5678,6170.0,39500,936.0,6238.0,17616.0,7253,3595,2043.0,2873.0,652,1431.0,2706,916.0,123.0,538.0,281.0,3656.0,558,1333,1283,1125,194.0,1931,208.0,2732,559.0,682,626.0,551,356.0,1686,489.0,109.0,57.0,91.0,1599.0,417.0,146.0,48.0,360.0,716.0,346.0,89.0,730.0,630,4050.0,299.0,172.0,170.0,302.0,285.0,148.0,21.0,24.0,169.0,57.0,1352.0,491.0,643.0,163.0,242.0,272.0,172.0,41.0,3096.0,426.0,100.0,26.0,25.0,907.0,21.0,3.0,40.0,11.0,4.0,39.0,68.0,9.0,20.0,52.0,1.0,319.0,93.0,20.0,14.0,116.0,47.0,94.0,52.0,151.0,147.0,5.0,467.0,52.0,155.0,38.0,23.0,28.0,63.0,34.0,17.0,75.0,31.0,89.0,45.0,9.0,74.0,90.0,57.0,12.0,64.0,34.0,34.0,7.0,11.0,6.0,14.0,12.0,14.0,243,55.0,26.0,8.0,75.0,15.0,15.0,71.0,147.0,11.0,3.0,3.0,13.0,3.0,2.0,3.0,9.0,3.0,6.0,2.0,9.0,13.0,3.0,19.0,5.0,14.0,31.0,3.0,5.0,17.0,7.0,1.0,2.0,3.0,6.0,4.0,10.0,19.0,4.0,1.0,1.0,2.0,2.0,11.0,1.0,7.0,6.0,0.0,0.0,3.0,0.0,1.0,0.0,0.0,0.0,2.0,0.0,1.0,1.0,1.0,0.0,0.0,0.0,0.0,0.0,0.0,1.0,0.0,0.0
621,12825.0,21878,18904,22368,23939,6275,33848,7197,25636,2750.0,4162,522.0,11124,2145,16334,285.0,0.0,310.0,401.0,5404,8819.0,55244,2371.0,9997.0,36367.0,15410,9158,2548.0,7386.0,1596,3742.0,2353,2793.0,1069.0,1583.0,611.0,4987.0,664,1619,2350,1659,323.0,2468,510.0,7422,1017.0,1017,445.0,1634,1260.0,2284,220.0,24.0,198.0,109.0,3379.0,1154.0,121.0,463.0,1409.0,720.0,380.0,139.0,835.0,1114,2685.0,247.0,279.0,115.0,134.0,361.0,152.0,26.0,16.0,519.0,246.0,696.0,566.0,1363.0,304.0,820.0,1933.0,758.0,80.0,1870.0,724.0,21.0,17.0,72.0,694.0,16.0,4.0,100.0,13.0,11.0,42.0,60.0,11.0,9.0,149.0,1.0,278.0,10.0,22.0,13.0,75.0,129.0,280.0,119.0,680.0,427.0,4.0,958.0,89.0,374.0,27.0,120.0,125.0,53.0,51.0,51.0,382.0,38.0,230.0,173.0,102.0,291.0,191.0,51.0,20.0,60.0,31.0,28.0,13.0,28.0,10.0,10.0,1.0,87.0,21,26.0,82.0,26.0,12.0,37.0,16.0,28.0,15.0,9.0,0.0,6.0,18.0,5.0,7.0,21.0,5.0,0.0,0.0,3.0,34.0,43.0,40.0,21.0,55.0,57.0,28.0,1.0,9.0,6.0,0.0,0.0,0.0,3.0,2.0,24.0,10.0,10.0,143.0,16.0,20.0,1.0,0.0,5.0,0.0,0.0,0.0,6.0,18.0,20.0,4.0,47.0,2.0,0.0,3.0,1.0,3.0,0.0,0.0,15.0,0.0,0.0,0.0,0.0,0.0,0.0,1.0,3.0,1.0
628,10982.0,14897,9420,10876,10051,2284,29959,5467,11782,1441.0,5874,303.0,10304,2002,6900,45.0,15560.0,105.0,142.0,5681,6195.0,39561,938.0,6250.0,17653.0,7228,3602,2045.0,2874.0,652,1431.0,2706,918.0,121.0,537.0,281.0,3675.0,560,1333,1287,1102,194.0,1935,208.0,2738,559.0,682,626.0,551,356.0,1690,489.0,109.0,57.0,91.0,1604.0,416.0,146.0,45.0,360.0,723.0,348.0,89.0,734.0,630,4061.0,300.0,172.0,170.0,302.0,285.0,148.0,21.0,24.0,169.0,57.0,1367.0,491.0,646.0,164.0,242.0,272.0,172.0,41.0,3114.0,426.0,100.0,26.0,25.0,908.0,21.0,3.0,40.0,11.0,4.0,39.0,68.0,9.0,20.0,52.0,1.0,323.0,93.0,20.0,14.0,116.0,47.0,94.0,52.0,151.0,147.0,5.0,467.0,52.0,155.0,38.0,23.0,28.0,63.0,34.0,17.0,75.0,31.0,89.0,45.0,9.0,74.0,91.0,57.0,12.0,64.0,34.0,34.0,7.0,11.0,6.0,14.0,12.0,14.0,243,55.0,26.0,8.0,75.0,15.0,15.0,71.0,147.0,11.0,3.0,3.0,13.0,3.0,2.0,3.0,9.0,3.0,6.0,2.0,9.0,13.0,3.0,19.0,5.0,14.0,31.0,3.0,5.0,17.0,7.0,1.0,2.0,3.0,6.0,4.0,10.0,19.0,4.0,1.0,1.0,2.0,2.0,11.0,1.0,7.0,6.0,0.0,0.0,3.0,0.0,1.0,0.0,0.0,0.0,2.0,0.0,1.0,1.0,1.0,0.0,0.0,0.0,0.0,0.0,0.0,1.0,0.0,0.0
636,3615.0,3748,2946,2606,3697,1220,6092,1416,3850,198.0,894,252.0,2339,319,2399,28.0,3212.0,55.0,61.0,903,1165.0,10188,524.0,1593.0,6206.0,2635,1220,764.0,1573.0,272,751.0,708,638.0,93.0,76.0,109.0,768.0,188,275,437,313,63.0,268,36.0,491,68.0,178,74.0,201,127.0,562,16.0,30.0,69.0,36.0,320.0,249.0,55.0,17.0,141.0,123.0,193.0,74.0,418.0,107,326.0,84.0,73.0,42.0,131.0,144.0,27.0,17.0,10.0,77.0,13.0,381.0,95.0,173.0,64.0,93.0,122.0,99.0,16.0,1858.0,61.0,45.0,8.0,22.0,905.0,18.0,3.0,15.0,5.0,1.0,1.0,3.0,1.0,1.0,23.0,1.0,136.0,7.0,32.0,20.0,50.0,23.0,19.0,40.0,86.0,53.0,0.0,222.0,54.0,119.0,12.0,14.0,5.0,5.0,2.0,4.0,95.0,28.0,52.0,29.0,8.0,21.0,68.0,18.0,0.0,2.0,1.0,4.0,0.0,0.0,9.0,2.0,0.0,51.0,32,11.0,15.0,4.0,11.0,4.0,1.0,17.0,32.0,2.0,0.0,0.0,2.0,3.0,0.0,0.0,0.0,0.0,0.0,0.0,7.0,9.0,10.0,2.0,0.0,0.0,3.0,0.0,0.0,4.0,0.0,0.0,0.0,1.0,0.0,1.0,11.0,19.0,0.0,0.0,0.0,0.0,0.0,0.0,0.0,0.0,0.0,0.0,0.0,0.0,0.0,5.0,0.0,0.0,0.0,0.0,0.0,0.0,0.0,1.0,0.0,0.0,0.0,0.0,0.0,0.0,0.0,0.0,0.0
644,8877.0,12676,7595,8733,8423,1822,25894,4406,9802,1194.0,5675,256.0,8954,1729,5743,42.0,13419.0,90.0,124.0,5281,5321.0,34162,645.0,5100.0,14333.0,5696,2882,1675.0,2370.0,577,1189.0,2522,680.0,93.0,528.0,256.0,3056.0,492,1215,1151,969,169.0,1736,203.0,2555,544.0,583,620.0,416,325.0,1290,479.0,113.0,34.0,73.0,1238.0,334.0,147.0,36.0,281.0,638.0,183.0,75.0,378.0,547,3764.0,264.0,157.0,166.0,260.0,220.0,130.0,15.0,21.0,164.0,49.0,1231.0,369.0,493.0,121.0,181.0,217.0,116.0,25.0,2619.0,311.0,96.0,31.0,16.0,609.0,20.0,3.0,38.0,6.0,3.0,35.0,69.0,8.0,16.0,49.0,1.0,287.0,93.0,11.0,19.0,110.0,46.0,83.0,33.0,117.0,114.0,10.0,375.0,40.0,106.0,43.0,23.0,26.0,41.0,26.0,15.0,58.0,16.0,79.0,40.0,9.0,65.0,71.0,35.0,10.0,58.0,32.0,30.0,5.0,9.0,8.0,11.0,4.0,16.0,247,49.0,11.0,8.0,71.0,11.0,12.0,81.0,160.0,8.0,3.0,1.0,10.0,5.0,2.0,1.0,9.0,3.0,6.0,2.0,0.0,2.0,1.0,19.0,5.0,14.0,31.0,1.0,3.0,16.0,7.0,1.0,2.0,3.0,5.0,3.0,10.0,19.0,4.0,1.0,1.0,2.0,2.0,11.0,1.0,7.0,6.0,0.0,0.0,0.0,0.0,0.0,0.0,0.0,0.0,0.0,0.0,0.0,0.0,0.0,0.0,0.0,0.0,0.0,0.0,0.0,0.0,0.0,0.0
655,28093.0,21923,14763,21903,18058,6025,45001,12487,22572,3597.0,16422,531.0,13313,2078,12903,126.0,26042.0,293.0,623.0,5874,10405.0,56643,1748.0,9216.0,29572.0,12479,5892,2930.0,6734.0,1073,4073.0,5259,1540.0,401.0,802.0,496.0,5710.0,1009,2015,2204,3376,429.0,4917,334.0,6718,3364.0,2092,1159.0,1625,1885.0,3228,579.0,120.0,80.0,109.0,3561.0,752.0,157.0,100.0,964.0,610.0,503.0,192.0,1050.0,1899,15354.0,417.0,179.0,934.0,371.0,387.0,237.0,24.0,12.0,305.0,319.0,2313.0,848.0,2715.0,551.0,856.0,2728.0,613.0,224.0,9443.0,670.0,459.0,43.0,105.0,2183.0,353.0,9.0,239.0,26.0,54.0,161.0,148.0,26.0,28.0,360.0,2.0,889.0,356.0,60.0,22.0,162.0,23.0,266.0,81.0,317.0,403.0,27.0,865.0,110.0,263.0,54.0,29.0,293.0,163.0,134.0,160.0,218.0,121.0,210.0,162.0,74.0,197.0,397.0,96.0,15.0,197.0,90.0,175.0,96.0,18.0,58.0,63.0,50.0,421.0,302,81.0,105.0,31.0,466.0,23.0,26.0,139.0,224.0,50.0,27.0,44.0,45.0,19.0,29.0,101.0,20.0,2.0,0.0,8.0,60.0,339.0,21.0,31.0,19.0,30.0,363.0,9.0,12.0,19.0,5.0,0.0,27.0,6.0,25.0,23.0,23.0,36.0,110.0,53.0,21.0,41.0,3.0,2.0,3.0,15.0,6.0,0.0,0.0,4.0,10.0,2.0,3.0,4.0,1.0,15.0,1.0,23.0,2.0,19.0,68.0,14.0,0.0,0.0,0.0,0.0,8.0,10.0,0.0
688,8671.0,12508,7429,8464,8225,1805,25277,4360,9720,1103.0,5702,256.0,8894,1729,5687,42.0,13320.0,87.0,121.0,5281,5279.0,33213,640.0,4975.0,13964.0,5625,2875,1676.0,2353.0,574,1232.0,2520,677.0,95.0,527.0,259.0,2977.0,486,1222,1146,967,163.0,1724,205.0,2550,544.0,581,620.0,404,325.0,1285,479.0,113.0,33.0,73.0,1243.0,333.0,147.0,38.0,283.0,653.0,182.0,77.0,376.0,541,3754.0,265.0,157.0,166.0,259.0,220.0,131.0,15.0,21.0,163.0,48.0,1286.0,369.0,487.0,122.0,181.0,217.0,113.0,25.0,2857.0,305.0,96.0,31.0,16.0,641.0,20.0,3.0,38.0,6.0,4.0,33.0,69.0,8.0,16.0,50.0,1.0,301.0,93.0,11.0,19.0,110.0,46.0,81.0,33.0,117.0,114.0,10.0,374.0,40.0,104.0,43.0,23.0,26.0,43.0,25.0,16.0,59.0,16.0,79.0,42.0,9.0,65.0,71.0,32.0,10.0,59.0,36.0,27.0,6.0,9.0,8.0,13.0,3.0,13.0,247,49.0,11.0,8.0,75.0,11.0,11.0,81.0,160.0,8.0,1.0,1.0,10.0,5.0,2.0,1.0,9.0,3.0,6.0,2.0,0.0,2.0,1.0,19.0,5.0,14.0,31.0,1.0,3.0,16.0,7.0,1.0,2.0,3.0,5.0,3.0,10.0,19.0,4.0,1.0,1.0,2.0,2.0,11.0,1.0,7.0,6.0,0.0,0.0,0.0,0.0,0.0,0.0,0.0,0.0,0.0,0.0,0.0,0.0,0.0,0.0,0.0,0.0,0.0,0.0,0.0,0.0,0.0,0.0
69,88.0,6016,4549,4411,4050,848,14186,2176,5203,143.0,1384,59.0,4199,442,3196,8.0,7102.0,46.0,83.0,1826,3548.0,20196,591.0,3227.0,8690.0,3846,1360,726.0,632.0,140,688.0,525,395.0,34.0,58.0,44.0,1236.0,277,280,253,648,47.0,578,30.0,994,223.0,375,64.0,283,310.0,1561,25.0,25.0,17.0,28.0,1682.0,216.0,47.0,18.0,215.0,122.0,182.0,24.0,371.0,209,640.0,64.0,52.0,52.0,9.0,8.0,13.0,0.0,0.0,16.0,34.0,258.0,83.0,381.0,59.0,198.0,269.0,148.0,26.0,566.0,244.0,23.0,1.0,11.0,113.0,31.0,2.0,3.0,6.0,2.0,8.0,6.0,1.0,6.0,7.0,0.0,9.0,15.0,3.0,0.0,36.0,8.0,3.0,2.0,26.0,4.0,0.0,92.0,5.0,21.0,0.0,5.0,15.0,7.0,2.0,2.0,5.0,0.0,0.0,2.0,0.0,14.0,59.0,35.0,4.0,4.0,1.0,5.0,0.0,5.0,5.0,0.0,1.0,68.0,149,60.0,39.0,17.0,8.0,3.0,2.0,34.0,274.0,1.0,0.0,0.0,15.0,0.0,0.0,4.0,2.0,7.0,16.0,4.0,0.0,2.0,11.0,1.0,0.0,0.0,0.0,0.0,4.0,0.0,1.0,0.0,0.0,0.0,0.0,9.0,0.0,0.0,0.0,0.0,0.0,0.0,0.0,0.0,0.0,0.0,0.0,0.0,0.0,0.0,0.0,0.0,0.0,0.0,0.0,0.0,0.0,0.0,0.0,9.0,0.0,0.0,0.0,0.0,0.0,0.0,0.0,0.0,0.0
705,296.0,715,438,406,545,67,1814,181,623,82.0,132,4.0,535,57,352,0.0,1499.0,4.0,4.0,273,388.0,2568,56.0,336.0,661.0,372,93,49.0,62.0,20,36.0,35,31.0,7.0,4.0,3.0,192.0,30,27,49,106,2.0,51,4.0,60,2.0,17,5.0,42,56.0,184,0.0,1.0,0.0,0.0,339.0,8.0,0.0,8.0,36.0,37.0,34.0,2.0,69.0,22,75.0,8.0,2.0,3.0,3.0,3.0,2.0,0.0,0.0,5.0,2.0,124.0,5.0,44.0,10.0,22.0,21.0,13.0,1.0,430.0,21.0,0.0,0.0,2.0,53.0,0.0,0.0,0.0,1.0,0.0,0.0,0.0,0.0,0.0,1.0,0.0,105.0,0.0,0.0,0.0,1.0,0.0,0.0,0.0,0.0,0.0,0.0,16.0,8.0,0.0,0.0,0.0,3.0,1.0,2.0,0.0,1.0,0.0,0.0,0.0,0.0,0.0,9.0,1.0,4.0,0.0,0.0,0.0,0.0,4.0,0.0,0.0,0.0,38.0,2,0.0,8.0,1.0,1.0,0.0,0.0,0.0,1.0,0.0,0.0,0.0,0.0,1.0,0.0,0.0,0.0,0.0,0.0,0.0,0.0,0.0,5.0,0.0,0.0,0.0,0.0,0.0,0.0,0.0,0.0,0.0,0.0,0.0,0.0,0.0,0.0,0.0,0.0,0.0,0.0,0.0,0.0,0.0,0.0,0.0,0.0,0.0,0.0,0.0,0.0,0.0,0.0,0.0,0.0,0.0,0.0,0.0,0.0,0.0,0.0,0.0,0.0,0.0,0.0,0.0,0.0,0.0,0.0
736,1602.0,2303,1370,1670,1246,220,4443,823,1659,13.0,698,48.0,1396,295,1245,13.0,2512.0,23.0,24.0,1262,1436.0,5246,116.0,912.0,2434.0,1024,458,401.0,334.0,113,188.0,297,118.0,12.0,62.0,16.0,452.0,89,87,185,99,15.0,139,18.0,301,54.0,88,24.0,90,149.0,488,30.0,21.0,5.0,25.0,254.0,43.0,19.0,13.0,98.0,45.0,73.0,3.0,153.0,67,215.0,24.0,23.0,23.0,15.0,32.0,16.0,3.0,4.0,15.0,12.0,24.0,148.0,145.0,30.0,49.0,45.0,36.0,11.0,61.0,186.0,59.0,0.0,8.0,45.0,34.0,2.0,7.0,2.0,2.0,1.0,6.0,2.0,0.0,0.0,0.0,68.0,12.0,3.0,0.0,22.0,2.0,1.0,3.0,14.0,13.0,0.0,19.0,3.0,21.0,0.0,1.0,1.0,2.0,0.0,3.0,1.0,0.0,0.0,0.0,0.0,3.0,13.0,3.0,0.0,4.0,7.0,1.0,0.0,0.0,0.0,1.0,0.0,10.0,118,5.0,4.0,5.0,2.0,1.0,3.0,23.0,49.0,0.0,0.0,0.0,8.0,2.0,0.0,1.0,1.0,0.0,0.0,0.0,0.0,0.0,3.0,2.0,2.0,2.0,11.0,17.0,1.0,0.0,0.0,4.0,0.0,1.0,0.0,0.0,0.0,0.0,0.0,0.0,0.0,0.0,0.0,0.0,0.0,0.0,0.0,4.0,10.0,0.0,0.0,0.0,0.0,0.0,0.0,0.0,0.0,2.0,0.0,0.0,0.0,0.0,0.0,0.0,16.0,12.0,0.0,0.0,0.0
758,8877.0,12676,7595,8733,8424,1822,25894,4406,9802,1194.0,5675,256.0,8954,1729,5743,42.0,13419.0,90.0,124.0,5281,5322.0,34162,645.0,5100.0,14335.0,5697,2883,1675.0,2370.0,577,1189.0,2522,680.0,93.0,528.0,256.0,3056.0,492,1215,1151,969,169.0,1736,203.0,2555,544.0,583,620.0,416,325.0,1290,479.0,113.0,34.0,73.0,1238.0,334.0,147.0,36.0,281.0,638.0,183.0,75.0,378.0,547,3764.0,264.0,157.0,166.0,260.0,220.0,130.0,15.0,21.0,164.0,49.0,1231.0,369.0,493.0,121.0,181.0,217.0,116.0,25.0,2619.0,311.0,96.0,31.0,16.0,609.0,20.0,3.0,38.0,6.0,3.0,35.0,69.0,8.0,16.0,49.0,1.0,287.0,93.0,11.0,19.0,110.0,46.0,83.0,33.0,117.0,114.0,10.0,375.0,40.0,106.0,43.0,23.0,26.0,41.0,26.0,15.0,58.0,16.0,79.0,40.0,9.0,65.0,71.0,35.0,10.0,58.0,32.0,30.0,5.0,9.0,8.0,11.0,4.0,16.0,247,49.0,11.0,8.0,71.0,11.0,12.0,81.0,160.0,8.0,3.0,1.0,10.0,5.0,2.0,1.0,9.0,3.0,6.0,2.0,0.0,2.0,1.0,19.0,5.0,14.0,31.0,1.0,3.0,16.0,7.0,1.0,2.0,3.0,5.0,3.0,10.0,19.0,4.0,1.0,1.0,2.0,2.0,11.0,1.0,7.0,6.0,0.0,0.0,0.0,0.0,0.0,0.0,0.0,0.0,0.0,0.0,0.0,0.0,0.0,0.0,0.0,0.0,0.0,0.0,0.0,0.0,0.0,0.0
772,9166.0,13005,7759,9117,8760,1889,26641,4527,10087,1241.0,5733,261.0,9187,1747,5930,42.0,13632.0,90.0,126.0,5323,5433.0,35169,679.0,5209.0,14840.0,5956,2983,1756.0,2503.0,597,1260.0,2598,704.0,97.0,530.0,258.0,3165.0,496,1244,1191,985,173.0,1760,204.0,2583,546.0,617,621.0,436,326.0,1391,479.0,113.0,49.0,79.0,1279.0,345.0,148.0,37.0,292.0,652.0,211.0,79.0,437.0,576,3808.0,275.0,157.0,170.0,264.0,235.0,132.0,15.0,21.0,165.0,51.0,1249.0,373.0,520.0,127.0,190.0,229.0,123.0,29.0,2677.0,318.0,96.0,31.0,16.0,627.0,20.0,3.0,38.0,6.0,3.0,39.0,70.0,9.0,16.0,49.0,1.0,294.0,94.0,20.0,19.0,111.0,46.0,84.0,33.0,118.0,114.0,10.0,389.0,41.0,107.0,46.0,23.0,26.0,56.0,31.0,15.0,60.0,16.0,79.0,41.0,9.0,70.0,80.0,37.0,10.0,61.0,32.0,32.0,5.0,9.0,8.0,12.0,12.0,16.0,248,55.0,14.0,8.0,71.0,12.0,15.0,81.0,160.0,14.0,4.0,3.0,11.0,5.0,2.0,1.0,9.0,3.0,6.0,2.0,3.0,6.0,2.0,17.0,5.0,14.0,31.0,1.0,3.0,16.0,7.0,1.0,2.0,3.0,5.0,3.0,10.0,19.0,4.0,1.0,1.0,2.0,2.0,11.0,1.0,7.0,6.0,0.0,0.0,0.0,0.0,0.0,0.0,0.0,0.0,0.0,0.0,0.0,0.0,0.0,0.0,0.0,0.0,0.0,0.0,0.0,0.0,0.0,0.0
781,3635.0,7356,4867,7637,4983,943,17279,2062,7494,207.0,4588,261.0,5226,811,4093,18.0,12187.0,49.0,80.0,2142,2573.0,22748,1084.0,3963.0,11646.0,4878,2043,934.0,1573.0,196,1383.0,789,804.0,257.0,71.0,77.0,1578.0,320,268,512,1151,94.0,756,37.0,652,564.0,302,83.0,311,226.0,2460,34.0,66.0,5.0,39.0,958.0,375.0,70.0,105.0,343.0,419.0,592.0,35.0,1244.0,253,878.0,143.0,105.0,66.0,38.0,61.0,51.0,0.0,0.0,27.0,8.0,1221.0,71.0,530.0,53.0,229.0,288.0,146.0,31.0,5088.0,331.0,18.0,4.0,43.0,1080.0,22.0,1.0,32.0,7.0,6.0,9.0,22.0,6.0,11.0,68.0,0.0,661.0,22.0,3.0,15.0,93.0,4.0,24.0,11.0,138.0,47.0,8.0,224.0,25.0,179.0,3.0,3.0,23.0,20.0,14.0,7.0,22.0,6.0,8.0,7.0,10.0,57.0,88.0,39.0,18.0,9.0,9.0,17.0,5.0,15.0,13.0,3.0,2.0,134.0,210,37.0,49.0,14.0,15.0,8.0,2.0,67.0,1819.0,2.0,0.0,1.0,23.0,1.0,0.0,6.0,3.0,9.0,16.0,1.0,0.0,0.0,3.0,6.0,0.0,0.0,1.0,8.0,7.0,0.0,1.0,0.0,1.0,0.0,3.0,4.0,0.0,0.0,4.0,0.0,0.0,0.0,0.0,0.0,0.0,8.0,0.0,16.0,18.0,3.0,0.0,0.0,0.0,0.0,0.0,0.0,0.0,0.0,0.0,4.0,3.0,0.0,0.0,0.0,0.0,0.0,0.0,0.0,0.0
787,2684.0,3540,2781,2535,2908,1058,5706,1416,3343,83.0,695,147.0,2110,415,1924,24.0,2274.0,53.0,60.0,1112,975.0,9173,602.0,1646.0,5041.0,1856,915,363.0,1412.0,193,761.0,635,505.0,91.0,101.0,74.0,852.0,129,287,384,178,48.0,210,18.0,632,110.0,186,68.0,171,133.0,326,37.0,19.0,40.0,32.0,351.0,180.0,19.0,22.0,79.0,69.0,39.0,33.0,86.0,155,215.0,72.0,65.0,34.0,94.0,107.0,39.0,14.0,6.0,68.0,16.0,180.0,124.0,137.0,34.0,29.0,42.0,35.0,18.0,713.0,149.0,25.0,3.0,7.0,424.0,9.0,1.0,12.0,4.0,3.0,15.0,12.0,6.0,5.0,8.0,2.0,66.0,9.0,3.0,11.0,30.0,11.0,29.0,28.0,72.0,53.0,2.0,201.0,23.0,110.0,7.0,22.0,13.0,16.0,18.0,9.0,61.0,23.0,32.0,27.0,2.0,19.0,57.0,5.0,2.0,9.0,6.0,14.0,0.0,3.0,3.0,2.0,1.0,3.0,50,1.0,8.0,3.0,6.0,4.0,2.0,3.0,43.0,0.0,0.0,1.0,12.0,1.0,1.0,2.0,4.0,1.0,0.0,1.0,7.0,8.0,0.0,1.0,5.0,14.0,6.0,1.0,1.0,3.0,0.0,0.0,0.0,0.0,2.0,5.0,0.0,0.0,9.0,15.0,1.0,1.0,0.0,2.0,0.0,1.0,1.0,0.0,0.0,0.0,1.0,1.0,0.0,0.0,1.0,1.0,0.0,0.0,0.0,7.0,1.0,0.0,0.0,0.0,0.0,0.0,0.0,0.0,0.0
79,261.0,750,311,242,643,66,1767,125,626,94.0,175,4.0,541,24,447,0.0,1659.0,3.0,4.0,300,248.0,2681,60.0,195.0,546.0,494,108,50.0,66.0,17,51.0,46,33.0,0.0,1.0,8.0,101.0,33,40,52,137,5.0,58,4.0,85,0.0,24,5.0,27,9.0,167,0.0,2.0,0.0,0.0,454.0,9.0,0.0,0.0,33.0,47.0,13.0,2.0,26.0,12,85.0,11.0,4.0,1.0,0.0,3.0,2.0,0.0,0.0,2.0,8.0,156.0,3.0,38.0,7.0,17.0,15.0,16.0,2.0,869.0,13.0,0.0,0.0,1.0,99.0,0.0,0.0,0.0,1.0,0.0,0.0,0.0,0.0,0.0,3.0,0.0,65.0,0.0,0.0,0.0,1.0,0.0,0.0,0.0,0.0,0.0,0.0,1.0,0.0,0.0,0.0,0.0,3.0,0.0,0.0,0.0,1.0,0.0,0.0,0.0,0.0,2.0,14.0,2.0,0.0,0.0,0.0,0.0,0.0,0.0,1.0,0.0,0.0,49.0,3,0.0,5.0,0.0,1.0,0.0,0.0,0.0,1.0,0.0,0.0,0.0,0.0,1.0,0.0,0.0,0.0,0.0,0.0,0.0,0.0,0.0,6.0,0.0,0.0,0.0,0.0,0.0,0.0,0.0,0.0,0.0,0.0,0.0,0.0,0.0,0.0,0.0,0.0,0.0,0.0,0.0,0.0,0.0,0.0,0.0,0.0,0.0,0.0,0.0,0.0,0.0,0.0,0.0,0.0,0.0,0.0,0.0,0.0,0.0,0.0,0.0,0.0,0.0,0.0,0.0,0.0,0.0,0.0
828,0.0,17,4,13,15,2,49,2,11,0.0,1,0.0,16,3,14,0.0,22.0,0.0,0.0,14,0.0,72,0.0,0.0,0.0,10,3,0.0,0.0,1,0.0,2,0.0,0.0,0.0,0.0,0.0,1,2,1,1,0.0,3,0.0,3,0.0,1,0.0,2,0.0,6,0.0,0.0,0.0,0.0,0.0,0.0,0.0,0.0,0.0,0.0,0.0,0.0,0.0,1,0.0,0.0,0.0,0.0,0.0,0.0,0.0,0.0,0.0,0.0,0.0,0.0,0.0,0.0,0.0,0.0,0.0,0.0,0.0,0.0,0.0,0.0,0.0,0.0,0.0,0.0,0.0,0.0,0.0,0.0,0.0,0.0,0.0,0.0,0.0,0.0,0.0,0.0,0.0,0.0,0.0,0.0,0.0,0.0,0.0,0.0,0.0,0.0,0.0,0.0,0.0,0.0,0.0,0.0,0.0,0.0,0.0,0.0,0.0,0.0,0.0,0.0,0.0,0.0,0.0,0.0,0.0,0.0,0.0,0.0,0.0,0.0,0.0,0.0,2,0.0,0.0,0.0,0.0,0.0,0.0,0.0,0.0,0.0,0.0,0.0,0.0,0.0,0.0,0.0,0.0,0.0,0.0,0.0,0.0,0.0,0.0,0.0,0.0,0.0,0.0,0.0,0.0,0.0,0.0,0.0,0.0,0.0,0.0,0.0,0.0,0.0,0.0,0.0,0.0,0.0,0.0,0.0,0.0,0.0,0.0,0.0,0.0,0.0,0.0,0.0,0.0,0.0,0.0,0.0,0.0,0.0,0.0,0.0,0.0,0.0,0.0,0.0,0.0,0.0,0.0,0.0,0.0
829,19279.0,12228,10762,18097,12323,3734,25391,7490,16546,252.0,4411,218.0,7823,1792,9908,317.0,12686.0,280.0,359.0,3796,8524.0,39648,1049.0,5763.0,50152.0,7699,3021,3154.0,25699.0,709,13240.0,1074,1197.0,93.0,554.0,178.0,3733.0,407,1023,704,1541,99.0,1233,194.0,3211,145.0,738,144.0,493,177.0,3086,23.0,15.0,4595.0,1558.0,2794.0,339.0,258.0,26.0,388.0,412.0,443.0,121.0,984.0,402,2325.0,116.0,84.0,65.0,146.0,164.0,50.0,2995.0,10.0,96.0,85.0,512.0,589.0,935.0,256.0,435.0,792.0,280.0,33.0,2211.0,157.0,1.0,2.0,24.0,980.0,9.0,6.0,43.0,3.0,13.0,5.0,16.0,3.0,7.0,63.0,2.0,185.0,5.0,11.0,15.0,379.0,31.0,26.0,41.0,116.0,63.0,1.0,285.0,57.0,144.0,10.0,16.0,20.0,33.0,12.0,6.0,119.0,33.0,54.0,46.0,8.0,35.0,67.0,49.0,7.0,26.0,21.0,14.0,14.0,15.0,5.0,29.0,0.0,19.0,281,207.0,28.0,1.0,5.0,5.0,3.0,268.0,268.0,1.0,0.0,3.0,14.0,6.0,5.0,9.0,0.0,1.0,1.0,12.0,8.0,12.0,8.0,31.0,8.0,20.0,5325.0,10.0,7.0,3.0,0.0,0.0,0.0,0.0,3.0,1.0,11.0,19.0,22.0,9.0,9.0,8.0,0.0,13.0,0.0,0.0,0.0,6.0,8.0,1.0,1.0,4.0,8.0,4.0,2.0,0.0,0.0,7.0,0.0,0.0,0.0,0.0,0.0,0.0,0.0,0.0,0.0,0.0,0.0
859,18979.0,14766,12215,18463,13073,3939,29897,7588,17201,251.0,4537,303.0,9273,1967,10357,232.0,14576.0,269.0,370.0,4601,8527.0,45271,1334.0,6915.0,53350.0,8488,3456,3140.0,26138.0,710,13590.0,1361,1269.0,123.0,557.0,170.0,3949.0,442,1046,1008,1620,123.0,1166,170.0,3328,238.0,799,178.0,583,345.0,3445,55.0,29.0,4617.0,1564.0,2926.0,434.0,265.0,60.0,421.0,466.0,498.0,145.0,1080.0,486,2009.0,164.0,121.0,93.0,167.0,205.0,66.0,2994.0,9.0,133.0,100.0,662.0,617.0,907.0,232.0,357.0,561.0,219.0,43.0,2262.0,397.0,28.0,5.0,31.0,986.0,9.0,9.0,51.0,11.0,15.0,17.0,18.0,14.0,13.0,47.0,3.0,246.0,11.0,12.0,15.0,386.0,38.0,40.0,51.0,148.0,80.0,3.0,370.0,63.0,216.0,12.0,35.0,30.0,46.0,28.0,14.0,143.0,33.0,62.0,64.0,9.0,47.0,112.0,63.0,35.0,38.0,27.0,26.0,15.0,29.0,3.0,32.0,1.0,36.0,322,201.0,33.0,9.0,12.0,7.0,4.0,274.0,310.0,1.0,0.0,3.0,22.0,8.0,7.0,11.0,5.0,1.0,0.0,1.0,11.0,14.0,10.0,24.0,12.0,29.0,5322.0,3.0,8.0,6.0,0.0,0.0,0.0,0.0,7.0,6.0,11.0,19.0,31.0,23.0,10.0,9.0,0.0,12.0,0.0,1.0,1.0,3.0,6.0,1.0,3.0,4.0,8.0,4.0,3.0,1.0,0.0,0.0,0.0,7.0,1.0,0.0,0.0,0.0,0.0,0.0,1.0,0.0,0.0
860,3911.0,4597,3930,3414,4191,1585,7260,1879,4653,153.0,943,215.0,2657,544,2700,35.0,2930.0,77.0,89.0,1523,1417.0,12222,743.0,2105.0,7053.0,2445,1212,466.0,1965.0,244,1038.0,789,669.0,102.0,118.0,108.0,1155.0,187,385,528,252,71.0,296,23.0,799,143.0,241,103.0,229,269.0,435,43.0,23.0,65.0,41.0,465.0,336.0,55.0,46.0,150.0,116.0,59.0,67.0,136.0,201,333.0,97.0,91.0,42.0,153.0,183.0,47.0,19.0,7.0,92.0,35.0,290.0,159.0,170.0,50.0,58.0,78.0,60.0,21.0,1198.0,192.0,25.0,3.0,18.0,811.0,9.0,9.0,14.0,9.0,3.0,15.0,14.0,6.0,6.0,12.0,2.0,101.0,9.0,11.0,15.0,37.0,20.0,38.0,50.0,130.0,71.0,2.0,320.0,58.0,184.0,9.0,34.0,16.0,17.0,19.0,11.0,124.0,29.0,61.0,48.0,9.0,32.0,64.0,21.0,27.0,11.0,6.0,14.0,0.0,13.0,4.0,3.0,1.0,24.0,51,6.0,10.0,5.0,7.0,5.0,3.0,3.0,44.0,0.0,0.0,0.0,12.0,1.0,2.0,2.0,5.0,1.0,0.0,1.0,7.0,7.0,6.0,1.0,5.0,13.0,9.0,1.0,1.0,6.0,0.0,0.0,0.0,0.0,2.0,5.0,11.0,19.0,9.0,14.0,1.0,1.0,0.0,2.0,0.0,1.0,1.0,0.0,0.0,0.0,2.0,2.0,0.0,0.0,1.0,1.0,0.0,0.0,0.0,7.0,1.0,0.0,0.0,0.0,0.0,0.0,1.0,0.0,0.0
883,5896.0,8503,4502,5294,5654,1106,16234,2736,6755,557.0,3852,210.0,6153,785,4082,29.0,8850.0,62.0,78.0,2645,3404.0,21788,451.0,2939.0,8921.0,3953,2271,1397.0,1691.0,453,838.0,2205,499.0,91.0,443.0,226.0,1650.0,387,1004,828,747,129.0,1452,194.0,2358,445.0,483,586.0,277,277.0,922,475.0,132.0,29.0,73.0,999.0,254.0,161.0,32.0,142.0,328.0,140.0,68.0,289.0,440,2602.0,215.0,168.0,139.0,217.0,173.0,108.0,13.0,21.0,128.0,45.0,701.0,207.0,272.0,66.0,111.0,174.0,79.0,21.0,1354.0,147.0,36.0,25.0,10.0,417.0,19.0,2.0,31.0,4.0,2.0,16.0,61.0,8.0,9.0,24.0,1.0,126.0,84.0,8.0,24.0,121.0,43.0,73.0,21.0,100.0,93.0,6.0,272.0,23.0,65.0,35.0,12.0,18.0,31.0,16.0,11.0,48.0,7.0,61.0,34.0,6.0,57.0,38.0,21.0,11.0,33.0,21.0,14.0,3.0,9.0,4.0,11.0,2.0,9.0,280,44.0,8.0,3.0,59.0,6.0,9.0,92.0,201.0,7.0,1.0,1.0,8.0,4.0,2.0,1.0,4.0,1.0,4.0,1.0,0.0,2.0,1.0,15.0,3.0,12.0,24.0,0.0,2.0,16.0,7.0,1.0,2.0,3.0,5.0,3.0,10.0,19.0,4.0,1.0,1.0,2.0,2.0,11.0,1.0,7.0,6.0,0.0,0.0,0.0,0.0,0.0,0.0,0.0,0.0,0.0,0.0,0.0,0.0,0.0,0.0,0.0,0.0,0.0,0.0,0.0,0.0,0.0,0.0
886,33290.0,24855,20301,30011,24782,7091,47395,14961,29959,1817.0,8132,498.0,14398,3413,18556,472.0,19142.0,485.0,581.0,7685,14823.0,70951,2203.0,12510.0,67786.0,15690,6654,4866.0,30134.0,1505,16245.0,2593,2225.0,164.0,1466.0,350.0,8042.0,943,2104,2368,2656,230.0,2213,695.0,5439,468.0,1172,339.0,1270,448.0,4787,223.0,42.0,4660.0,1633.0,4778.0,766.0,305.0,48.0,756.0,717.0,817.0,169.0,1790.0,733,4087.0,282.0,1163.0,170.0,679.0,616.0,157.0,3012.0,19.0,358.0,139.0,1090.0,1259.0,1610.0,463.0,874.0,1351.0,506.0,60.0,4892.0,490.0,13.0,13.0,60.0,2358.0,13.0,8.0,97.0,9.0,19.0,17.0,27.0,7.0,23.0,111.0,7.0,381.0,5.0,40.0,24.0,532.0,473.0,56.0,88.0,230.0,97.0,4.0,536.0,110.0,275.0,21.0,60.0,54.0,88.0,28.0,19.0,213.0,64.0,112.0,76.0,25.0,61.0,164.0,104.0,10.0,57.0,28.0,23.0,25.0,18.0,7.0,36.0,3.0,83.0,358,258.0,50.0,6.0,13.0,22.0,5.0,326.0,321.0,5.0,2.0,6.0,18.0,10.0,7.0,18.0,3.0,122.0,43.0,13.0,26.0,36.0,16.0,64.0,13.0,34.0,5335.0,7.0,8.0,6.0,0.0,0.0,0.0,4.0,4.0,2.0,21.0,29.0,71.0,19.0,22.0,20.0,0.0,24.0,2.0,1.0,1.0,3.0,6.0,3.0,6.0,71.0,9.0,4.0,6.0,6.0,6.0,0.0,0.0,1.0,4.0,0.0,0.0,0.0,0.0,0.0,0.0,0.0,0.0
923,93.0,4212,2880,3394,3370,904,7600,1410,3662,190.0,1184,173.0,2748,696,2633,18.0,3617.0,59.0,92.0,1907,1432.0,11583,548.0,1549.0,5622.0,2557,1299,827.0,1336.0,186,591.0,594,575.0,105.0,118.0,100.0,944.0,153,297,360,302,55.0,315,42.0,1298,143.0,223,102.0,245,408.0,927,8.0,16.0,38.0,61.0,416.0,179.0,53.0,17.0,111.0,109.0,266.0,48.0,555.0,169,523.0,71.0,60.0,31.0,29.0,83.0,19.0,12.0,22.0,80.0,31.0,76.0,99.0,258.0,69.0,86.0,229.0,69.0,14.0,152.0,193.0,5.0,5.0,9.0,48.0,2.0,1.0,12.0,0.0,7.0,5.0,14.0,1.0,16.0,6.0,0.0,26.0,4.0,5.0,2.0,29.0,16.0,25.0,9.0,81.0,59.0,2.0,188.0,12.0,107.0,10.0,18.0,11.0,6.0,6.0,7.0,66.0,5.0,36.0,20.0,3.0,45.0,51.0,8.0,18.0,18.0,12.0,7.0,1.0,14.0,0.0,3.0,1.0,65.0,56,32.0,15.0,2.0,3.0,3.0,4.0,10.0,282.0,2.0,0.0,0.0,6.0,1.0,0.0,1.0,0.0,0.0,0.0,0.0,11.0,11.0,3.0,8.0,0.0,4.0,3.0,0.0,1.0,3.0,0.0,0.0,1.0,0.0,6.0,2.0,0.0,0.0,1.0,0.0,0.0,1.0,1.0,1.0,0.0,0.0,0.0,0.0,0.0,0.0,0.0,3.0,0.0,0.0,0.0,0.0,0.0,0.0,0.0,5.0,3.0,0.0,0.0,0.0,0.0,0.0,0.0,1.0,0.0
945,9292.0,13319,7980,9544,9015,1932,27320,4599,10406,1260.0,5792,270.0,9410,1814,6136,42.0,14213.0,93.0,129.0,5457,5542.0,36136,724.0,5364.0,15180.0,6235,3113,1810.0,2553.0,608,1274.0,2653,739.0,102.0,532.0,258.0,3240.0,516,1251,1212,1059,176.0,1779,205.0,2647,545.0,630,621.0,451,326.0,1479,480.0,122.0,50.0,86.0,1330.0,361.0,157.0,43.0,309.0,660.0,256.0,81.0,545.0,588,3848.0,281.0,170.0,173.0,264.0,237.0,137.0,15.0,21.0,167.0,54.0,1262.0,405.0,544.0,131.0,203.0,238.0,135.0,30.0,2689.0,325.0,96.0,31.0,20.0,674.0,20.0,3.0,39.0,6.0,3.0,39.0,71.0,9.0,16.0,49.0,1.0,307.0,94.0,21.0,19.0,124.0,46.0,85.0,37.0,125.0,114.0,10.0,414.0,45.0,127.0,46.0,23.0,26.0,57.0,33.0,15.0,62.0,16.0,79.0,41.0,9.0,73.0,83.0,39.0,12.0,61.0,32.0,32.0,5.0,11.0,8.0,12.0,12.0,17.0,276,55.0,21.0,8.0,76.0,13.0,15.0,81.0,186.0,14.0,4.0,3.0,12.0,5.0,2.0,1.0,9.0,3.0,6.0,2.0,3.0,6.0,3.0,17.0,5.0,14.0,31.0,1.0,5.0,16.0,7.0,1.0,2.0,3.0,5.0,3.0,10.0,19.0,4.0,1.0,1.0,2.0,2.0,11.0,1.0,7.0,6.0,0.0,0.0,3.0,0.0,0.0,0.0,0.0,0.0,0.0,0.0,0.0,0.0,0.0,0.0,0.0,0.0,0.0,0.0,0.0,0.0,0.0,0.0
952,22072.0,25912,18182,23848,21744,5999,51156,9441,28510,3969.0,16170,782.0,15799,2169,15917,217.0,29183.0,441.0,854.0,6193,9335.0,73035,2570.0,11714.0,71998.0,15760,6846,3274.0,31907.0,1513,17138.0,6299,2243.0,500.0,972.0,489.0,5917.0,1118,2426,2926,4278,449.0,5458,405.0,7299,3651.0,1888,1445.0,1477,2648.0,4043,687.0,206.0,4684.0,1690.0,3857.0,1106.0,466.0,134.0,1115.0,890.0,638.0,214.0,1355.0,2065,12458.0,741.0,439.0,974.0,549.0,583.0,292.0,2996.0,32.0,519.0,274.0,3404.0,604.0,2533.0,441.0,892.0,2595.0,612.0,160.0,13410.0,574.0,407.0,53.0,82.0,3348.0,349.0,6.0,181.0,24.0,27.0,172.0,136.0,29.0,28.0,373.0,1.0,1130.0,385.0,40.0,47.0,565.0,39.0,355.0,97.0,349.0,421.0,50.0,1113.0,157.0,370.0,65.0,60.0,293.0,199.0,119.0,151.0,282.0,121.0,238.0,180.0,82.0,261.0,267.0,169.0,18.0,171.0,82.0,183.0,92.0,17.0,32.0,60.0,50.0,480.0,630,338.0,82.0,25.0,475.0,25.0,21.0,439.0,576.0,51.0,23.0,34.0,17.0,13.0,28.0,82.0,30.0,11.0,2.0,5.0,81.0,340.0,34.0,66.0,4.0,5.0,5635.0,4.0,6.0,13.0,5.0,0.0,24.0,8.0,24.0,18.0,110.0,289.0,236.0,38.0,0.0,34.0,1.0,2.0,2.0,15.0,6.0,3.0,6.0,6.0,88.0,7.0,3.0,4.0,2.0,13.0,4.0,1.0,0.0,40.0,53.0,11.0,0.0,0.0,0.0,0.0,0.0,8.0,0.0
956,8670.0,12499,7427,8460,8219,1805,25233,4357,9708,1091.0,5701,256.0,8887,1729,5681,42.0,13309.0,87.0,121.0,5281,5270.0,33172,640.0,4974.0,13951.0,5623,2869,1676.0,2352.0,573,1232.0,2521,677.0,95.0,527.0,259.0,2974.0,486,1221,1144,964,163.0,1724,205.0,2551,544.0,581,620.0,403,325.0,1285,479.0,113.0,33.0,73.0,1240.0,333.0,147.0,38.0,283.0,650.0,182.0,77.0,376.0,541,3754.0,265.0,157.0,166.0,259.0,220.0,131.0,15.0,21.0,163.0,48.0,1281.0,369.0,487.0,122.0,181.0,217.0,113.0,25.0,2840.0,305.0,96.0,31.0,16.0,641.0,20.0,3.0,38.0,6.0,4.0,33.0,69.0,8.0,16.0,50.0,1.0,301.0,93.0,11.0,19.0,110.0,46.0,81.0,33.0,117.0,114.0,10.0,374.0,40.0,104.0,43.0,23.0,26.0,43.0,25.0,16.0,59.0,16.0,79.0,42.0,9.0,65.0,71.0,32.0,10.0,59.0,36.0,27.0,6.0,9.0,8.0,13.0,3.0,13.0,247,49.0,11.0,8.0,73.0,11.0,11.0,81.0,160.0,8.0,1.0,1.0,10.0,5.0,2.0,1.0,9.0,3.0,6.0,2.0,0.0,2.0,1.0,19.0,5.0,14.0,31.0,1.0,3.0,16.0,7.0,1.0,2.0,3.0,5.0,3.0,10.0,19.0,4.0,1.0,1.0,2.0,2.0,11.0,1.0,7.0,6.0,0.0,0.0,0.0,0.0,0.0,0.0,0.0,0.0,0.0,0.0,0.0,0.0,0.0,0.0,0.0,0.0,0.0,0.0,0.0,0.0,0.0,0.0
957,8670.0,12499,7427,8460,8219,1805,25233,4357,9708,1091.0,5701,256.0,8887,1729,5681,42.0,13309.0,87.0,121.0,5281,5270.0,33172,640.0,4974.0,13951.0,5623,2869,1676.0,2352.0,573,1232.0,2521,677.0,95.0,527.0,259.0,2974.0,486,1221,1144,964,163.0,1724,205.0,2551,544.0,581,620.0,403,325.0,1285,479.0,113.0,33.0,73.0,1240.0,333.0,147.0,38.0,283.0,650.0,182.0,77.0,376.0,541,3754.0,265.0,157.0,166.0,259.0,220.0,131.0,15.0,21.0,163.0,48.0,1281.0,369.0,487.0,122.0,181.0,217.0,113.0,25.0,2840.0,305.0,96.0,31.0,16.0,641.0,20.0,3.0,38.0,6.0,4.0,33.0,69.0,8.0,16.0,50.0,1.0,301.0,93.0,11.0,19.0,110.0,46.0,81.0,33.0,117.0,114.0,10.0,374.0,40.0,104.0,43.0,23.0,26.0,43.0,25.0,16.0,59.0,16.0,79.0,42.0,9.0,65.0,71.0,32.0,10.0,59.0,36.0,27.0,6.0,9.0,8.0,13.0,3.0,13.0,247,49.0,11.0,8.0,73.0,11.0,11.0,81.0,160.0,8.0,1.0,1.0,10.0,5.0,2.0,1.0,9.0,3.0,6.0,2.0,0.0,2.0,1.0,19.0,5.0,14.0,31.0,1.0,3.0,16.0,7.0,1.0,2.0,3.0,5.0,3.0,10.0,19.0,4.0,1.0,1.0,2.0,2.0,11.0,1.0,7.0,6.0,0.0,0.0,0.0,0.0,0.0,0.0,0.0,0.0,0.0,0.0,0.0,0.0,0.0,0.0,0.0,0.0,0.0,0.0,0.0,0.0,0.0,0.0
962,3065.0,5890,3929,4973,3808,711,11717,1575,5448,185.0,2116,106.0,3879,623,3251,9.0,8524.0,35.0,82.0,1800,1869.0,16783,675.0,2610.0,8550.0,3841,1383,563.0,1230.0,217,918.0,596,571.0,57.0,51.0,69.0,1062.0,266,222,436,724,57.0,527,34.0,499,76.0,208,62.0,283,94.0,1422,25.0,68.0,4.0,44.0,817.0,247.0,74.0,48.0,221.0,205.0,286.0,46.0,610.0,133,693.0,75.0,106.0,39.0,22.0,42.0,86.0,0.0,2.0,16.0,8.0,582.0,70.0,297.0,38.0,156.0,185.0,107.0,15.0,2623.0,214.0,34.0,22.0,13.0,450.0,34.0,0.0,11.0,4.0,1.0,21.0,23.0,13.0,16.0,41.0,0.0,256.0,10.0,2.0,20.0,95.0,3.0,34.0,6.0,101.0,35.0,3.0,212.0,26.0,104.0,17.0,0.0,9.0,17.0,33.0,2.0,19.0,6.0,14.0,6.0,7.0,72.0,57.0,35.0,8.0,5.0,6.0,35.0,1.0,8.0,6.0,3.0,0.0,118.0,198,31.0,36.0,13.0,18.0,6.0,3.0,62.0,935.0,3.0,0.0,0.0,10.0,3.0,0.0,1.0,0.0,0.0,0.0,0.0,0.0,0.0,8.0,4.0,0.0,0.0,1.0,0.0,7.0,0.0,0.0,0.0,0.0,0.0,1.0,17.0,0.0,0.0,0.0,0.0,0.0,0.0,0.0,0.0,0.0,4.0,0.0,0.0,0.0,3.0,1.0,0.0,0.0,0.0,0.0,0.0,1.0,0.0,0.0,17.0,0.0,0.0,0.0,0.0,0.0,0.0,0.0,0.0,0.0
963,8667.0,12487,7419,8441,8213,1805,25210,4355,9701,1082.0,5701,256.0,8883,1729,5674,42.0,13310.0,86.0,121.0,5282,5270.0,33141,640.0,4963.0,13927.0,5616,2866,1676.0,2345.0,573,1229.0,2519,677.0,95.0,527.0,260.0,2971.0,481,1221,1143,964,163.0,1724,205.0,2549,544.0,581,620.0,402,325.0,1285,479.0,113.0,33.0,73.0,1234.0,333.0,147.0,38.0,279.0,646.0,182.0,77.0,376.0,541,3753.0,265.0,157.0,166.0,259.0,220.0,131.0,15.0,21.0,163.0,48.0,1281.0,369.0,483.0,121.0,181.0,217.0,111.0,24.0,2824.0,305.0,96.0,31.0,16.0,641.0,20.0,3.0,36.0,6.0,4.0,33.0,69.0,8.0,14.0,50.0,1.0,301.0,93.0,11.0,19.0,110.0,46.0,81.0,33.0,117.0,114.0,10.0,374.0,40.0,104.0,43.0,23.0,26.0,43.0,25.0,16.0,58.0,16.0,79.0,42.0,9.0,65.0,69.0,32.0,6.0,59.0,36.0,27.0,6.0,5.0,8.0,13.0,3.0,13.0,247,49.0,8.0,6.0,72.0,11.0,11.0,81.0,160.0,8.0,1.0,1.0,10.0,5.0,2.0,1.0,9.0,3.0,6.0,2.0,0.0,2.0,1.0,19.0,5.0,14.0,31.0,1.0,3.0,16.0,7.0,1.0,2.0,3.0,5.0,3.0,10.0,19.0,4.0,1.0,1.0,2.0,2.0,11.0,1.0,7.0,6.0,0.0,0.0,0.0,0.0,0.0,0.0,0.0,0.0,0.0,0.0,0.0,0.0,0.0,0.0,0.0,0.0,0.0,0.0,0.0,0.0,0.0,0.0
967,66.0,6153,4871,6430,6321,1672,11961,2286,7132,424.0,1569,224.0,3676,502,4681,62.0,4827.0,123.0,149.0,1129,2293.0,19969,846.0,2916.0,44423.0,4599,1979,909.0,25199.0,400,12509.0,820,887.0,90.0,425.0,142.0,1665.0,277,505,617,552,113.0,561,25.0,2390,196.0,203,129.0,438,640.0,1098,49.0,19.0,4596.0,1599.0,1058.0,422.0,268.0,36.0,182.0,149.0,234.0,77.0,529.0,179,612.0,127.0,143.0,41.0,90.0,211.0,104.0,2984.0,8.0,189.0,35.0,255.0,191.0,217.0,45.0,123.0,161.0,98.0,23.0,853.0,161.0,5.0,16.0,14.0,323.0,0.0,3.0,12.0,0.0,0.0,8.0,27.0,1.0,3.0,46.0,0.0,65.0,0.0,10.0,4.0,364.0,15.0,96.0,17.0,199.0,139.0,3.0,488.0,33.0,201.0,12.0,48.0,12.0,12.0,12.0,4.0,137.0,24.0,57.0,63.0,14.0,98.0,44.0,30.0,4.0,13.0,3.0,24.0,0.0,5.0,2.0,4.0,0.0,15.0,360,245.0,26.0,2.0,3.0,9.0,13.0,281.0,313.0,1.0,0.0,0.0,7.0,2.0,1.0,6.0,1.0,0.0,0.0,12.0,3.0,6.0,10.0,3.0,0.0,0.0,5324.0,0.0,3.0,6.0,0.0,0.0,0.0,1.0,2.0,2.0,10.0,10.0,4.0,0.0,1.0,0.0,0.0,1.0,0.0,0.0,0.0,0.0,0.0,1.0,0.0,2.0,0.0,0.0,0.0,1.0,3.0,0.0,0.0,1.0,0.0,0.0,0.0,0.0,0.0,0.0,0.0,0.0,0.0
968,144.0,6047,4575,6355,6909,1593,12630,2422,7072,182.0,1943,202.0,3521,762,5264,65.0,4921.0,134.0,214.0,1688,2480.0,20194,644.0,2458.0,10476.0,4410,1965,622.0,2901.0,490,1513.0,1759,735.0,72.0,459.0,137.0,1671.0,288,678,767,855,93.0,578,127.0,2780,264.0,384,167.0,537,701.0,702,27.0,24.0,130.0,118.0,1139.0,507.0,70.0,32.0,112.0,167.0,52.0,51.0,117.0,282,770.0,155.0,203.0,45.0,84.0,175.0,86.0,17.0,7.0,175.0,25.0,204.0,369.0,203.0,49.0,80.0,119.0,65.0,7.0,844.0,357.0,27.0,5.0,3.0,431.0,3.0,0.0,15.0,0.0,0.0,11.0,21.0,1.0,2.0,15.0,0.0,62.0,12.0,31.0,10.0,111.0,29.0,88.0,16.0,164.0,124.0,4.0,366.0,22.0,147.0,9.0,34.0,7.0,21.0,12.0,4.0,109.0,24.0,47.0,53.0,8.0,68.0,43.0,19.0,4.0,14.0,7.0,26.0,1.0,3.0,4.0,9.0,0.0,8.0,98,38.0,13.0,3.0,21.0,35.0,9.0,55.0,69.0,1.0,0.0,1.0,2.0,0.0,2.0,4.0,5.0,0.0,0.0,0.0,2.0,8.0,6.0,6.0,8.0,6.0,9.0,6.0,0.0,7.0,0.0,0.0,0.0,0.0,0.0,9.0,10.0,9.0,5.0,7.0,5.0,0.0,0.0,1.0,0.0,0.0,0.0,2.0,10.0,0.0,0.0,10.0,2.0,2.0,0.0,1.0,3.0,3.0,1.0,4.0,0.0,0.0,0.0,0.0,0.0,0.0,0.0,0.0,0.0
