,22,13,70,71,1A,6E,0C,11,12,5C,0E,54,38,27,5B,59,39,32,52,55,0A,0F,63,28,7,B0,D8,1,3A,1F,29,2B,3D,35,33,0,3B,69,62,72,DA,23,4B,21,44,0D,B6,6F,2C,15,B5,20,60,34,E1,14,46,26,6A,16,76,1D,3C,1E,74,37,DD,36,4D,90,49,98,DB,B1,A7,A8,C8,C6,95,96,DF,D5,DE,10,0B,82,87,A9,91,A6,C7,2E,2D,C9,89,18,CD,8C,7B,7F,75,8,2,1C,0,77,5E,57,B2,67,B4,53,5A,48,81,C0,C3,C1,4,BD,BB,BE,84,31,9D,8D,4F,C4,E0,E2,93,BC,17,9B,19,CB,CC,D4,B9,99,B8,94,AA,B3,9E,2F,83,30,92,65,4C,C2,9C,8F,D6,6D,66,5F,45,58,86,8B,68,61,7D,CE,D0,8A,D2,5,B7,C5,5D,56,85,88,A5,D3,47,A3,A4,8E,AC,CF,CA,AB,BF,DC,24,4E,50,9F,AD,AE,BA,97,D7,9A,6C,A0,80,51,4A,A1,AF,A2,64,6B,9,3,6
1005,4967,3233.0,8083,11771,6699.0,20925,15484,3679.0,9518,793.0,5346,43674,4047,1251.0,3823,13472.0,1868.0,640.0,26155.0,739.0,8649.0,2119.0,84.0,5841,1373,422.0,893,2331.0,108.0,1833,819.0,297.0,255.0,635,1285,162.0,124.0,947.0,1822.0,3541.0,72.0,769,345.0,275,225.0,1066.0,1631.0,397,123.0,699,4647.0,364.0,737.0,246.0,22.0,306,189,30.0,34.0,326.0,231.0,180.0,76.0,396.0,198,110.0,450.0,65.0,1091,70.0,22.0,2.0,92.0,133.0,108.0,15.0,195.0,208.0,12.0,111.0,2980.0,460.0,331.0,133.0,591.0,391.0,180.0,42.0,110.0,30.0,105.0,75.0,104.0,97.0,40.0,47.0,20.0,20.0,15.0,2.0,7.0,943.0,191.0,288.0,48,90.0,1.0,1.0,28.0,163.0,5.0,307.0,225.0,365.0,57.0,26.0,2.0,2.0,49.0,12.0,21.0,8.0,46.0,147.0,2.0,292.0,575.0,2.0,245.0,239.0,8.0,31.0,45.0,4.0,29.0,6.0,7.0,5.0,1.0,3.0,4.0,5.0,8.0,10.0,4.0,24.0,22.0,21.0,7.0,5.0,4.0,10.0,9.0,3.0,95.0,7.0,7.0,3.0,6.0,31.0,8.0,6.0,7.0,7.0,2.0,8.0,7.0,9.0,5.0,34.0,5317.0,4.0,60.0,15.0,1.0,1.0,6.0,3.0,6.0,1.0,1.0,8.0,1.0,2.0,1.0,1.0,1.0,3.0,2.0,4.0,0.0,0.0,0.0,0.0,0.0,0.0,0.0,0.0,0.0,0.0,0.0,0.0,0.0,0.0,0.0,0.0,0.0,0.0,0.0,0.0,0.0
1012,9190,5731.0,13021,9176,13630.0,35256,26708,4536.0,10114,681.0,7781,14876,5972,1756.0,5231,1266.0,2988.0,597.0,2507.0,706.0,8781.0,1893.0,97.0,5937,1285,530.0,2599,2586.0,258.0,3160,987.0,127.0,496.0,1243,1194,90.0,174.0,1747.0,5324.0,5436.0,204.0,1762,546.0,617,621.0,1392.0,79.0,439,42.0,348,49.0,373.0,1257.0,261.0,113.0,326,576,479.0,37.0,296.0,653.0,211.0,79.0,437.0,1249,276.0,157.0,170.0,3811,264.0,96.0,21.0,134.0,165.0,79.0,33.0,118.0,114.0,20.0,19.0,15.0,111.0,46.0,127.0,523.0,389.0,111.0,41.0,235.0,16.0,84.0,41.0,60.0,70.0,26.0,56.0,31.0,15.0,23.0,9.0,12.0,2676.0,627.0,318.0,9194,294.0,10.0,19.0,70.0,16.0,9.0,229.0,190.0,248.0,82.0,4.0,1.0,1.0,53.0,12.0,29.0,9.0,39.0,125.0,5.0,81.0,160.0,0.0,148.0,55.0,31.0,14.0,37.0,8.0,61.0,5.0,2.0,5.0,0.0,7.0,16.0,10.0,0.0,15.0,6.0,32.0,32.0,12.0,46.0,7.0,3.0,14.0,16.0,1.0,0.0,0.0,0.0,0.0,6.0,0.0,3.0,3.0,10.0,9.0,1.0,1.0,17.0,39.0,16.0,49.0,31.0,11.0,3.0,6.0,2.0,0.0,5.0,9.0,3.0,0.0,2.0,94.0,3.0,0.0,0.0,4.0,2.0,73.0,2.0,0.0,20.0,3.0,12.0,14.0,1.0,3.0,2.0,1.0,6.0,0.0,0.0,0.0,0.0,0.0,0.0,0.0,0.0,0.0,0.0,0.0,0.0
1041,9410,5792.0,13319,9546,14214.0,36140,27323,4600.0,10406,724.0,7982,15183,6236,1810.0,5365,1274.0,3115.0,608.0,2553.0,739.0,9017.0,1932.0,102.0,6135,1330,532.0,2653,2647.0,258.0,3241,1060.0,129.0,516.0,1251,1212,93.0,176.0,1814.0,5457.0,5544.0,205.0,1779,545.0,630,621.0,1479.0,86.0,451,42.0,361,50.0,405.0,1260.0,270.0,122.0,326,588,480.0,43.0,309.0,660.0,256.0,81.0,545.0,1262,281.0,170.0,173.0,3848,264.0,96.0,21.0,137.0,167.0,79.0,37.0,125.0,114.0,21.0,19.0,15.0,124.0,46.0,131.0,544.0,414.0,127.0,45.0,237.0,16.0,85.0,41.0,62.0,73.0,26.0,57.0,33.0,15.0,23.0,9.0,13.0,2689.0,674.0,325.0,9292,307.0,10.0,19.0,71.0,17.0,9.0,238.0,203.0,276.0,83.0,4.0,1.0,1.0,54.0,12.0,30.0,8.0,39.0,135.0,5.0,81.0,186.0,0.0,157.0,55.0,31.0,21.0,39.0,8.0,61.0,5.0,2.0,5.0,0.0,7.0,16.0,10.0,0.0,15.0,6.0,32.0,32.0,12.0,46.0,7.0,3.0,14.0,20.0,1.0,0.0,0.0,0.0,0.0,6.0,0.0,3.0,5.0,12.0,11.0,1.0,1.0,17.0,39.0,16.0,49.0,31.0,11.0,3.0,6.0,3.0,3.0,5.0,9.0,3.0,0.0,2.0,94.0,3.0,0.0,0.0,4.0,2.0,76.0,2.0,0.0,20.0,3.0,12.0,14.0,1.0,3.0,2.0,1.0,6.0,0.0,0.0,0.0,0.0,0.0,0.0,0.0,0.0,0.0,0.0,0.0,0.0
1050,8398,7774.0,10319,12598,15145.0,28869,25219,4756.0,14055,424.0,5582,11100,6956,2672.0,6741,2778.0,3580.0,1603.0,3946.0,515.0,7431.0,2208.0,50.0,11093,7173,247.0,2894,5926.0,568.0,4135,2760.0,275.0,480.0,956,2742,196.0,468.0,4073.0,11481.0,1895.0,256.0,2650,235.0,1003,340.0,2322.0,110.0,705,155.0,287,94.0,2592.0,70.0,453.0,189.0,1627,1397,5.0,42.0,256.0,431.0,134.0,88.0,283.0,1556,450.0,425.0,200.0,4564,419.0,267.0,28.0,16.0,380.0,4.0,2.0,3.0,11.0,45.0,30.0,37.0,155.0,111.0,181.0,749.0,25.0,9.0,1.0,709.0,1.0,10.0,6.0,21.0,4.0,22.0,78.0,52.0,10.0,52.0,3.0,55.0,7743.0,3560.0,87.0,5569,884.0,63.0,141.0,45.0,41.0,8.0,299.0,124.0,164.0,205.0,64.0,39.0,29.0,94.0,29.0,62.0,9.0,129.0,132.0,3.0,96.0,171.0,29.0,152.0,84.0,13.0,28.0,26.0,9.0,78.0,38.0,16.0,2.0,16.0,7.0,16.0,26.0,0.0,7.0,16.0,65.0,55.0,32.0,10.0,21.0,19.0,20.0,15.0,43.0,18.0,0.0,0.0,4.0,35.0,11.0,13.0,12.0,3.0,7.0,15.0,15.0,8.0,22.0,7.0,44.0,31.0,12.0,5.0,14.0,3.0,3.0,8.0,0.0,11.0,6.0,20.0,142.0,10.0,7.0,6.0,8.0,11.0,21.0,1.0,10.0,92.0,9.0,13.0,14.0,0.0,24.0,1.0,7.0,6.0,20.0,12.0,28.0,52.0,3.0,1.0,0.0,0.0,0.0,0.0,0.0,0.0
1057,8998,5697.0,12714,8893,13517.0,34638,26249,4424.0,9872,649.0,7585,14494,5813,1676.0,5110,1202.0,2905.0,583.0,2386.0,692.0,8630.0,1839.0,93.0,5789,1247,528.0,2533,2572.0,256.0,3118,985.0,123.0,489.0,1220,1171,89.0,169.0,1730.0,5286.0,5400.0,203.0,1744,544.0,578,620.0,1301.0,73.0,423,42.0,338,34.0,372.0,1235.0,256.0,113.0,323,542,479.0,36.0,283.0,645.0,184.0,76.0,380.0,1249,269.0,157.0,167.0,3786,264.0,96.0,21.0,132.0,164.0,79.0,33.0,117.0,114.0,11.0,19.0,15.0,110.0,46.0,121.0,510.0,382.0,107.0,40.0,222.0,16.0,84.0,40.0,58.0,67.0,26.0,56.0,31.0,15.0,23.0,9.0,12.0,2681.0,627.0,315.0,8865,294.0,10.0,19.0,69.0,15.0,9.0,217.0,181.0,247.0,73.0,4.0,1.0,1.0,49.0,10.0,26.0,8.0,38.0,116.0,5.0,81.0,160.0,0.0,147.0,49.0,31.0,12.0,35.0,8.0,61.0,5.0,2.0,5.0,0.0,7.0,16.0,10.0,0.0,13.0,6.0,32.0,31.0,12.0,43.0,7.0,0.0,14.0,16.0,1.0,0.0,0.0,0.0,0.0,2.0,0.0,3.0,3.0,10.0,9.0,1.0,1.0,17.0,38.0,16.0,49.0,31.0,11.0,3.0,6.0,1.0,0.0,5.0,8.0,3.0,0.0,2.0,93.0,3.0,0.0,0.0,4.0,2.0,71.0,2.0,0.0,20.0,3.0,12.0,14.0,1.0,3.0,2.0,1.0,6.0,0.0,0.0,0.0,0.0,0.0,0.0,0.0,0.0,0.0,0.0,0.0,0.0
1085,10746,10756.0,16242,26474,15974.0,50327,36691,9541.0,20882,1024.0,12873,53962,9461,3842.0,7665,13366.0,3798.0,823.0,25515.0,1069.0,14362.0,3692.0,51.0,12558,4410,697.0,1632,4333.0,123.0,4502,2226.0,431.0,372.0,1093,821,363.0,83.0,2190.0,8925.0,10884.0,286.0,1778,142.0,792,131.0,4282.0,1542.0,664,434.0,290,4564.0,732.0,778.0,144.0,17.0,271,489,93.0,55.0,598.0,667.0,639.0,82.0,1444.0,411,116.0,138.0,65.0,3202,32.0,0.0,2.0,36.0,54.0,4.0,4.0,73.0,13.0,1.0,0.0,2982.0,456.0,218.0,322.0,1280.0,100.0,106.0,8.0,32.0,6.0,1.0,16.0,29.0,36.0,15.0,39.0,8.0,2.0,621.0,1.0,5.0,1890.0,310.0,237.0,24781,161.0,0.0,0.0,23.0,159.0,0.0,1088.0,605.0,4426.0,101.0,32.0,17.0,17.0,135.0,36.0,52.0,11.0,66.0,380.0,7.0,373.0,353.0,0.0,260.0,237.0,1.0,47.0,77.0,9.0,35.0,14.0,7.0,3.0,0.0,0.0,0.0,1.0,8.0,7.0,1.0,35.0,17.0,34.0,2.0,0.0,5.0,27.0,34.0,3.0,459.0,0.0,0.0,4.0,11.0,8.0,14.0,7.0,8.0,10.0,1.0,9.0,35.0,4.0,4.0,83.0,5326.0,19.0,8.0,25.0,4.0,2.0,17.0,9.0,1.0,1.0,8.0,2.0,7.0,4.0,2.0,0.0,12.0,6.0,0.0,0.0,0.0,5.0,0.0,1.0,0.0,0.0,0.0,0.0,0.0,0.0,0.0,1.0,2.0,0.0,0.0,0.0,0.0,0.0,0.0,0.0,0.0
1086,10746,10756.0,16242,26474,15974.0,50327,36691,9541.0,20882,1024.0,12873,53962,9461,3842.0,7665,13366.0,3798.0,823.0,25515.0,1069.0,14362.0,3692.0,51.0,12558,4410,697.0,1632,4333.0,123.0,4502,2226.0,431.0,372.0,1093,821,363.0,83.0,2190.0,8925.0,10884.0,286.0,1778,142.0,792,131.0,4282.0,1542.0,664,434.0,290,4564.0,732.0,778.0,144.0,17.0,271,489,93.0,55.0,598.0,667.0,639.0,82.0,1444.0,411,116.0,138.0,65.0,3202,32.0,0.0,2.0,36.0,54.0,4.0,4.0,73.0,13.0,1.0,0.0,2982.0,456.0,218.0,322.0,1280.0,100.0,106.0,8.0,32.0,6.0,1.0,16.0,29.0,36.0,15.0,39.0,8.0,2.0,621.0,1.0,5.0,1890.0,310.0,237.0,24781,161.0,0.0,0.0,23.0,159.0,0.0,1088.0,605.0,4426.0,101.0,32.0,17.0,17.0,135.0,36.0,52.0,11.0,66.0,380.0,7.0,373.0,353.0,0.0,260.0,237.0,1.0,47.0,77.0,9.0,35.0,14.0,7.0,3.0,0.0,0.0,0.0,1.0,8.0,7.0,1.0,35.0,17.0,34.0,2.0,0.0,5.0,27.0,34.0,3.0,459.0,0.0,0.0,4.0,11.0,8.0,14.0,7.0,8.0,10.0,1.0,9.0,35.0,4.0,4.0,83.0,5326.0,19.0,8.0,25.0,4.0,2.0,17.0,9.0,1.0,1.0,8.0,2.0,7.0,4.0,2.0,0.0,12.0,6.0,0.0,0.0,0.0,5.0,0.0,1.0,0.0,0.0,0.0,0.0,0.0,0.0,0.0,1.0,2.0,0.0,0.0,0.0,0.0,0.0,0.0,0.0,0.0
191,6383,3421.0,9954,11828,16500.0,38141,19841,4632.0,11035,1187.0,8045,52934,6421,1913.0,4632,12906.0,2411.0,466.0,25134.0,953.0,9925.0,2891.0,144.0,6918,1530,222.0,1014,2130.0,132.0,2460,1101.0,236.0,299.0,667,729,198.0,95.0,1132.0,2996.0,5352.0,55.0,600,187.0,342,125.0,2191.0,1567.0,475,136.0,497,4611.0,336.0,234.0,287.0,24.0,749,285,50.0,75.0,248.0,259.0,218.0,98.0,486.0,396,128.0,105.0,64.0,1124,155.0,35.0,6.0,57.0,120.0,54.0,50.0,157.0,75.0,10.0,15.0,2992.0,372.0,23.0,121.0,475.0,365.0,253.0,51.0,194.0,29.0,35.0,47.0,121.0,60.0,21.0,40.0,22.0,12.0,34.0,10.0,8.0,1628.0,850.0,313.0,10990,190.0,11.0,19.0,20.0,24.0,4.0,249.0,153.0,335.0,101.0,29.0,23.0,9.0,44.0,33.0,39.0,7.0,26.0,118.0,1.0,272.0,315.0,3.0,264.0,205.0,3.0,24.0,30.0,3.0,22.0,10.0,2.0,5.0,0.0,0.0,5.0,5.0,3.0,6.0,4.0,12.0,16.0,23.0,11.0,1.0,7.0,20.0,20.0,3.0,3.0,0.0,0.0,4.0,9.0,8.0,4.0,5.0,8.0,9.0,3.0,7.0,3.0,17.0,7.0,28.0,5320.0,3.0,1.0,0.0,6.0,1.0,11.0,17.0,6.0,2.0,2.0,14.0,4.0,4.0,2.0,0.0,1.0,6.0,0.0,7.0,19.0,3.0,1.0,1.0,0.0,0.0,0.0,0.0,1.0,1.0,0.0,1.0,2.0,0.0,0.0,0.0,0.0,0.0,0.0,0.0,0.0
21,9775,4850.0,14796,10532,13953.0,39184,29227,5595.0,12311,1014.0,9117,51480,7650,2294.0,6078,12450.0,3813.0,691.0,25137.0,1084.0,10479.0,2441.0,117.0,7068,1783,566.0,2715,2894.0,283.0,3983,1134.0,136.0,519.0,1317,1222,102.0,207.0,1151.0,3507.0,6048.0,293.0,2122,529.0,706,624.0,1944.0,1607.0,602,39.0,430,4602.0,472.0,1653.0,317.0,112.0,370,656,483.0,44.0,314.0,425.0,469.0,90.0,991.0,748,301.0,171.0,166.0,3697,400.0,126.0,24.0,147.0,170.0,89.0,52.0,154.0,145.0,20.0,14.0,2996.0,431.0,47.0,181.0,673.0,485.0,159.0,55.0,283.0,31.0,94.0,45.0,76.0,78.0,27.0,54.0,43.0,17.0,25.0,9.0,15.0,2477.0,793.0,473.0,11446,197.0,3.0,5.0,67.0,17.0,9.0,329.0,224.0,501.0,87.0,5.0,1.0,1.0,30.0,17.0,52.0,10.0,57.0,211.0,3.0,351.0,404.0,0.0,352.0,275.0,23.0,42.0,71.0,7.0,44.0,5.0,4.0,6.0,0.0,7.0,17.0,6.0,0.0,16.0,17.0,32.0,44.0,15.0,40.0,7.0,13.0,23.0,33.0,3.0,3.0,0.0,0.0,0.0,13.0,0.0,3.0,3.0,21.0,18.0,1.0,7.0,19.0,34.0,17.0,24.0,5342.0,21.0,3.0,6.0,3.0,3.0,5.0,10.0,4.0,0.0,2.0,89.0,3.0,0.0,0.0,5.0,3.0,73.0,3.0,1.0,39.0,4.0,11.0,12.0,1.0,3.0,2.0,1.0,6.0,2.0,0.0,1.0,1.0,0.0,0.0,1.0,0.0,0.0,0.0,0.0,0.0
212,10514,6058.0,15143,11012,15913.0,40142,30368,5506.0,12030,937.0,9459,17622,7393,2081.0,6252,1443.0,3670.0,679.0,2883.0,922.0,10258.0,2281.0,127.0,7069,1615,540.0,2812,2780.0,284.0,3700,1140.0,149.0,570.0,1355,1320,107.0,193.0,2074.0,6097.0,6333.0,212.0,1957,567.0,714,633.0,1751.0,96.0,564,47.0,425,57.0,492.0,1397.0,308.0,128.0,359,648,494.0,53.0,359.0,721.0,353.0,90.0,744.0,1372,303.0,190.0,177.0,4140,304.0,100.0,24.0,148.0,172.0,89.0,52.0,149.0,147.0,21.0,22.0,21.0,133.0,47.0,164.0,643.0,464.0,151.0,52.0,288.0,31.0,94.0,45.0,75.0,74.0,28.0,63.0,34.0,17.0,22.0,9.0,15.0,3094.0,927.0,451.0,11079,330.0,10.0,19.0,68.0,17.0,9.0,272.0,242.0,279.0,94.0,4.0,1.0,1.0,57.0,13.0,41.0,8.0,41.0,164.0,5.0,84.0,188.0,0.0,162.0,55.0,26.0,26.0,49.0,6.0,64.0,7.0,2.0,6.0,0.0,7.0,17.0,5.0,0.0,15.0,6.0,34.0,34.0,14.0,38.0,7.0,9.0,14.0,24.0,3.0,1.0,0.0,0.0,0.0,13.0,0.0,4.0,5.0,12.0,11.0,1.0,3.0,19.0,39.0,19.0,53.0,31.0,11.0,3.0,6.0,3.0,3.0,5.0,9.0,4.0,0.0,2.0,96.0,3.0,0.0,0.0,3.0,2.0,77.0,2.0,1.0,23.0,3.0,12.0,11.0,1.0,3.0,2.0,1.0,6.0,2.0,0.0,1.0,1.0,0.0,0.0,1.0,0.0,0.0,0.0,0.0,0.0
233,457,676.0,608,574,932.0,1639,1166,132.0,624,66.0,367,473,397,133.0,204,71.0,185.0,14.0,89.0,55.0,338.0,54.0,11.0,437,257,31.0,177,157.0,9.0,112,104.0,8.0,38.0,27,39,4.0,11.0,101.0,265.0,150.0,5.0,83,24.0,75,59.0,244.0,30.0,20,2.0,20,14.0,43.0,6.0,50.0,23.0,48,16,7.0,7.0,23.0,26.0,45.0,8.0,108.0,66,12.0,43.0,6.0,45,10.0,0.0,0.0,7.0,18.0,0.0,0.0,7.0,0.0,1.0,5.0,0.0,55.0,2.0,5.0,43.0,13.0,10.0,0.0,15.0,0.0,1.0,0.0,2.0,3.0,0.0,2.0,3.0,0.0,0.0,0.0,1.0,62.0,61.0,12.0,413,24.0,0.0,0.0,1.0,3.0,2.0,13.0,16.0,115.0,3.0,0.0,0.0,0.0,3.0,1.0,3.0,0.0,1.0,12.0,0.0,32.0,456.0,0.0,47.0,27.0,0.0,7.0,3.0,0.0,1.0,0.0,0.0,0.0,0.0,0.0,0.0,0.0,0.0,0.0,0.0,0.0,2.0,0.0,0.0,0.0,0.0,0.0,4.0,0.0,0.0,0.0,0.0,0.0,0.0,0.0,1.0,2.0,2.0,2.0,0.0,1.0,1.0,1.0,0.0,1.0,17.0,0.0,0.0,0.0,1.0,3.0,0.0,0.0,1.0,0.0,0.0,3.0,0.0,0.0,0.0,0.0,0.0,3.0,0.0,1.0,0.0,0.0,1.0,0.0,0.0,0.0,0.0,0.0,0.0,0.0,0.0,0.0,0.0,0.0,0.0,0.0,0.0,0.0,0.0,0.0,0.0
236,461,99.0,647,766,1263.0,1927,1156,133.0,867,65.0,367,860,755,20.0,298,61.0,196.0,21.0,130.0,53.0,649.0,69.0,7.0,371,256,5.0,35,169.0,13.0,146,94.0,6.0,40.0,28,51,4.0,10.0,97.0,211.0,144.0,0.0,44,53.0,24,35.0,103.0,3.0,31,0.0,105,1.0,31.0,18.0,5.0,0.0,25,11,1.0,14.0,50.0,24.0,15.0,8.0,30.0,19,2.0,2.0,0.0,47,0.0,0.0,0.0,0.0,5.0,3.0,38.0,26.0,13.0,0.0,0.0,0.0,1.0,3.0,6.0,73.0,31.0,53.0,10.0,5.0,1.0,14.0,10.0,8.0,9.0,25.0,6.0,14.0,12.0,0.0,2.0,0.0,134.0,16.0,9.0,349,23.0,0.0,0.0,0.0,9.0,0.0,29.0,20.0,0.0,7.0,0.0,0.0,0.0,5.0,0.0,3.0,3.0,0.0,18.0,0.0,0.0,0.0,0.0,0.0,0.0,0.0,9.0,5.0,1.0,10.0,0.0,0.0,0.0,0.0,0.0,0.0,0.0,0.0,0.0,2.0,15.0,2.0,7.0,0.0,0.0,2.0,0.0,3.0,0.0,0.0,0.0,0.0,0.0,0.0,0.0,0.0,1.0,3.0,5.0,0.0,0.0,0.0,18.0,1.0,7.0,0.0,0.0,0.0,0.0,7.0,1.0,0.0,2.0,0.0,0.0,0.0,0.0,0.0,0.0,0.0,0.0,2.0,0.0,0.0,1.0,0.0,0.0,0.0,0.0,0.0,0.0,0.0,0.0,0.0,0.0,0.0,0.0,0.0,0.0,0.0,0.0,0.0,0.0,0.0,0.0,0.0
244,600,119.0,895,530,1121.0,2479,1742,138.0,613,41.0,610,1412,211,28.0,604,134.0,132.0,6.0,196.0,28.0,374.0,62.0,14.0,315,208,6.0,64,36.0,9.0,201,87.0,16.0,30.0,12,58,7.0,9.0,23.0,49.0,159.0,8.0,47,0.0,37,6.0,95.0,0.0,33,1.0,48,0.0,0.0,1.0,40.0,0.0,204,50,2.0,8.0,41.0,45.0,10.0,6.0,20.0,72,9.0,0.0,3.0,149,3.0,0.0,0.0,11.0,21.0,0.0,0.0,5.0,0.0,0.0,0.0,0.0,0.0,0.0,7.0,55.0,11.0,15.0,2.0,3.0,0.0,6.0,3.0,7.0,23.0,2.0,0.0,4.0,0.0,0.0,0.0,0.0,137.0,48.0,19.0,812,8.0,0.0,0.0,0.0,6.0,2.0,68.0,46.0,0.0,15.0,0.0,0.0,0.0,0.0,4.0,3.0,7.0,11.0,21.0,0.0,0.0,0.0,0.0,0.0,0.0,2.0,1.0,1.0,0.0,4.0,0.0,0.0,0.0,0.0,0.0,0.0,0.0,0.0,0.0,5.0,0.0,3.0,2.0,0.0,0.0,0.0,0.0,3.0,0.0,0.0,0.0,0.0,0.0,0.0,0.0,1.0,0.0,0.0,0.0,0.0,3.0,0.0,0.0,1.0,8.0,0.0,0.0,0.0,0.0,4.0,0.0,0.0,3.0,0.0,0.0,0.0,0.0,0.0,0.0,0.0,0.0,0.0,2.0,0.0,0.0,0.0,0.0,0.0,0.0,0.0,0.0,0.0,0.0,0.0,0.0,0.0,0.0,0.0,0.0,0.0,0.0,0.0,0.0,0.0,0.0,0.0
257,15939,7661.0,25261,32724,23744.0,70804,50535,13333.0,28094,1811.0,20314,65918,14006,4979.0,11198,14667.0,6288.0,1213.0,27977.0,1952.0,20779.0,5900.0,158.0,17640,5309,750.0,2084,4908.0,293.0,6707,2344.0,564.0,663.0,1643,1421,446.0,172.0,3446.0,9008.0,14184.0,283.0,2204,958.0,1155,339.0,5430.0,1590.0,990,478.0,665,4604.0,987.0,578.0,502.0,66.0,492,768,42.0,60.0,792.0,841.0,1070.0,167.0,2343.0,930,240.0,158.0,138.0,4183,189.0,26.0,8.0,108.0,163.0,66.0,71.0,204.0,79.0,17.0,23.0,3006.0,431.0,52.0,457.0,1738.0,445.0,227.0,77.0,227.0,43.0,32.0,58.0,160.0,50.0,50.0,55.0,30.0,27.0,36.0,13.0,10.0,3890.0,1434.0,710.0,33002,312.0,11.0,19.0,44.0,103.0,8.0,1368.0,819.0,370.0,194.0,44.0,27.0,25.0,203.0,39.0,84.0,11.0,96.0,509.0,11.0,338.0,369.0,4.0,329.0,223.0,5.0,86.0,97.0,17.0,72.0,20.0,8.0,4.0,0.0,0.0,3.0,3.0,8.0,14.0,4.0,49.0,60.0,41.0,13.0,0.0,15.0,31.0,58.0,5.0,25.0,0.0,0.0,3.0,24.0,6.0,18.0,9.0,28.0,17.0,3.0,19.0,37.0,29.0,14.0,108.0,5350.0,19.0,12.0,29.0,16.0,3.0,27.0,8.0,5.0,1.0,8.0,11.0,12.0,4.0,3.0,0.0,14.0,11.0,0.0,4.0,11.0,6.0,2.0,11.0,0.0,0.0,0.0,0.0,0.0,0.0,0.0,0.0,0.0,0.0,0.0,0.0,0.0,0.0,0.0,0.0,0.0
264,6702,2564.0,11161,7765,6870.0,38773,23157,5406.0,12809,1328.0,8267,20738,8175,1280.0,5377,3366.0,4416.0,927.0,7028.0,1361.0,12176.0,2944.0,151.0,9498,2625,905.0,2703,4451.0,363.0,3506,1024.0,240.0,639.0,1377,1950,596.0,292.0,1287.0,4102.0,4086.0,129.0,1364,729.0,772,914.0,1229.0,192.0,535,48.0,844,90.0,597.0,350.0,644.0,211.0,738,526,503.0,63.0,497.0,403.0,205.0,143.0,447.0,577,397.0,258.0,186.0,1391,250.0,147.0,10.0,201.0,633.0,158.0,46.0,497.0,305.0,7.0,118.0,30.0,237.0,137.0,148.0,652.0,1077.0,433.0,68.0,412.0,24.0,189.0,61.0,197.0,274.0,70.0,33.0,25.0,43.0,129.0,31.0,13.0,1813.0,573.0,855.0,3214,103.0,6.0,12.0,127.0,201.0,4.0,591.0,332.0,221.0,194.0,54.0,26.0,25.0,84.0,13.0,38.0,13.0,118.0,292.0,3.0,182.0,299.0,5.0,177.0,24.0,19.0,40.0,52.0,4.0,52.0,13.0,4.0,0.0,8.0,1.0,24.0,6.0,1.0,19.0,7.0,9.0,24.0,11.0,27.0,0.0,18.0,6.0,41.0,13.0,81.0,7.0,7.0,36.0,24.0,91.0,9.0,4.0,12.0,21.0,4.0,8.0,4.0,34.0,16.0,68.0,33.0,3.0,66.0,379.0,35.0,0.0,1.0,11.0,12.0,6.0,27.0,56.0,1.0,0.0,2.0,1.0,0.0,11.0,9.0,12.0,170.0,0.0,7.0,2.0,0.0,0.0,0.0,0.0,0.0,2.0,0.0,3.0,4.0,0.0,0.0,1.0,0.0,0.0,0.0,0.0,0.0
267,3156,2544.0,4545,4603,4812.0,11502,7671,1021.0,5674,414.0,2603,5613,2586,386.0,1762,608.0,1160.0,222.0,1151.0,392.0,3370.0,812.0,86.0,3006,840,174.0,1091,1540.0,117.0,1032,452.0,117.0,183.0,412,382,78.0,82.0,595.0,1584.0,1537.0,65.0,929,371.0,354,296.0,972.0,42.0,262,17.0,162,17.0,48.0,26.0,333.0,69.0,1286,391,171.0,44.0,196.0,78.0,28.0,38.0,60.0,139,167.0,114.0,87.0,1700,103.0,6.0,11.0,53.0,75.0,45.0,17.0,93.0,80.0,4.0,2.0,12.0,38.0,19.0,94.0,290.0,160.0,60.0,21.0,86.0,6.0,49.0,24.0,32.0,36.0,12.0,38.0,23.0,8.0,11.0,1.0,0.0,334.0,56.0,209.0,13,32.0,0.0,0.0,44.0,14.0,4.0,102.0,103.0,153.0,44.0,0.0,0.0,0.0,24.0,13.0,29.0,7.0,30.0,88.0,1.0,48.0,200.0,0.0,59.0,40.0,10.0,15.0,42.0,5.0,35.0,2.0,1.0,2.0,0.0,5.0,14.0,7.0,0.0,9.0,4.0,18.0,30.0,11.0,19.0,0.0,12.0,0.0,13.0,0.0,0.0,0.0,0.0,0.0,27.0,0.0,5.0,10.0,0.0,0.0,0.0,12.0,7.0,20.0,4.0,26.0,27.0,0.0,2.0,10.0,0.0,0.0,8.0,6.0,1.0,0.0,0.0,0.0,0.0,6.0,0.0,0.0,0.0,25.0,2.0,0.0,2.0,2.0,1.0,3.0,1.0,3.0,2.0,2.0,0.0,0.0,0.0,0.0,0.0,0.0,0.0,0.0,0.0,0.0,0.0,0.0,0.0
277,15633,8577.0,24641,27544,25193.0,73011,47170,10789.0,30420,1983.0,18034,66725,15711,4066.0,11031,14496.0,6222.0,1449.0,27890.0,2033.0,22066.0,5759.0,160.0,18232,5109,926.0,2745,6898.0,325.0,6711,2769.0,618.0,770.0,1703,2032,447.0,234.0,3174.0,8285.0,13730.0,298.0,3055,892.0,1367,707.0,5614.0,1644.0,1269,358.0,749,4615.0,938.0,2872.0,655.0,100.0,464,1000,300.0,99.0,829.0,672.0,621.0,186.0,1357.0,634,351.0,303.0,217.0,5124,175.0,84.0,22.0,151.0,314.0,71.0,27.0,296.0,156.0,12.0,5.0,2996.0,494.0,42.0,405.0,1661.0,525.0,233.0,47.0,293.0,15.0,77.0,59.0,114.0,109.0,52.0,86.0,46.0,19.0,34.0,4.0,25.0,2522.0,653.0,779.0,5337,238.0,12.0,16.0,60.0,57.0,5.0,1035.0,657.0,520.0,239.0,25.0,9.0,10.0,140.0,42.0,111.0,29.0,92.0,483.0,18.0,334.0,492.0,1.0,340.0,301.0,17.0,88.0,126.0,46.0,107.0,26.0,8.0,6.0,0.0,6.0,24.0,13.0,8.0,12.0,7.0,73.0,57.0,45.0,44.0,0.0,17.0,21.0,61.0,3.0,18.0,0.0,0.0,3.0,46.0,6.0,32.0,16.0,19.0,39.0,2.0,35.0,43.0,37.0,15.0,157.0,5373.0,13.0,6.0,21.0,4.0,3.0,23.0,11.0,4.0,6.0,8.0,28.0,5.0,10.0,2.0,2.0,14.0,37.0,2.0,3.0,37.0,6.0,6.0,10.0,1.0,4.0,2.0,2.0,0.0,7.0,0.0,0.0,1.0,9.0,0.0,0.0,0.0,0.0,0.0,0.0,0.0
283,20083,7939.0,33329,31372,0.0,89649,63606,14724.0,32007,2854.0,24581,78504,19655,6248.0,14239,16019.0,9480.0,1796.0,31028.0,3151.0,28272.0,7822.0,359.0,21860,6303,1853.0,4443,8589.0,552.0,8335,2463.0,484.0,1181.0,2498,2966,447.0,464.0,3760.0,10217.0,17326.0,443.0,3127,981.0,1968,653.0,6256.0,1763.0,1725,284.0,1074,4765.0,1325.0,1544.0,789.0,155.0,2563,1460,271.0,146.0,1391.0,1075.0,911.0,199.0,1936.0,679,516.0,459.0,275.0,4727,344.0,192.0,23.0,241.0,751.0,185.0,48.0,425.0,307.0,40.0,21.0,3013.0,649.0,58.0,570.0,2165.0,1053.0,386.0,70.0,589.0,44.0,144.0,97.0,257.0,191.0,83.0,133.0,72.0,33.0,109.0,34.0,18.0,2371.0,715.0,1506.0,47873,294.0,33.0,57.0,60.0,160.0,13.0,1354.0,792.0,674.0,512.0,122.0,50.0,41.0,227.0,48.0,201.0,34.0,219.0,897.0,7.0,462.0,561.0,4.0,484.0,350.0,20.0,182.0,156.0,10.0,97.0,47.0,13.0,6.0,0.0,1.0,12.0,18.0,10.0,14.0,21.0,42.0,69.0,60.0,43.0,10.0,16.0,35.0,95.0,21.0,48.0,0.0,1.0,6.0,20.0,8.0,35.0,7.0,26.0,34.0,5.0,43.0,37.0,56.0,13.0,66.0,5356.0,27.0,2.0,2.0,22.0,4.0,30.0,10.0,8.0,7.0,34.0,49.0,22.0,5.0,8.0,4.0,3.0,56.0,6.0,8.0,52.0,4.0,29.0,14.0,0.0,1.0,0.0,2.0,4.0,3.0,1.0,1.0,2.0,5.0,1.0,1.0,1.0,0.0,0.0,0.0,0.0
291,8455,4487.0,13870,14954,12166.0,40934,27923,8752.0,15546,1233.0,10772,53522,8709,3024.0,7404,13851.0,4093.0,771.0,26544.0,1233.0,13547.0,3951.0,114.0,9637,2242,622.0,1593,2506.0,210.0,4440,1345.0,268.0,487.0,929,1609,232.0,132.0,1779.0,4314.0,8841.0,437.0,1090,197.0,449,189.0,2881.0,1595.0,817,172.0,438,4597.0,638.0,566.0,391.0,33.0,803,277,58.0,57.0,342.0,443.0,575.0,107.0,1205.0,838,179.0,1022.0,104.0,1889,511.0,21.0,12.0,79.0,136.0,73.0,45.0,100.0,80.0,18.0,30.0,2993.0,497.0,431.0,163.0,647.0,248.0,147.0,47.0,346.0,37.0,25.0,30.0,92.0,37.0,17.0,53.0,20.0,9.0,32.0,8.0,9.0,3225.0,1509.0,543.0,16047,336.0,21.0,28.0,10.0,58.0,0.0,386.0,304.0,401.0,90.0,38.0,16.0,16.0,50.0,7.0,36.0,9.0,37.0,165.0,3.0,297.0,583.0,0.0,304.0,267.0,11.0,25.0,53.0,7.0,53.0,13.0,2.0,2.0,0.0,0.0,4.0,9.0,3.0,2.0,5.0,12.0,36.0,29.0,24.0,0.0,6.0,10.0,30.0,4.0,45.0,0.0,0.0,3.0,11.0,6.0,13.0,5.0,4.0,5.0,3.0,11.0,25.0,7.0,12.0,55.0,5321.0,3.0,113.0,18.0,6.0,1.0,7.0,3.0,9.0,2.0,9.0,10.0,11.0,5.0,1.0,5.0,1.0,10.0,1.0,7.0,21.0,1.0,9.0,20.0,0.0,1.0,0.0,0.0,0.0,6.0,0.0,1.0,2.0,4.0,0.0,1.0,0.0,0.0,0.0,0.0,0.0
293,1833,427.0,3047,1965,2573.0,6540,5497,1278.0,2315,169.0,2035,2908,1518,312.0,1147,269.0,731.0,138.0,393.0,159.0,1897.0,386.0,13.0,1802,399,45.0,412,332.0,24.0,1075,210.0,29.0,61.0,132,215,27.0,22.0,349.0,1200.0,1593.0,22.0,254,71.0,177,29.0,520.0,25.0,105,12.0,89,5.0,324.0,10.0,114.0,21.0,140,250,26.0,13.0,60.0,77.0,33.0,9.0,83.0,166,19.0,28.0,28.0,296,28.0,73.0,4.0,20.0,8.0,14.0,19.0,17.0,16.0,3.0,5.0,3.0,24.0,2.0,42.0,120.0,38.0,43.0,12.0,27.0,24.0,2.0,8.0,4.0,12.0,7.0,0.0,0.0,4.0,4.0,1.0,0.0,781.0,354.0,440.0,3277,119.0,0.0,0.0,2.0,3.0,0.0,44.0,37.0,122.0,17.0,0.0,0.0,0.0,6.0,3.0,11.0,2.0,5.0,14.0,8.0,26.0,55.0,0.0,24.0,9.0,1.0,4.0,10.0,1.0,8.0,1.0,0.0,1.0,0.0,0.0,0.0,4.0,0.0,0.0,0.0,9.0,3.0,1.0,0.0,0.0,0.0,2.0,3.0,1.0,0.0,0.0,0.0,0.0,0.0,0.0,1.0,1.0,4.0,2.0,0.0,0.0,0.0,3.0,2.0,25.0,11.0,0.0,0.0,0.0,1.0,0.0,2.0,1.0,5.0,0.0,0.0,14.0,0.0,0.0,0.0,0.0,0.0,4.0,2.0,4.0,16.0,0.0,0.0,0.0,4.0,1.0,0.0,0.0,0.0,0.0,0.0,0.0,0.0,0.0,0.0,0.0,0.0,0.0,0.0,0.0,0.0
317,8887,5701.0,12499,8460,13309.0,33172,25233,4357.0,9708,640.0,7427,13951,5623,1676.0,4974,1232.0,2869.0,573.0,2352.0,677.0,8219.0,1805.0,95.0,5681,1240,527.0,2521,2551.0,259.0,2974,964.0,121.0,486.0,1221,1144,87.0,163.0,1729.0,5281.0,5270.0,205.0,1724,544.0,581,620.0,1285.0,73.0,403,42.0,333,33.0,369.0,1091.0,256.0,113.0,325,541,479.0,38.0,283.0,650.0,182.0,77.0,376.0,1281,265.0,157.0,166.0,3754,259.0,96.0,21.0,131.0,163.0,79.0,33.0,117.0,114.0,11.0,19.0,15.0,110.0,46.0,122.0,487.0,374.0,104.0,40.0,220.0,16.0,81.0,42.0,59.0,65.0,26.0,43.0,25.0,16.0,23.0,9.0,11.0,2840.0,641.0,305.0,8670,301.0,10.0,19.0,69.0,13.0,9.0,217.0,181.0,247.0,71.0,4.0,1.0,1.0,48.0,10.0,25.0,8.0,38.0,113.0,5.0,81.0,160.0,0.0,147.0,49.0,31.0,11.0,32.0,8.0,59.0,6.0,2.0,5.0,0.0,7.0,16.0,10.0,0.0,11.0,6.0,36.0,27.0,13.0,43.0,7.0,0.0,14.0,16.0,1.0,0.0,0.0,0.0,0.0,2.0,0.0,4.0,3.0,10.0,9.0,1.0,1.0,19.0,33.0,16.0,50.0,31.0,11.0,3.0,6.0,1.0,0.0,5.0,8.0,3.0,0.0,2.0,93.0,1.0,0.0,0.0,1.0,2.0,73.0,2.0,0.0,20.0,3.0,3.0,8.0,1.0,3.0,2.0,1.0,6.0,0.0,0.0,0.0,0.0,0.0,0.0,0.0,0.0,0.0,0.0,0.0,0.0
318,4854,3052.0,8159,5505,9977.0,21542,14900,2679.0,7895,887.0,4818,9500,5876,1027.0,2871,1870.0,2118.0,357.0,2685.0,624.0,6441.0,1483.0,491.0,5473,1030,242.0,1554,1278.0,114.0,1903,871.0,316.0,311.0,670,951,173.0,106.0,426.0,1298.0,2525.0,68.0,788,288.0,617,346.0,1017.0,35.0,480,70.0,207,21.0,646.0,106.0,392.0,84.0,300,555,52.0,143.0,352.0,189.0,176.0,25.0,374.0,474,338.0,133.0,315.0,1281,108.0,57.0,11.0,40.0,212.0,10.0,2.0,42.0,19.0,5.0,4.0,4.0,79.0,27.0,91.0,379.0,127.0,44.0,10.0,95.0,3.0,10.0,9.0,35.0,13.0,32.0,73.0,23.0,6.0,5.0,3.0,15.0,1641.0,502.0,135.0,3937,164.0,62.0,208.0,13.0,65.0,8.0,104.0,81.0,148.0,69.0,155.0,90.0,0.0,34.0,2.0,24.0,3.0,24.0,210.0,0.0,103.0,136.0,1.0,52.0,24.0,13.0,12.0,97.0,7.0,51.0,6.0,2.0,13.0,0.0,0.0,0.0,26.0,1.0,7.0,3.0,9.0,48.0,8.0,19.0,0.0,25.0,4.0,14.0,13.0,2.0,0.0,0.0,12.0,54.0,33.0,10.0,2.0,18.0,20.0,1.0,11.0,34.0,27.0,15.0,9.0,1.0,0.0,10.0,2.0,2.0,0.0,7.0,14.0,9.0,1.0,0.0,16.0,2.0,1.0,0.0,2.0,0.0,6.0,0.0,24.0,48.0,1.0,2.0,6.0,0.0,0.0,6.0,0.0,0.0,2.0,0.0,0.0,3.0,0.0,1.0,0.0,0.0,0.0,0.0,0.0,0.0
319,18926,8605.0,29680,27772,29791.0,83838,55885,14325.0,28756,2757.0,20006,77237,17525,5512.0,14651,16874.0,9099.0,1554.0,31343.0,2571.0,25347.0,6790.0,494.0,19239,4174,1243.0,3949,5478.0,460.0,7768,3486.0,408.0,1304.0,2177,3522,330.0,448.0,4296.0,11773.0,14410.0,633.0,2157,441.0,1847,387.0,5768.0,1591.0,1138,245.0,732,4634.0,1095.0,1069.0,627.0,63.0,1309,1069,131.0,359.0,955.0,820.0,1015.0,310.0,2164.0,1429,484.0,1043.0,269.0,4494,558.0,208.0,9.0,238.0,335.0,87.0,63.0,224.0,244.0,29.0,23.0,2994.0,523.0,438.0,465.0,1701.0,729.0,218.0,108.0,444.0,36.0,107.0,101.0,227.0,111.0,71.0,155.0,77.0,26.0,96.0,21.0,17.0,5715.0,1835.0,627.0,28368,484.0,16.0,50.0,87.0,1096.0,5.0,1114.0,798.0,485.0,281.0,60.0,23.0,17.0,191.0,43.0,144.0,31.0,172.0,507.0,21.0,350.0,413.0,41.0,330.0,277.0,11.0,112.0,137.0,47.0,158.0,41.0,49.0,2.0,2.0,0.0,9.0,10.0,8.0,20.0,47.0,86.0,211.0,71.0,28.0,5.0,32.0,27.0,125.0,17.0,54.0,0.0,0.0,12.0,72.0,24.0,45.0,18.0,31.0,39.0,9.0,46.0,52.0,111.0,53.0,189.0,5338.0,10.0,123.0,36.0,28.0,4.0,13.0,14.0,24.0,2.0,12.0,70.0,15.0,4.0,2.0,8.0,4.0,57.0,0.0,14.0,107.0,12.0,47.0,50.0,0.0,0.0,1.0,1.0,0.0,0.0,3.0,7.0,21.0,0.0,0.0,0.0,0.0,0.0,0.0,0.0,0.0
341,11333,20556.0,14196,15895,0.0,60733,54779,5126.0,32773,716.0,8841,75195,7738,2273.0,6765,13524.0,3172.0,946.0,31704.0,735.0,20004.0,2736.0,94.0,11535,2117,564.0,2784,2723.0,411.0,3690,7646.0,452.0,783.0,860,7078,329.0,559.0,7780.0,25453.0,6357.0,160.0,15904,4204.0,694,2996.0,3019.0,1541.0,345,168.0,320,4583.0,327.0,430.0,380.0,7.0,1493,2827,8264.0,17.0,1232.0,1406.0,307.0,371.0,659.0,17172,313.0,239.0,464.0,27921,366.0,1.0,7.0,98.0,73.0,21.0,17.0,47.0,49.0,29.0,18.0,2987.0,542.0,47.0,264.0,3073.0,226.0,56.0,19.0,159.0,22.0,13.0,23.0,40.0,76.0,89.0,2660.0,1671.0,14.0,9.0,1.0,35.0,62812.0,8714.0,439.0,54329,2177.0,1.0,1.0,24.0,253.0,4.0,2232.0,1171.0,277.0,121.0,31.0,13.0,11.0,366.0,12.0,26.0,0.0,90.0,176.0,11.0,266.0,266.0,2.0,212.0,194.0,2.0,21.0,46.0,1.0,2277.0,990.0,549.0,4.0,0.0,0.0,0.0,2.0,8.0,1.0,21.0,761.0,766.0,790.0,20.0,0.0,1261.0,17.0,26.0,2.0,89.0,0.0,0.0,5.0,2177.0,6.0,56.0,19.0,181.0,370.0,2.0,420.0,37.0,474.0,9.0,1630.0,5311.0,8.0,5.0,4.0,2.0,1.0,6.0,4.0,9.0,3.0,6.0,13.0,739.0,13.0,2.0,625.0,0.0,142.0,30.0,14.0,9.0,6.0,963.0,530.0,0.0,0.0,0.0,0.0,0.0,1.0,117.0,0.0,24.0,2.0,7.0,0.0,35.0,4.0,643.0,314.0,31.0
346,1699,353.0,2505,1959,3257.0,7964,6257,868.0,2133,275.0,1562,2784,1375,407.0,1181,232.0,534.0,68.0,232.0,150.0,1577.0,451.0,10.0,1498,1160,18.0,174,534.0,16.0,473,275.0,33.0,127.0,104,130,19.0,19.0,223.0,912.0,1430.0,13.0,288,80.0,156,28.0,849.0,9.0,177,3.0,63,12.0,21.0,124.0,17.0,9.0,250,81,10.0,8.0,82.0,75.0,76.0,9.0,152.0,88,22.0,19.0,16.0,369,0.0,0.0,0.0,8.0,16.0,0.0,2.0,16.0,2.0,3.0,0.0,0.0,13.0,0.0,27.0,148.0,32.0,15.0,4.0,4.0,0.0,3.0,2.0,5.0,10.0,10.0,6.0,2.0,0.0,0.0,0.0,2.0,338.0,35.0,130.0,49,24.0,0.0,0.0,0.0,62.0,0.0,87.0,81.0,53.0,26.0,0.0,0.0,0.0,20.0,3.0,11.0,0.0,1.0,56.0,1.0,7.0,32.0,0.0,15.0,14.0,0.0,17.0,12.0,1.0,0.0,0.0,0.0,0.0,0.0,0.0,0.0,0.0,0.0,0.0,2.0,2.0,0.0,2.0,0.0,0.0,0.0,0.0,6.0,0.0,0.0,0.0,0.0,0.0,0.0,0.0,0.0,0.0,2.0,4.0,0.0,0.0,1.0,4.0,1.0,1.0,0.0,0.0,0.0,0.0,11.0,0.0,0.0,0.0,0.0,0.0,0.0,0.0,0.0,0.0,0.0,0.0,0.0,3.0,0.0,0.0,0.0,2.0,0.0,0.0,0.0,0.0,0.0,0.0,0.0,0.0,0.0,0.0,0.0,0.0,0.0,0.0,0.0,0.0,0.0,0.0,0.0
354,9787,5467.0,15363,20421,14884.0,48446,31309,8760.0,19829,1379.0,13159,56092,9755,3779.0,7340,13791.0,4094.0,882.0,26498.0,1603.0,14863.0,4444.0,112.0,11678,3134,622.0,1381,3632.0,228.0,4559,1835.0,413.0,488.0,1163,1031,313.0,126.0,2074.0,4587.0,9710.0,235.0,1448,204.0,813,160.0,3650.0,1597.0,736,329.0,435,4604.0,700.0,438.0,285.0,21.0,468,474,58.0,47.0,453.0,551.0,633.0,146.0,1384.0,815,164.0,194.0,77.0,2660,276.0,13.0,17.0,88.0,133.0,56.0,42.0,122.0,62.0,14.0,20.0,2996.0,383.0,37.0,324.0,1087.0,298.0,160.0,63.0,277.0,34.0,23.0,46.0,119.0,37.0,23.0,34.0,11.0,6.0,24.0,8.0,9.0,3221.0,1431.0,248.0,22003,301.0,21.0,28.0,19.0,41.0,0.0,1030.0,516.0,331.0,97.0,22.0,9.0,9.0,109.0,15.0,36.0,7.0,64.0,327.0,6.0,276.0,550.0,2.0,275.0,237.0,9.0,32.0,63.0,6.0,38.0,14.0,5.0,3.0,0.0,0.0,3.0,4.0,8.0,6.0,7.0,30.0,16.0,29.0,15.0,0.0,12.0,27.0,28.0,2.0,4.0,0.0,0.0,3.0,19.0,6.0,26.0,7.0,17.0,15.0,2.0,10.0,40.0,4.0,8.0,80.0,5325.0,17.0,1.0,1.0,8.0,1.0,8.0,3.0,1.0,1.0,9.0,7.0,3.0,4.0,2.0,0.0,15.0,7.0,0.0,0.0,11.0,12.0,0.0,1.0,0.0,1.0,0.0,0.0,0.0,4.0,0.0,0.0,0.0,4.0,0.0,0.0,0.0,0.0,0.0,0.0,0.0
362,8496,8145.0,10534,12966,15735.0,29452,25868,4828.0,14297,444.0,5689,11386,7079,2738.0,6842,2802.0,3628.0,1596.0,4001.0,527.0,7621.0,2252.0,50.0,11298,7291,255.0,2929,5939.0,576.0,4192,2721.0,280.0,495.0,973,2772,198.0,470.0,4084.0,11598.0,2267.0,257.0,2691,230.0,1014,340.0,2410.0,110.0,714,157.0,296,94.0,2606.0,70.0,461.0,189.0,1626,1417,5.0,42.0,263.0,433.0,134.0,90.0,283.0,1559,449.0,426.0,198.0,4629,417.0,276.0,28.0,28.0,389.0,5.0,2.0,3.0,11.0,45.0,30.0,37.0,155.0,111.0,182.0,764.0,36.0,9.0,1.0,716.0,3.0,12.0,7.0,25.0,4.0,25.0,81.0,52.0,14.0,50.0,7.0,55.0,7759.0,3560.0,88.0,5856,900.0,63.0,141.0,45.0,41.0,8.0,302.0,136.0,164.0,209.0,64.0,39.0,29.0,94.0,29.0,66.0,9.0,130.0,135.0,3.0,96.0,171.0,29.0,152.0,84.0,13.0,29.0,26.0,9.0,79.0,39.0,17.0,1.0,16.0,7.0,16.0,26.0,1.0,7.0,16.0,75.0,52.0,37.0,10.0,21.0,19.0,20.0,16.0,43.0,18.0,0.0,0.0,4.0,35.0,11.0,11.0,12.0,3.0,7.0,15.0,15.0,6.0,22.0,7.0,44.0,31.0,12.0,5.0,14.0,3.0,3.0,8.0,0.0,11.0,6.0,20.0,144.0,12.0,7.0,6.0,9.0,11.0,21.0,1.0,10.0,92.0,9.0,13.0,14.0,0.0,24.0,1.0,7.0,6.0,20.0,17.0,28.0,52.0,3.0,2.0,0.0,0.0,0.0,0.0,0.0,0.0
374,8810,5744.0,12355,8390,13315.0,33042,25093,4301.0,9644,601.0,7441,13979,5466,1680.0,4920,1167.0,2852.0,573.0,2243.0,635.0,8095.0,1748.0,95.0,5660,1195,513.0,2522,2541.0,255.0,2994,956.0,113.0,479.0,1227,1166,85.0,157.0,1754.0,5333.0,5220.0,206.0,1730,549.0,581,621.0,1311.0,73.0,354,42.0,313,33.0,378.0,1093.0,250.0,113.0,314,546,480.0,38.0,284.0,641.0,182.0,77.0,376.0,1259,261.0,162.0,168.0,3781,250.0,106.0,21.0,125.0,156.0,70.0,33.0,115.0,102.0,11.0,24.0,15.0,113.0,46.0,123.0,480.0,341.0,103.0,39.0,210.0,12.0,79.0,39.0,55.0,61.0,26.0,42.0,21.0,16.0,17.0,8.0,8.0,2664.0,663.0,309.0,8794,301.0,10.0,19.0,65.0,14.0,4.0,218.0,180.0,254.0,71.0,4.0,1.0,1.0,48.0,12.0,23.0,8.0,37.0,111.0,5.0,85.0,165.0,0.0,152.0,54.0,29.0,8.0,32.0,8.0,57.0,5.0,2.0,5.0,0.0,7.0,16.0,9.0,0.0,10.0,7.0,32.0,23.0,13.0,42.0,7.0,0.0,14.0,16.0,1.0,0.0,0.0,0.0,0.0,2.0,0.0,4.0,3.0,6.0,5.0,1.0,2.0,19.0,28.0,13.0,42.0,31.0,11.0,3.0,6.0,1.0,0.0,5.0,8.0,3.0,0.0,2.0,96.0,1.0,0.0,0.0,1.0,2.0,71.0,2.0,0.0,29.0,4.0,3.0,8.0,1.0,3.0,2.0,1.0,6.0,0.0,0.0,0.0,0.0,0.0,0.0,0.0,0.0,0.0,0.0,0.0,0.0
386,9685,5913.0,13774,9935,14865.0,36961,28050,4787.0,10699,786.0,8281,15619,6414,1875.0,5559,1292.0,3231.0,610.0,2578.0,785.0,9226.0,1993.0,108.0,6331,1369,533.0,2679,2666.0,261.0,3298,1073.0,132.0,538.0,1268,1225,95.0,179.0,1899.0,5631.0,5846.0,208.0,1810,548.0,647,624.0,1578.0,87.0,470,43.0,361,50.0,408.0,1261.0,271.0,123.0,327,604,481.0,44.0,329.0,667.0,290.0,86.0,613.0,1264,286.0,171.0,174.0,3960,264.0,98.0,21.0,138.0,167.0,79.0,37.0,125.0,114.0,21.0,19.0,15.0,125.0,46.0,153.0,595.0,414.0,127.0,45.0,237.0,16.0,85.0,41.0,62.0,73.0,26.0,59.0,34.0,15.0,23.0,9.0,13.0,2696.0,674.0,333.0,9561,309.0,10.0,19.0,71.0,17.0,9.0,267.0,238.0,277.0,86.0,4.0,1.0,1.0,56.0,12.0,35.0,8.0,40.0,148.0,5.0,82.0,187.0,0.0,158.0,55.0,31.0,22.0,46.0,6.0,63.0,5.0,2.0,6.0,0.0,7.0,17.0,10.0,0.0,15.0,6.0,33.0,34.0,14.0,46.0,7.0,3.0,14.0,23.0,1.0,0.0,0.0,0.0,0.0,6.0,0.0,4.0,5.0,12.0,11.0,1.0,2.0,18.0,39.0,19.0,49.0,31.0,11.0,3.0,6.0,3.0,3.0,5.0,9.0,3.0,0.0,2.0,94.0,3.0,0.0,0.0,4.0,2.0,77.0,2.0,0.0,22.0,3.0,12.0,14.0,1.0,3.0,2.0,1.0,6.0,0.0,0.0,0.0,0.0,0.0,0.0,0.0,0.0,0.0,0.0,0.0,0.0
388,9292,4128.0,14703,4204,7423.0,20105,17336,3549.0,6820,326.0,3944,10685,3988,2064.0,4281,1247.0,1546.0,632.0,2551.0,321.0,6506.0,1097.0,40.0,4219,2748,2536.0,2674,2928.0,123.0,2499,467.0,113.0,127.0,708,474,74.0,79.0,1291.0,4538.0,3097.0,258.0,1155,802.0,1792,3360.0,788.0,519.0,121,27.0,35,172.0,1295.0,21.0,101.0,504.0,814,905,122.0,82.0,244.0,577.0,18.0,29.0,36.0,159,341.0,242.0,57.0,598,218.0,24.0,34.0,178.0,673.0,0.0,0.0,1.0,0.0,97.0,28.0,91.0,1239.0,18.0,29.0,132.0,2.0,0.0,1.0,342.0,0.0,0.0,0.0,0.0,0.0,0.0,48.0,1.0,0.0,20.0,0.0,0.0,1690.0,598.0,137.0,5167,42.0,2.0,4.0,49.0,23.0,14.0,154.0,118.0,1240.0,122.0,49.0,51.0,50.0,127.0,10.0,63.0,4.0,146.0,36.0,0.0,538.0,722.0,40.0,616.0,365.0,11.0,25.0,16.0,51.0,5.0,0.0,0.0,2.0,4.0,5.0,45.0,34.0,0.0,22.0,2.0,0.0,0.0,0.0,7.0,0.0,67.0,93.0,2.0,9.0,19.0,0.0,0.0,14.0,187.0,10.0,1.0,0.0,3.0,4.0,0.0,1.0,28.0,0.0,4.0,75.0,1826.0,21.0,59.0,134.0,0.0,0.0,37.0,1.0,18.0,21.0,32.0,33.0,0.0,0.0,0.0,0.0,1.0,35.0,10.0,11.0,19.0,0.0,3.0,0.0,44.0,96.0,4.0,28.0,0.0,10.0,0.0,8.0,28.0,8.0,0.0,0.0,0.0,0.0,0.0,0.0,0.0
431,3709,1325.0,5344,3837,6355.0,17789,12285,1915.0,4642,524.0,3918,7399,3259,651.0,2855,576.0,1154.0,136.0,506.0,335.0,3431.0,742.0,19.0,2751,1360,49.0,466,856.0,43.0,1041,586.0,72.0,265.0,236,243,40.0,47.0,399.0,1598.0,2755.0,26.0,539,176.0,336,55.0,1377.0,28.0,253,8.0,195,17.0,78.0,130.0,59.0,23.0,301,197,29.0,15.0,205.0,115.0,136.0,23.0,278.0,213,55.0,48.0,37.0,605,8.0,23.0,0.0,13.0,14.0,0.0,2.0,25.0,3.0,3.0,0.0,0.0,36.0,7.0,49.0,304.0,80.0,20.0,5.0,8.0,0.0,3.0,2.0,5.0,14.0,15.0,5.0,2.0,2.0,2.0,0.0,3.0,651.0,132.0,225.0,63,9.0,0.0,0.0,6.0,59.0,2.0,224.0,171.0,145.0,60.0,0.0,0.0,0.0,27.0,14.0,22.0,20.0,3.0,149.0,0.0,34.0,274.0,0.0,46.0,60.0,1.0,37.0,40.0,5.0,4.0,0.0,0.0,0.0,0.0,1.0,0.0,0.0,0.0,2.0,7.0,1.0,5.0,0.0,0.0,0.0,0.0,0.0,9.0,0.0,0.0,0.0,0.0,0.0,0.0,0.0,1.0,4.0,4.0,6.0,0.0,3.0,1.0,7.0,6.0,7.0,0.0,0.0,0.0,0.0,11.0,0.0,0.0,1.0,8.0,0.0,0.0,7.0,0.0,0.0,0.0,0.0,4.0,8.0,0.0,9.0,31.0,2.0,0.0,1.0,0.0,0.0,0.0,0.0,0.0,0.0,0.0,0.0,0.0,0.0,0.0,0.0,0.0,0.0,0.0,0.0,0.0
458,1775,362.0,2614,2053,3342.0,8195,6455,908.0,2220,282.0,1639,2920,1415,432.0,1244,246.0,562.0,73.0,236.0,155.0,1622.0,457.0,11.0,1547,1146,18.0,179,539.0,17.0,493,270.0,38.0,126.0,105,130,19.0,20.0,232.0,946.0,1472.0,13.0,305,82.0,160,29.0,858.0,9.0,180,3.0,64,12.0,23.0,124.0,20.0,9.0,270,82,10.0,9.0,85.0,76.0,76.0,9.0,152.0,92,22.0,19.0,17.0,382,0.0,1.0,0.0,7.0,16.0,0.0,2.0,16.0,2.0,3.0,0.0,0.0,13.0,0.0,31.0,152.0,32.0,15.0,4.0,4.0,0.0,3.0,2.0,5.0,10.0,10.0,6.0,2.0,0.0,0.0,0.0,2.0,340.0,35.0,134.0,49,25.0,0.0,0.0,0.0,62.0,0.0,88.0,82.0,53.0,28.0,0.0,0.0,0.0,23.0,3.0,13.0,0.0,1.0,58.0,1.0,7.0,32.0,0.0,15.0,14.0,0.0,17.0,12.0,1.0,0.0,0.0,0.0,0.0,0.0,0.0,0.0,0.0,0.0,0.0,2.0,2.0,0.0,2.0,0.0,0.0,0.0,0.0,6.0,0.0,0.0,0.0,0.0,0.0,0.0,0.0,0.0,0.0,2.0,4.0,0.0,0.0,1.0,4.0,1.0,1.0,0.0,0.0,0.0,0.0,11.0,0.0,0.0,0.0,0.0,0.0,0.0,0.0,0.0,0.0,0.0,0.0,0.0,3.0,0.0,0.0,0.0,2.0,0.0,0.0,0.0,0.0,0.0,0.0,0.0,0.0,0.0,0.0,0.0,0.0,0.0,0.0,0.0,0.0,0.0,0.0,0.0
461,16390,6624.0,25920,25032,27596.0,80366,57025,12430.0,26781,2672.0,19771,75710,17628,4207.0,12629,15493.0,7853.0,1328.0,29528.0,2519.0,21594.0,5777.0,344.0,17795,4569,620.0,3210,4262.0,323.0,7680,2407.0,439.0,888.0,1709,2421,318.0,266.0,3230.0,9928.0,14474.0,146.0,2443,594.0,1351,400.0,5170.0,1699.0,1250,182.0,879,4642.0,1021.0,658.0,958.0,215.0,516,1025,77.0,306.0,837.0,700.0,855.0,191.0,1773.0,1530,458.0,424.0,230.0,3387,324.0,230.0,23.0,184.0,347.0,83.0,71.0,303.0,110.0,29.0,25.0,2994.0,631.0,33.0,292.0,1350.0,672.0,312.0,114.0,407.0,36.0,54.0,56.0,146.0,170.0,77.0,113.0,101.0,36.0,36.0,29.0,18.0,5088.0,1811.0,2087.0,30513,492.0,27.0,41.0,53.0,152.0,5.0,955.0,656.0,550.0,292.0,69.0,33.0,38.0,133.0,33.0,91.0,50.0,134.0,410.0,10.0,479.0,538.0,7.0,395.0,245.0,14.0,96.0,97.0,14.0,165.0,37.0,26.0,29.0,8.0,0.0,11.0,5.0,3.0,20.0,23.0,65.0,180.0,53.0,26.0,8.0,15.0,18.0,81.0,10.0,88.0,0.0,0.0,3.0,16.0,6.0,30.0,17.0,24.0,36.0,10.0,75.0,26.0,95.0,52.0,153.0,5359.0,12.0,5.0,9.0,28.0,3.0,23.0,32.0,70.0,4.0,11.0,98.0,14.0,4.0,2.0,0.0,4.0,14.0,0.0,65.0,200.0,3.0,8.0,25.0,0.0,3.0,0.0,0.0,2.0,6.0,2.0,6.0,3.0,4.0,0.0,0.0,0.0,0.0,0.0,0.0,0.0
527,915,1898.0,1368,1674,1784.0,4976,3130,385.0,1183,212.0,1050,3260,841,104.0,966,235.0,344.0,67.0,543.0,231.0,1144.0,237.0,68.0,800,134,61.0,288,478.0,52.0,365,263.0,60.0,56.0,140,109,39.0,22.0,204.0,289.0,178.0,13.0,145,503.0,57,44.0,84.0,59.0,139,14.0,212,27.0,11.0,94.0,65.0,5.0,715,40,11.0,13.0,15.0,3.0,13.0,8.0,30.0,50,46.0,38.0,12.0,382,31.0,3.0,2.0,22.0,44.0,16.0,3.0,41.0,47.0,2.0,1.0,2.0,39.0,2.0,6.0,39.0,89.0,38.0,7.0,40.0,6.0,12.0,6.0,28.0,10.0,3.0,4.0,6.0,2.0,6.0,1.0,1.0,53.0,13.0,80.0,2,1.0,0.0,0.0,1.0,163.0,0.0,2.0,2.0,48.0,1.0,0.0,0.0,0.0,0.0,0.0,0.0,1.0,15.0,6.0,0.0,18.0,888.0,0.0,39.0,39.0,0.0,0.0,2.0,0.0,2.0,0.0,0.0,0.0,0.0,0.0,0.0,4.0,0.0,5.0,0.0,3.0,0.0,0.0,0.0,0.0,0.0,0.0,1.0,0.0,0.0,0.0,0.0,0.0,0.0,0.0,0.0,0.0,0.0,0.0,0.0,0.0,1.0,7.0,0.0,0.0,36.0,0.0,0.0,0.0,0.0,0.0,0.0,3.0,6.0,0.0,0.0,0.0,0.0,0.0,0.0,0.0,0.0,1.0,0.0,5.0,0.0,0.0,2.0,0.0,0.0,2.0,0.0,0.0,0.0,0.0,0.0,0.0,1.0,0.0,0.0,0.0,0.0,0.0,0.0,0.0,0.0
536,17755,10064.0,27799,29215,21515.0,67122,47665,12105.0,27494,2261.0,17951,67013,14760,5257.0,10319,15616.0,8349.0,1788.0,30596.0,2599.0,24815.0,7121.0,317.0,18740,4179,1371.0,3747,7753.0,641.0,5936,2049.0,518.0,969.0,2265,2469,450.0,524.0,4280.0,8550.0,12621.0,186.0,3181,1469.0,1548,514.0,4383.0,1680.0,1454,304.0,1012,4575.0,1174.0,793.0,819.0,141.0,3791,981,228.0,186.0,1198.0,678.0,877.0,287.0,1896.0,610,533.0,340.0,270.0,5592,360.0,213.0,36.0,242.0,673.0,134.0,45.0,357.0,273.0,19.0,21.0,3065.0,578.0,63.0,831.0,3059.0,889.0,360.0,74.0,536.0,44.0,149.0,122.0,286.0,194.0,101.0,167.0,49.0,29.0,137.0,53.0,26.0,2261.0,677.0,953.0,5221,272.0,40.0,89.0,81.0,138.0,11.0,1265.0,752.0,485.0,638.0,127.0,44.0,31.0,302.0,110.0,287.0,46.0,233.0,933.0,9.0,386.0,599.0,11.0,488.0,189.0,33.0,191.0,206.0,16.0,111.0,32.0,11.0,6.0,1.0,10.0,24.0,13.0,7.0,45.0,31.0,37.0,56.0,32.0,29.0,15.0,35.0,38.0,121.0,40.0,14.0,0.0,0.0,30.0,87.0,48.0,32.0,9.0,44.0,57.0,16.0,54.0,41.0,75.0,18.0,84.0,5342.0,12.0,18.0,37.0,24.0,6.0,21.0,19.0,69.0,15.0,46.0,66.0,12.0,2.0,6.0,2.0,29.0,54.0,2.0,13.0,87.0,15.0,0.0,5.0,1.0,3.0,0.0,2.0,4.0,6.0,1.0,7.0,21.0,11.0,0.0,11.0,0.0,0.0,0.0,0.0,0.0
547,4492,2716.0,7629,9724,5962.0,26734,15302,4356.0,10522,944.0,7809,46950,5774,1746.0,3886,12934.0,2176.0,506.0,25384.0,1006.0,8954.0,3116.0,100.0,6093,1357,336.0,823,1677.0,193.0,2517,850.0,216.0,267.0,635,646,186.0,98.0,726.0,1619.0,4882.0,28.0,576,175.0,233,136.0,1551.0,1581.0,485,135.0,498,4601.0,281.0,585.0,292.0,12.0,336,166,58.0,28.0,181.0,272.0,176.0,88.0,391.0,614,106.0,169.0,49.0,483,296.0,5.0,14.0,84.0,139.0,71.0,61.0,138.0,75.0,27.0,17.0,2995.0,362.0,19.0,113.0,334.0,330.0,176.0,68.0,337.0,44.0,27.0,49.0,145.0,29.0,30.0,28.0,11.0,14.0,39.0,17.0,10.0,3122.0,1671.0,132.0,10376,199.0,21.0,29.0,7.0,22.0,1.0,269.0,179.0,271.0,43.0,19.0,8.0,8.0,39.0,2.0,10.0,0.0,10.0,86.0,0.0,265.0,266.0,0.0,250.0,199.0,8.0,11.0,17.0,4.0,32.0,12.0,2.0,0.0,0.0,0.0,3.0,4.0,3.0,2.0,2.0,6.0,2.0,22.0,15.0,0.0,4.0,7.0,15.0,1.0,4.0,0.0,0.0,3.0,6.0,6.0,2.0,4.0,2.0,3.0,2.0,6.0,2.0,9.0,2.0,44.0,5315.0,2.0,0.0,0.0,10.0,1.0,5.0,2.0,1.0,1.0,1.0,5.0,5.0,4.0,2.0,0.0,0.0,0.0,0.0,0.0,9.0,3.0,3.0,1.0,0.0,2.0,0.0,0.0,0.0,4.0,0.0,0.0,0.0,4.0,0.0,0.0,0.0,0.0,0.0,0.0,0.0
548,695,347.0,962,738,1480.0,3363,2577,305.0,1004,86.0,620,810,643,71.0,641,86.0,188.0,49.0,115.0,92.0,800.0,124.0,5.0,487,494,16.0,115,236.0,10.0,318,165.0,21.0,121.0,31,103,11.0,5.0,183.0,371.0,446.0,2.0,76,2.0,58,0.0,162.0,5.0,47,4.0,16,1.0,1.0,1.0,29.0,3.0,309,15,16.0,1.0,53.0,32.0,2.0,1.0,4.0,129,17.0,30.0,14.0,105,12.0,0.0,0.0,9.0,14.0,0.0,0.0,0.0,0.0,0.0,4.0,0.0,16.0,2.0,16.0,61.0,6.0,0.0,0.0,17.0,0.0,0.0,0.0,0.0,0.0,0.0,3.0,3.0,0.0,0.0,0.0,3.0,456.0,88.0,45.0,522,51.0,0.0,0.0,0.0,3.0,0.0,16.0,21.0,58.0,9.0,0.0,0.0,0.0,4.0,0.0,2.0,4.0,5.0,34.0,0.0,21.0,44.0,0.0,16.0,14.0,0.0,2.0,2.0,0.0,1.0,1.0,0.0,0.0,0.0,0.0,0.0,0.0,0.0,0.0,3.0,0.0,0.0,0.0,0.0,0.0,0.0,0.0,0.0,0.0,0.0,0.0,0.0,0.0,0.0,0.0,1.0,0.0,0.0,0.0,0.0,0.0,1.0,3.0,0.0,1.0,0.0,0.0,0.0,0.0,0.0,0.0,0.0,0.0,0.0,0.0,0.0,2.0,0.0,0.0,0.0,0.0,0.0,1.0,0.0,0.0,5.0,0.0,0.0,0.0,0.0,0.0,0.0,0.0,0.0,0.0,0.0,0.0,0.0,0.0,0.0,0.0,0.0,0.0,0.0,0.0,0.0
549,3181,2147.0,5277,7517,4825.0,19617,11071,3140.0,7262,661.0,5585,42555,3783,1436.0,2597,12337.0,1426.0,278.0,24325.0,701.0,6212.0,2330.0,104.0,4453,919,133.0,606,1241.0,127.0,1729,638.0,172.0,201.0,467,390,149.0,76.0,465.0,1331.0,3526.0,26.0,336,67.0,197,84.0,1347.0,1536.0,301,102.0,369,4585.0,201.0,288.0,231.0,7.0,196,175,15.0,37.0,134.0,192.0,145.0,88.0,321.0,340,87.0,69.0,36.0,334,145.0,1.0,6.0,44.0,75.0,63.0,61.0,131.0,66.0,15.0,15.0,2992.0,350.0,14.0,84.0,265.0,288.0,159.0,59.0,172.0,40.0,24.0,51.0,112.0,26.0,22.0,23.0,9.0,13.0,30.0,11.0,3.0,1763.0,1000.0,119.0,7809,145.0,11.0,19.0,7.0,43.0,1.0,215.0,123.0,269.0,38.0,1.0,0.0,0.0,30.0,2.0,10.0,0.0,9.0,63.0,0.0,264.0,266.0,0.0,235.0,198.0,3.0,14.0,15.0,5.0,17.0,12.0,2.0,0.0,0.0,0.0,3.0,2.0,3.0,2.0,2.0,5.0,0.0,22.0,10.0,0.0,4.0,4.0,15.0,1.0,4.0,0.0,0.0,3.0,6.0,6.0,2.0,3.0,2.0,3.0,1.0,4.0,2.0,7.0,6.0,32.0,5314.0,1.0,0.0,0.0,9.0,1.0,4.0,2.0,1.0,0.0,0.0,3.0,5.0,4.0,2.0,0.0,0.0,0.0,0.0,0.0,9.0,3.0,1.0,1.0,0.0,0.0,0.0,0.0,0.0,0.0,0.0,0.0,0.0,0.0,0.0,0.0,0.0,0.0,0.0,0.0,0.0
557,11825,6230.0,19751,26465,17830.0,60093,38955,11763.0,25651,1719.0,17828,62091,12913,4299.0,9464,14628.0,5195.0,1194.0,28065.0,1922.0,19498.0,5893.0,191.0,15458,4763,913.0,1664,4609.0,331.0,6082,2113.0,523.0,602.0,1565,1288,444.0,185.0,2512.0,5244.0,12351.0,251.0,2104,354.0,909,282.0,4166.0,1617.0,983,479.0,642,4637.0,931.0,1036.0,441.0,35.0,465,573,224.0,52.0,652.0,826.0,683.0,151.0,1552.0,926,220.0,224.0,103.0,3322,351.0,5.0,17.0,133.0,228.0,82.0,61.0,185.0,82.0,28.0,18.0,3004.0,398.0,73.0,378.0,1368.0,422.0,225.0,85.0,417.0,62.0,40.0,62.0,171.0,46.0,47.0,67.0,22.0,18.0,47.0,18.0,16.0,4568.0,1998.0,286.0,29570,355.0,21.0,29.0,29.0,70.0,1.0,1177.0,668.0,280.0,130.0,45.0,17.0,17.0,152.0,20.0,50.0,7.0,66.0,422.0,9.0,298.0,278.0,0.0,303.0,222.0,8.0,47.0,71.0,10.0,56.0,24.0,8.0,3.0,0.0,0.0,3.0,4.0,10.0,10.0,2.0,35.0,20.0,41.0,19.0,1.0,9.0,28.0,50.0,2.0,25.0,0.0,0.0,3.0,15.0,6.0,15.0,7.0,6.0,9.0,2.0,17.0,35.0,11.0,8.0,125.0,5332.0,20.0,8.0,25.0,16.0,4.0,17.0,6.0,2.0,1.0,8.0,5.0,9.0,4.0,4.0,2.0,12.0,6.0,0.0,6.0,9.0,6.0,2.0,4.0,0.0,2.0,0.0,0.0,0.0,4.0,0.0,0.0,0.0,4.0,0.0,0.0,0.0,0.0,0.0,0.0,0.0
559,7472,4300.0,11986,15794,11393.0,40118,24080,6948.0,15821,1205.0,11183,51899,8238,2894.0,5835,13585.0,3134.0,697.0,26179.0,1288.0,12473.0,3715.0,124.0,9517,2484,532.0,1200,2956.0,226.0,3862,1487.0,336.0,432.0,1018,856,248.0,132.0,1564.0,3191.0,7971.0,167.0,1045,159.0,682,137.0,2907.0,1574.0,732,229.0,470,4605.0,532.0,414.0,254.0,31.0,257,380,57.0,24.0,359.0,360.0,393.0,144.0,866.0,716,135.0,163.0,65.0,1749,229.0,5.0,15.0,152.0,147.0,78.0,46.0,140.0,94.0,14.0,15.0,2995.0,389.0,35.0,211.0,774.0,465.0,186.0,78.0,280.0,38.0,45.0,70.0,173.0,37.0,25.0,31.0,14.0,6.0,26.0,13.0,12.0,2636.0,1417.0,188.0,17710,203.0,21.0,28.0,9.0,27.0,0.0,564.0,380.0,272.0,63.0,22.0,9.0,9.0,73.0,9.0,28.0,1.0,38.0,208.0,4.0,267.0,267.0,0.0,254.0,200.0,8.0,24.0,39.0,4.0,39.0,14.0,5.0,2.0,0.0,0.0,3.0,4.0,8.0,12.0,2.0,21.0,16.0,29.0,15.0,0.0,8.0,17.0,38.0,2.0,4.0,0.0,0.0,3.0,11.0,6.0,14.0,7.0,10.0,18.0,2.0,11.0,24.0,10.0,6.0,52.0,5316.0,11.0,0.0,0.0,10.0,1.0,7.0,3.0,1.0,1.0,8.0,5.0,3.0,4.0,3.0,0.0,0.0,3.0,0.0,0.0,9.0,3.0,0.0,2.0,0.0,1.0,0.0,0.0,0.0,4.0,0.0,0.0,0.0,4.0,0.0,0.0,0.0,0.0,0.0,0.0,0.0
560,3362,2164.0,5308,7940,5159.0,19759,11511,3216.0,7508,627.0,5269,41723,3620,1565.0,2628,12213.0,1333.0,314.0,24072.0,628.0,6062.0,2085.0,84.0,4467,1013,129.0,559,1347.0,116.0,1638,692.0,175.0,162.0,452,347,151.0,62.0,579.0,1289.0,3803.0,21.0,355,63.0,177,75.0,1399.0,1544.0,268,119.0,263,4583.0,209.0,149.0,169.0,7.0,122,127,12.0,15.0,125.0,174.0,148.0,66.0,322.0,333,74.0,58.0,36.0,371,116.0,1.0,5.0,24.0,63.0,46.0,38.0,87.0,55.0,9.0,15.0,2990.0,351.0,14.0,70.0,254.0,211.0,126.0,43.0,150.0,28.0,16.0,27.0,87.0,23.0,9.0,24.0,5.0,4.0,14.0,8.0,3.0,1428.0,851.0,93.0,8287,127.0,11.0,19.0,6.0,18.0,0.0,204.0,120.0,271.0,24.0,19.0,8.0,8.0,33.0,2.0,10.0,0.0,8.0,69.0,0.0,264.0,266.0,0.0,244.0,199.0,2.0,11.0,17.0,3.0,13.0,9.0,1.0,0.0,0.0,0.0,2.0,1.0,3.0,2.0,1.0,6.0,2.0,20.0,10.0,0.0,4.0,6.0,11.0,1.0,3.0,0.0,0.0,3.0,6.0,6.0,2.0,4.0,2.0,3.0,2.0,5.0,2.0,3.0,1.0,23.0,5313.0,1.0,0.0,0.0,6.0,1.0,5.0,2.0,1.0,1.0,1.0,5.0,3.0,4.0,1.0,0.0,0.0,0.0,0.0,0.0,9.0,1.0,0.0,1.0,0.0,0.0,0.0,0.0,0.0,0.0,0.0,0.0,0.0,0.0,0.0,0.0,0.0,0.0,0.0,0.0,0.0
561,8422,4743.0,13001,20335,13663.0,40870,28145,8356.0,17498,798.0,10845,49461,7646,3363.0,6238,13001.0,3020.0,747.0,24961.0,936.0,12225.0,3264.0,15.0,10483,3752,600.0,733,3434.0,92.0,4012,1669.0,396.0,307.0,963,590,296.0,64.0,1803.0,3853.0,9484.0,218.0,1379,95.0,696,113.0,3305.0,1537.0,450,375.0,131,4560.0,660.0,162.0,94.0,9.0,131,403,17.0,10.0,465.0,571.0,495.0,74.0,1131.0,362,75.0,45.0,51.0,2869,30.0,0.0,2.0,27.0,38.0,2.0,1.0,17.0,6.0,1.0,0.0,2978.0,357.0,21.0,288.0,1119.0,47.0,22.0,6.0,26.0,5.0,1.0,14.0,22.0,15.0,14.0,37.0,8.0,2.0,1.0,0.0,4.0,1660.0,258.0,183.0,21600,148.0,0.0,0.0,12.0,28.0,0.0,964.0,507.0,278.0,71.0,24.0,10.0,10.0,122.0,18.0,35.0,4.0,51.0,333.0,7.0,288.0,276.0,0.0,218.0,216.0,0.0,34.0,67.0,2.0,30.0,14.0,6.0,3.0,0.0,0.0,0.0,1.0,8.0,1.0,0.0,26.0,16.0,30.0,2.0,0.0,4.0,27.0,21.0,2.0,21.0,0.0,0.0,3.0,8.0,6.0,14.0,7.0,6.0,8.0,1.0,9.0,34.0,2.0,1.0,78.0,5323.0,19.0,5.0,21.0,2.0,1.0,9.0,2.0,1.0,1.0,8.0,2.0,4.0,4.0,2.0,0.0,12.0,4.0,0.0,0.0,0.0,3.0,0.0,1.0,0.0,0.0,0.0,0.0,0.0,0.0,0.0,0.0,0.0,0.0,0.0,0.0,0.0,0.0,0.0,0.0,0.0
563,3524,1970.0,5167,10783,5190.0,14555,12027,3067.0,7492,599.0,3881,40554,2863,1025.0,2602,12247.0,1304.0,550.0,24239.0,682.0,6935.0,1725.0,81.0,4652,1355,164.0,433,1818.0,64.0,1352,492.0,253.0,130.0,604,366,134.0,38.0,889.0,1429.0,2774.0,23.0,720,50.0,155,68.0,811.0,1544.0,158,162.0,176,4581.0,228.0,67.0,88.0,7.0,137,150,9.0,20.0,204.0,228.0,237.0,51.0,525.0,199,57.0,33.0,24.0,1032,29.0,1.0,6.0,22.0,54.0,25.0,8.0,69.0,57.0,4.0,1.0,2978.0,349.0,10.0,116.0,472.0,163.0,88.0,15.0,77.0,10.0,24.0,23.0,60.0,36.0,13.0,20.0,6.0,4.0,9.0,2.0,4.0,1097.0,210.0,95.0,23,106.0,0.0,0.0,12.0,8.0,0.0,407.0,215.0,278.0,19.0,10.0,0.0,0.0,31.0,7.0,16.0,0.0,13.0,111.0,2.0,265.0,266.0,0.0,207.0,202.0,0.0,18.0,29.0,1.0,12.0,2.0,2.0,2.0,0.0,0.0,2.0,1.0,7.0,1.0,0.0,12.0,7.0,10.0,3.0,0.0,0.0,7.0,6.0,1.0,2.0,0.0,0.0,1.0,2.0,5.0,2.0,3.0,3.0,4.0,0.0,3.0,7.0,0.0,6.0,42.0,5320.0,3.0,1.0,1.0,1.0,1.0,4.0,2.0,1.0,1.0,1.0,2.0,1.0,2.0,1.0,0.0,12.0,2.0,0.0,0.0,0.0,3.0,0.0,0.0,0.0,0.0,0.0,0.0,0.0,0.0,0.0,0.0,0.0,0.0,0.0,0.0,0.0,0.0,0.0,0.0,0.0
564,8421,4741.0,12999,20331,13653.0,40856,28136,8356.0,17498,798.0,10843,49461,7646,3363.0,6238,13001.0,3020.0,747.0,24961.0,936.0,12225.0,3264.0,15.0,10482,3752,600.0,733,3434.0,92.0,4011,1669.0,396.0,307.0,963,590,296.0,64.0,1803.0,3853.0,9484.0,218.0,1379,95.0,696,113.0,3304.0,1537.0,449,375.0,131,4560.0,660.0,162.0,94.0,9.0,129,403,17.0,10.0,465.0,571.0,495.0,74.0,1131.0,362,75.0,45.0,51.0,2869,30.0,0.0,2.0,27.0,38.0,2.0,1.0,17.0,6.0,1.0,0.0,2978.0,357.0,21.0,288.0,1119.0,47.0,22.0,6.0,26.0,5.0,1.0,14.0,22.0,15.0,14.0,37.0,8.0,2.0,1.0,0.0,4.0,1660.0,258.0,183.0,21600,148.0,0.0,0.0,12.0,28.0,0.0,964.0,507.0,278.0,71.0,24.0,10.0,10.0,122.0,18.0,35.0,4.0,51.0,333.0,7.0,288.0,276.0,0.0,218.0,216.0,0.0,34.0,67.0,2.0,30.0,14.0,6.0,3.0,0.0,0.0,0.0,1.0,8.0,1.0,0.0,26.0,16.0,30.0,2.0,0.0,4.0,27.0,21.0,2.0,21.0,0.0,0.0,3.0,8.0,6.0,14.0,7.0,6.0,8.0,1.0,9.0,34.0,2.0,1.0,78.0,5323.0,19.0,5.0,21.0,2.0,1.0,9.0,2.0,1.0,1.0,8.0,2.0,4.0,4.0,2.0,0.0,12.0,4.0,0.0,0.0,0.0,3.0,0.0,1.0,0.0,0.0,0.0,0.0,0.0,0.0,0.0,0.0,0.0,0.0,0.0,0.0,0.0,0.0,0.0,0.0,0.0
581,4083,2133.0,6350,6006,7273.0,17595,12175,2327.0,6587,937.0,4500,8467,4486,955.0,2708,1297.0,2218.0,353.0,2903.0,797.0,5870.0,1303.0,183.0,3951,1216,235.0,1089,1849.0,135.0,1594,606.0,71.0,307.0,299,646,59.0,104.0,870.0,2429.0,3187.0,219.0,640,415.0,355,359.0,1033.0,48.0,410,27.0,494,34.0,265.0,311.0,368.0,21.0,387,394,29.0,101.0,209.0,150.0,309.0,94.0,642.0,191,127.0,43.0,66.0,1024,80.0,24.0,4.0,55.0,98.0,121.0,263.0,534.0,367.0,4.0,1.0,11.0,35.0,8.0,73.0,388.0,421.0,143.0,53.0,114.0,94.0,173.0,71.0,217.0,148.0,50.0,61.0,46.0,50.0,10.0,46.0,5.0,609.0,422.0,420.0,1474,89.0,0.0,0.0,26.0,67.0,4.0,133.0,111.0,133.0,75.0,2.0,0.0,0.0,50.0,7.0,36.0,10.0,21.0,94.0,2.0,31.0,387.0,0.0,61.0,15.0,4.0,34.0,33.0,3.0,46.0,27.0,12.0,2.0,2.0,1.0,3.0,3.0,2.0,15.0,0.0,19.0,11.0,9.0,12.0,0.0,11.0,3.0,22.0,9.0,3.0,0.0,0.0,0.0,18.0,0.0,4.0,2.0,4.0,4.0,1.0,17.0,15.0,8.0,11.0,14.0,9.0,0.0,0.0,0.0,9.0,0.0,2.0,1.0,2.0,0.0,0.0,13.0,7.0,1.0,8.0,1.0,5.0,13.0,0.0,2.0,5.0,3.0,4.0,7.0,0.0,0.0,0.0,0.0,0.0,1.0,1.0,11.0,4.0,0.0,0.0,0.0,0.0,0.0,0.0,0.0,0.0
584,637,98.0,933,1100,688.0,2750,2479,198.0,854,16.0,660,1909,142,0.0,700,113.0,89.0,24.0,237.0,12.0,398.0,92.0,0.0,272,39,5.0,215,5.0,0.0,208,66.0,2.0,12.0,4,58,1.0,11.0,157.0,251.0,239.0,1.0,149,0.0,16,0.0,59.0,0.0,46,0.0,6,0.0,0.0,1.0,116.0,0.0,495,246,0.0,0.0,14.0,17.0,0.0,0.0,0.0,108,22.0,0.0,1.0,244,0.0,0.0,0.0,0.0,4.0,0.0,0.0,0.0,0.0,0.0,0.0,0.0,0.0,0.0,6.0,89.0,13.0,0.0,0.0,16.0,0.0,0.0,0.0,0.0,0.0,0.0,33.0,22.0,0.0,0.0,0.0,1.0,325.0,79.0,23.0,750,33.0,7.0,4.0,0.0,4.0,0.0,3.0,9.0,0.0,22.0,0.0,0.0,0.0,6.0,0.0,0.0,0.0,0.0,3.0,0.0,0.0,0.0,0.0,0.0,0.0,0.0,0.0,0.0,0.0,10.0,1.0,0.0,0.0,0.0,0.0,0.0,0.0,0.0,0.0,0.0,3.0,10.0,10.0,0.0,0.0,1.0,0.0,1.0,0.0,0.0,0.0,0.0,0.0,2.0,0.0,0.0,11.0,20.0,18.0,0.0,4.0,0.0,27.0,0.0,40.0,0.0,0.0,0.0,0.0,0.0,0.0,0.0,0.0,0.0,0.0,0.0,0.0,3.0,0.0,0.0,2.0,0.0,1.0,0.0,0.0,0.0,0.0,7.0,4.0,0.0,0.0,0.0,0.0,1.0,0.0,0.0,0.0,0.0,0.0,0.0,0.0,0.0,0.0,0.0,0.0,0.0
594,66,21.0,118,50,54.0,373,211,14.0,106,0.0,74,314,42,7.0,82,28.0,12.0,4.0,23.0,0.0,75.0,17.0,8.0,90,25,1.0,18,12.0,0.0,51,28.0,8.0,4.0,2,9,5.0,1.0,0.0,0.0,8.0,0.0,18,0.0,31,0.0,37.0,0.0,5,1.0,4,0.0,0.0,0.0,7.0,0.0,82,18,0.0,6.0,3.0,7.0,0.0,0.0,0.0,73,0.0,0.0,0.0,4,0.0,0.0,0.0,0.0,2.0,0.0,0.0,0.0,0.0,0.0,0.0,0.0,0.0,0.0,2.0,0.0,0.0,0.0,0.0,1.0,0.0,0.0,0.0,0.0,0.0,0.0,0.0,0.0,0.0,0.0,0.0,0.0,195.0,39.0,0.0,107,6.0,0.0,0.0,0.0,0.0,0.0,0.0,0.0,6.0,2.0,0.0,0.0,0.0,0.0,0.0,0.0,0.0,0.0,0.0,0.0,7.0,10.0,0.0,0.0,0.0,0.0,0.0,0.0,0.0,0.0,0.0,0.0,0.0,0.0,0.0,0.0,0.0,0.0,0.0,0.0,0.0,0.0,0.0,0.0,0.0,0.0,0.0,0.0,0.0,0.0,0.0,0.0,0.0,0.0,0.0,0.0,0.0,0.0,0.0,0.0,0.0,0.0,0.0,0.0,0.0,0.0,0.0,0.0,0.0,0.0,0.0,0.0,0.0,0.0,0.0,0.0,4.0,0.0,0.0,0.0,0.0,0.0,0.0,0.0,0.0,0.0,0.0,0.0,0.0,0.0,0.0,0.0,0.0,0.0,0.0,0.0,0.0,0.0,0.0,0.0,0.0,0.0,0.0,0.0,0.0,0.0
605,6,0.0,15,3,8.0,38,36,0.0,4,0.0,12,14,1,0.0,6,0.0,0.0,0.0,0.0,0.0,0.0,0.0,0.0,1,4,0.0,1,0.0,0.0,8,0.0,0.0,0.0,1,1,0.0,0.0,1.0,1.0,0.0,0.0,1,0.0,2,0.0,0.0,0.0,1,0.0,2,0.0,0.0,0.0,0.0,0.0,3,3,0.0,0.0,0.0,0.0,0.0,0.0,0.0,1,0.0,0.0,0.0,1,0.0,0.0,0.0,0.0,0.0,0.0,0.0,0.0,0.0,0.0,0.0,0.0,0.0,0.0,0.0,0.0,0.0,0.0,0.0,0.0,0.0,0.0,0.0,0.0,0.0,0.0,0.0,0.0,0.0,0.0,0.0,0.0,0.0,0.0,0.0,26,0.0,0.0,0.0,0.0,0.0,0.0,0.0,0.0,0.0,0.0,0.0,0.0,0.0,0.0,0.0,0.0,0.0,0.0,0.0,0.0,0.0,0.0,0.0,0.0,0.0,0.0,0.0,0.0,0.0,0.0,0.0,0.0,0.0,0.0,0.0,0.0,0.0,0.0,0.0,0.0,0.0,0.0,0.0,0.0,0.0,0.0,0.0,0.0,0.0,0.0,0.0,0.0,0.0,0.0,0.0,0.0,0.0,0.0,0.0,0.0,0.0,0.0,0.0,0.0,0.0,0.0,0.0,0.0,0.0,0.0,0.0,0.0,0.0,0.0,0.0,0.0,0.0,0.0,0.0,0.0,0.0,0.0,0.0,0.0,0.0,0.0,0.0,0.0,0.0,0.0,0.0,0.0,0.0,0.0,0.0,0.0,0.0,0.0,0.0,0.0,0.0,0.0,0.0,0.0,0.0,0.0
608,10319,5872.0,14907,10842,15586.0,39500,29863,5470.0,11778,936.0,9398,17616,7253,2043.0,6238,1431.0,3595.0,652.0,2873.0,916.0,10059.0,2284.0,123.0,6907,1599,538.0,2706,2732.0,281.0,3656,1125.0,142.0,558.0,1333,1283,104.0,194.0,2002.0,5678.0,6170.0,208.0,1931,559.0,682,626.0,1686.0,91.0,551,45.0,417,57.0,491.0,1455.0,303.0,109.0,356,630,489.0,48.0,360.0,716.0,346.0,89.0,730.0,1352,299.0,172.0,170.0,4050,302.0,100.0,24.0,148.0,169.0,89.0,52.0,151.0,147.0,20.0,14.0,21.0,116.0,47.0,163.0,643.0,467.0,155.0,52.0,285.0,31.0,94.0,45.0,75.0,74.0,28.0,63.0,34.0,17.0,23.0,9.0,15.0,3096.0,907.0,426.0,10935,319.0,10.0,19.0,68.0,14.0,9.0,272.0,242.0,243.0,90.0,4.0,1.0,1.0,57.0,13.0,41.0,8.0,40.0,172.0,3.0,71.0,147.0,0.0,146.0,55.0,26.0,26.0,57.0,6.0,64.0,7.0,2.0,6.0,0.0,7.0,17.0,5.0,0.0,15.0,11.0,34.0,34.0,14.0,38.0,7.0,9.0,14.0,25.0,3.0,1.0,0.0,0.0,0.0,13.0,0.0,4.0,5.0,12.0,11.0,1.0,3.0,19.0,39.0,20.0,52.0,31.0,11.0,3.0,6.0,3.0,3.0,5.0,9.0,4.0,0.0,2.0,93.0,3.0,0.0,0.0,3.0,2.0,75.0,2.0,1.0,21.0,3.0,12.0,11.0,1.0,3.0,2.0,1.0,6.0,2.0,0.0,1.0,1.0,0.0,0.0,1.0,0.0,0.0,0.0,0.0,0.0
622,1994,1114.0,2960,2613,4207.0,9621,6557,719.0,2712,422.0,1952,37181,2134,373.0,1340,11441.0,812.0,161.0,22832.0,411.0,2382.0,396.0,64.0,1571,451,73.0,375,711.0,87.0,967,457.0,50.0,217.0,151,255,36.0,26.0,424.0,953.0,1241.0,11.0,186,30.0,118,44.0,663.0,1551.0,155,10.0,101,4551.0,60.0,527.0,70.0,29.0,43,69,23.0,15.0,108.0,48.0,172.0,17.0,383.0,106,35.0,40.0,24.0,350,23.0,31.0,0.0,18.0,32.0,6.0,1.0,41.0,22.0,1.0,1.0,2979.0,355.0,3.0,33.0,154.0,71.0,53.0,5.0,29.0,1.0,6.0,1.0,14.0,12.0,2.0,4.0,11.0,2.0,4.0,1.0,3.0,405.0,28.0,110.0,24,27.0,0.0,0.0,7.0,14.0,2.0,43.0,40.0,354.0,20.0,1.0,0.0,0.0,10.0,5.0,12.0,0.0,6.0,67.0,0.0,320.0,328.0,0.0,239.0,238.0,4.0,17.0,10.0,0.0,3.0,0.0,0.0,0.0,0.0,0.0,0.0,3.0,0.0,0.0,3.0,5.0,12.0,2.0,1.0,0.0,0.0,0.0,5.0,0.0,2.0,0.0,0.0,0.0,0.0,0.0,0.0,2.0,19.0,21.0,0.0,1.0,1.0,2.0,3.0,0.0,5310.0,1.0,0.0,0.0,1.0,3.0,0.0,1.0,0.0,0.0,0.0,2.0,0.0,0.0,0.0,0.0,0.0,0.0,0.0,0.0,22.0,0.0,0.0,1.0,0.0,0.0,0.0,0.0,0.0,0.0,0.0,0.0,0.0,0.0,0.0,0.0,0.0,0.0,0.0,0.0,0.0
628,10304,5874.0,14897,10876,15560.0,39561,29959,5467.0,11782,938.0,9420,17653,7228,2045.0,6250,1431.0,3602.0,652.0,2874.0,918.0,10051.0,2284.0,121.0,6900,1604,537.0,2706,2738.0,281.0,3675,1102.0,142.0,560.0,1333,1287,105.0,194.0,2002.0,5681.0,6195.0,208.0,1935,559.0,682,626.0,1690.0,91.0,551,45.0,416,57.0,491.0,1441.0,303.0,109.0,356,630,489.0,45.0,360.0,723.0,348.0,89.0,734.0,1367,300.0,172.0,170.0,4061,302.0,100.0,24.0,148.0,169.0,89.0,52.0,151.0,147.0,20.0,14.0,21.0,116.0,47.0,164.0,646.0,467.0,155.0,52.0,285.0,31.0,94.0,45.0,75.0,74.0,28.0,63.0,34.0,17.0,23.0,9.0,15.0,3114.0,908.0,426.0,10982,323.0,10.0,19.0,68.0,14.0,9.0,272.0,242.0,243.0,91.0,4.0,1.0,1.0,57.0,13.0,41.0,8.0,40.0,172.0,3.0,71.0,147.0,0.0,146.0,55.0,26.0,26.0,57.0,6.0,64.0,7.0,2.0,6.0,0.0,7.0,17.0,5.0,0.0,15.0,11.0,34.0,34.0,14.0,38.0,7.0,9.0,14.0,25.0,3.0,1.0,0.0,0.0,0.0,13.0,0.0,4.0,5.0,12.0,11.0,1.0,3.0,19.0,39.0,20.0,52.0,31.0,11.0,3.0,6.0,3.0,3.0,5.0,9.0,4.0,0.0,2.0,93.0,3.0,0.0,0.0,3.0,2.0,75.0,2.0,1.0,21.0,3.0,12.0,11.0,1.0,3.0,2.0,1.0,6.0,2.0,0.0,1.0,1.0,0.0,0.0,1.0,0.0,0.0,0.0,0.0,0.0
633,13851,5810.0,21945,20958,17017.0,61757,43084,14164.0,21563,1524.0,15457,63754,12397,4624.0,10132,15244.0,6693.0,1241.0,29346.0,1513.0,18746.0,5673.0,279.0,16418,4125,1069.0,3095,5490.0,309.0,6787,2202.0,502.0,773.0,1674,2531,355.0,282.0,2961.0,8527.0,12600.0,243.0,1706,732.0,1423,486.0,4214.0,1708.0,769,210.0,680,4675.0,1105.0,479.0,828.0,229.0,462,892,36.0,94.0,710.0,580.0,598.0,216.0,1261.0,495,430.0,1058.0,224.0,2522,216.0,150.0,10.0,81.0,400.0,61.0,41.0,290.0,124.0,12.0,12.0,3003.0,822.0,398.0,424.0,1339.0,473.0,214.0,83.0,274.0,23.0,56.0,55.0,137.0,137.0,44.0,81.0,28.0,22.0,55.0,32.0,5.0,1636.0,381.0,1182.0,419,178.0,17.0,33.0,28.0,66.0,4.0,823.0,544.0,604.0,319.0,130.0,58.0,61.0,170.0,33.0,112.0,18.0,156.0,444.0,10.0,552.0,574.0,8.0,425.0,268.0,17.0,81.0,113.0,44.0,74.0,26.0,8.0,6.0,4.0,0.0,14.0,2.0,3.0,11.0,5.0,31.0,26.0,35.0,24.0,3.0,20.0,28.0,79.0,12.0,149.0,0.0,0.0,37.0,29.0,71.0,25.0,15.0,22.0,36.0,13.0,31.0,33.0,27.0,27.0,98.0,5355.0,18.0,216.0,414.0,19.0,3.0,18.0,17.0,119.0,10.0,33.0,71.0,5.0,4.0,5.0,0.0,4.0,11.0,0.0,119.0,177.0,1.0,2.0,2.0,0.0,0.0,0.0,0.0,0.0,9.0,0.0,3.0,4.0,6.0,0.0,0.0,0.0,0.0,0.0,0.0,0.0
639,9973,4183.0,16589,14838,14062.0,48001,29305,4971.0,17120,1874.0,12493,59727,10785,1923.0,7157,15348.0,5325.0,1034.0,30485.0,1885.0,16274.0,3486.0,282.0,11300,2600,1107.0,2539,5074.0,382.0,4445,1538.0,349.0,821.0,1495,1844,662.0,354.0,1960.0,4591.0,7792.0,171.0,1647,670.0,621,1036.0,2439.0,1616.0,1122,81.0,1063,4603.0,675.0,455.0,428.0,55.0,1517,542,524.0,144.0,832.0,405.0,508.0,180.0,1091.0,702,410.0,137.0,211.0,2077,244.0,55.0,10.0,246.0,718.0,200.0,59.0,582.0,383.0,7.0,112.0,2989.0,486.0,135.0,227.0,1043.0,1486.0,573.0,99.0,471.0,38.0,230.0,100.0,263.0,340.0,79.0,47.0,36.0,60.0,139.0,32.0,21.0,2976.0,944.0,687.0,2719,209.0,0.0,0.0,178.0,240.0,10.0,865.0,506.0,374.0,354.0,47.0,30.0,30.0,162.0,26.0,86.0,10.0,128.0,492.0,12.0,333.0,365.0,1.0,279.0,238.0,28.0,77.0,72.0,40.0,44.0,16.0,7.0,6.0,4.0,1.0,19.0,13.0,5.0,28.0,9.0,16.0,39.0,16.0,54.0,2.0,26.0,11.0,77.0,12.0,11.0,7.0,7.0,36.0,25.0,91.0,11.0,5.0,24.0,28.0,2.0,14.0,7.0,41.0,20.0,252.0,5328.0,3.0,66.0,379.0,20.0,1.0,19.0,6.0,37.0,9.0,15.0,10.0,2.0,2.0,2.0,1.0,0.0,12.0,11.0,22.0,2.0,0.0,7.0,1.0,0.0,0.0,0.0,0.0,1.0,8.0,0.0,1.0,3.0,6.0,0.0,1.0,0.0,0.0,0.0,0.0,0.0
644,8954,5675.0,12676,8733,13419.0,34162,25894,4406.0,9802,645.0,7595,14333,5696,1675.0,5100,1189.0,2882.0,577.0,2370.0,680.0,8423.0,1822.0,93.0,5743,1238,528.0,2522,2555.0,256.0,3056,969.0,124.0,492.0,1215,1151,90.0,169.0,1729.0,5281.0,5321.0,203.0,1736,544.0,583,620.0,1290.0,73.0,416,42.0,334,34.0,369.0,1194.0,256.0,113.0,325,547,479.0,36.0,281.0,638.0,183.0,75.0,378.0,1231,264.0,157.0,166.0,3764,260.0,96.0,21.0,130.0,164.0,79.0,33.0,117.0,114.0,11.0,19.0,15.0,110.0,46.0,121.0,493.0,375.0,106.0,40.0,220.0,16.0,83.0,40.0,58.0,65.0,26.0,41.0,26.0,15.0,23.0,9.0,11.0,2619.0,609.0,311.0,8877,287.0,10.0,19.0,69.0,16.0,9.0,217.0,181.0,247.0,71.0,4.0,1.0,1.0,49.0,10.0,25.0,8.0,38.0,116.0,5.0,81.0,160.0,0.0,147.0,49.0,31.0,11.0,35.0,8.0,58.0,5.0,2.0,5.0,0.0,7.0,16.0,10.0,0.0,12.0,6.0,32.0,30.0,11.0,43.0,7.0,0.0,14.0,16.0,1.0,0.0,0.0,0.0,0.0,2.0,0.0,3.0,3.0,10.0,9.0,1.0,1.0,19.0,35.0,16.0,49.0,31.0,11.0,3.0,6.0,1.0,0.0,5.0,8.0,3.0,0.0,2.0,93.0,1.0,0.0,0.0,3.0,2.0,71.0,2.0,0.0,20.0,3.0,4.0,8.0,1.0,3.0,2.0,1.0,6.0,0.0,0.0,0.0,0.0,0.0,0.0,0.0,0.0,0.0,0.0,0.0,0.0
653,3520,2199.0,4816,4781,6306.0,12967,9377,1316.0,4821,254.0,2327,4534,3020,564.0,1545,663.0,1234.0,383.0,935.0,173.0,3724.0,587.0,77.0,3179,976,107.0,969,1163.0,49.0,1177,896.0,85.0,204.0,338,824,468.0,50.0,885.0,2408.0,3321.0,81.0,1028,26.0,338,87.0,1019.0,45.0,67,5.0,66,7.0,171.0,98.0,144.0,31.0,170,302,443.0,74.0,199.0,46.0,97.0,22.0,206.0,192,115.0,88.0,77.0,1429,33.0,93.0,1.0,25.0,35.0,0.0,0.0,4.0,0.0,3.0,0.0,0.0,67.0,46.0,40.0,433.0,3.0,3.0,0.0,39.0,0.0,0.0,1.0,1.0,5.0,5.0,12.0,7.0,0.0,7.0,0.0,1.0,534.0,73.0,582.0,42,65.0,11.0,177.0,12.0,44.0,0.0,163.0,145.0,118.0,88.0,25.0,20.0,24.0,63.0,18.0,27.0,9.0,50.0,122.0,0.0,113.0,125.0,1.0,40.0,56.0,2.0,23.0,46.0,0.0,23.0,1.0,2.0,7.0,0.0,2.0,8.0,0.0,0.0,6.0,3.0,5.0,4.0,2.0,2.0,0.0,16.0,2.0,22.0,7.0,5.0,0.0,0.0,34.0,30.0,65.0,4.0,1.0,4.0,6.0,7.0,14.0,8.0,3.0,8.0,10.0,9.0,1.0,67.0,381.0,10.0,0.0,1.0,2.0,5.0,4.0,14.0,12.0,0.0,0.0,0.0,0.0,1.0,10.0,0.0,15.0,182.0,0.0,4.0,4.0,0.0,0.0,0.0,0.0,0.0,2.0,0.0,1.0,3.0,0.0,0.0,0.0,0.0,0.0,0.0,0.0,0.0
688,8894,5702.0,12508,8464,13320.0,33213,25277,4360.0,9720,640.0,7429,13964,5625,1676.0,4975,1232.0,2875.0,574.0,2353.0,677.0,8225.0,1805.0,95.0,5687,1243,527.0,2520,2550.0,259.0,2977,967.0,121.0,486.0,1222,1146,87.0,163.0,1729.0,5281.0,5279.0,205.0,1724,544.0,581,620.0,1285.0,73.0,404,42.0,333,33.0,369.0,1103.0,256.0,113.0,325,541,479.0,38.0,283.0,653.0,182.0,77.0,376.0,1286,265.0,157.0,166.0,3754,259.0,96.0,21.0,131.0,163.0,79.0,33.0,117.0,114.0,11.0,19.0,15.0,110.0,46.0,122.0,487.0,374.0,104.0,40.0,220.0,16.0,81.0,42.0,59.0,65.0,26.0,43.0,25.0,16.0,23.0,9.0,11.0,2857.0,641.0,305.0,8671,301.0,10.0,19.0,69.0,13.0,9.0,217.0,181.0,247.0,71.0,4.0,1.0,1.0,48.0,10.0,25.0,8.0,38.0,113.0,5.0,81.0,160.0,0.0,147.0,49.0,31.0,11.0,32.0,8.0,59.0,6.0,2.0,5.0,0.0,7.0,16.0,10.0,0.0,11.0,6.0,36.0,27.0,13.0,43.0,7.0,0.0,14.0,16.0,1.0,0.0,0.0,0.0,0.0,2.0,0.0,4.0,3.0,10.0,9.0,1.0,1.0,19.0,33.0,16.0,50.0,31.0,11.0,3.0,6.0,1.0,0.0,5.0,8.0,3.0,0.0,2.0,93.0,1.0,0.0,0.0,1.0,2.0,75.0,2.0,0.0,20.0,3.0,3.0,8.0,1.0,3.0,2.0,1.0,6.0,0.0,0.0,0.0,0.0,0.0,0.0,0.0,0.0,0.0,0.0,0.0,0.0
69,4199,1384.0,6016,4411,7102.0,20196,14186,2176.0,5203,591.0,4549,8690,3846,726.0,3227,688.0,1360.0,140.0,632.0,395.0,4050.0,848.0,34.0,3196,1682,58.0,525,994.0,44.0,1236,648.0,83.0,277.0,280,253,46.0,47.0,442.0,1826.0,3548.0,30.0,578,223.0,375,64.0,1561.0,28.0,283,8.0,216,17.0,83.0,143.0,59.0,25.0,310,209,25.0,18.0,215.0,122.0,182.0,24.0,371.0,258,64.0,52.0,52.0,640,9.0,23.0,0.0,13.0,16.0,0.0,2.0,26.0,4.0,3.0,0.0,0.0,36.0,8.0,59.0,381.0,92.0,21.0,5.0,8.0,0.0,3.0,2.0,5.0,14.0,15.0,7.0,2.0,2.0,5.0,0.0,3.0,566.0,113.0,244.0,88,9.0,0.0,0.0,6.0,68.0,2.0,269.0,198.0,149.0,59.0,0.0,0.0,0.0,34.0,15.0,26.0,17.0,3.0,148.0,0.0,34.0,274.0,0.0,47.0,60.0,1.0,39.0,35.0,5.0,4.0,0.0,0.0,0.0,0.0,1.0,0.0,0.0,0.0,2.0,6.0,1.0,5.0,0.0,0.0,0.0,0.0,0.0,11.0,0.0,0.0,0.0,0.0,0.0,2.0,0.0,2.0,4.0,4.0,5.0,0.0,4.0,1.0,8.0,6.0,7.0,0.0,0.0,7.0,16.0,11.0,0.0,0.0,1.0,9.0,0.0,0.0,15.0,0.0,0.0,0.0,0.0,4.0,8.0,0.0,9.0,31.0,2.0,1.0,1.0,0.0,0.0,0.0,0.0,0.0,0.0,0.0,0.0,0.0,0.0,0.0,0.0,0.0,0.0,0.0,0.0,0.0
705,535,132.0,715,406,1499.0,2568,1814,181.0,623,56.0,438,661,372,49.0,336,36.0,93.0,20.0,62.0,31.0,545.0,67.0,7.0,352,339,4.0,35,60.0,3.0,192,106.0,4.0,30.0,27,49,4.0,2.0,57.0,273.0,388.0,4.0,51,2.0,17,5.0,184.0,0.0,42,0.0,8,0.0,5.0,82.0,4.0,1.0,56,22,0.0,8.0,36.0,37.0,34.0,2.0,69.0,124,8.0,2.0,3.0,75,3.0,0.0,0.0,2.0,5.0,0.0,0.0,0.0,0.0,0.0,0.0,0.0,1.0,0.0,10.0,44.0,16.0,0.0,8.0,3.0,0.0,0.0,0.0,1.0,0.0,3.0,1.0,2.0,0.0,0.0,0.0,0.0,430.0,53.0,21.0,296,105.0,0.0,0.0,0.0,38.0,0.0,21.0,22.0,2.0,9.0,0.0,0.0,0.0,2.0,0.0,1.0,1.0,0.0,13.0,1.0,0.0,1.0,0.0,0.0,0.0,0.0,8.0,1.0,0.0,0.0,0.0,0.0,0.0,0.0,0.0,0.0,0.0,0.0,0.0,1.0,0.0,0.0,0.0,0.0,0.0,0.0,0.0,2.0,0.0,0.0,0.0,0.0,0.0,0.0,0.0,0.0,0.0,4.0,4.0,0.0,0.0,0.0,0.0,0.0,1.0,0.0,0.0,0.0,0.0,5.0,0.0,0.0,0.0,0.0,0.0,0.0,0.0,0.0,0.0,0.0,0.0,0.0,1.0,0.0,0.0,0.0,0.0,0.0,0.0,0.0,0.0,0.0,0.0,0.0,0.0,0.0,0.0,0.0,0.0,0.0,0.0,0.0,0.0,0.0,0.0,0.0
707,8476,7793.0,10454,12659,14901.0,29117,25420,4802.0,14182,430.0,5612,11210,7011,2692.0,6795,2809.0,3591.0,1606.0,3992.0,517.0,7513.0,2224.0,50.0,11202,7159,254.0,2916,5898.0,570.0,4155,2765.0,279.0,493.0,967,2762,195.0,470.0,4082.0,11428.0,1936.0,258.0,2656,225.0,1013,340.0,2351.0,110.0,706,155.0,288,94.0,2593.0,70.0,459.0,189.0,1616,1408,5.0,42.0,264.0,431.0,134.0,89.0,283.0,1556,449.0,426.0,198.0,4585,419.0,276.0,28.0,28.0,389.0,4.0,2.0,3.0,11.0,45.0,30.0,37.0,155.0,111.0,187.0,758.0,34.0,9.0,1.0,716.0,1.0,10.0,6.0,21.0,4.0,22.0,83.0,52.0,11.0,50.0,4.0,55.0,7732.0,3558.0,87.0,5749,883.0,63.0,141.0,45.0,41.0,8.0,306.0,135.0,164.0,209.0,64.0,39.0,29.0,94.0,29.0,66.0,9.0,130.0,135.0,3.0,96.0,171.0,29.0,152.0,84.0,13.0,29.0,26.0,9.0,78.0,39.0,19.0,1.0,16.0,7.0,16.0,26.0,0.0,7.0,16.0,74.0,52.0,37.0,10.0,21.0,19.0,20.0,16.0,43.0,18.0,0.0,0.0,4.0,35.0,11.0,11.0,12.0,3.0,7.0,15.0,15.0,6.0,22.0,7.0,44.0,31.0,12.0,5.0,14.0,3.0,3.0,8.0,0.0,11.0,6.0,20.0,142.0,11.0,8.0,6.0,9.0,11.0,21.0,1.0,10.0,92.0,9.0,13.0,14.0,0.0,24.0,1.0,7.0,6.0,20.0,15.0,28.0,52.0,3.0,1.0,0.0,0.0,0.0,0.0,0.0,0.0
712,16390,6624.0,25920,25032,27596.0,80366,57025,12430.0,26781,2672.0,19771,75710,17628,4207.0,12629,15493.0,7853.0,1328.0,29528.0,2519.0,21594.0,5777.0,344.0,17795,4569,620.0,3210,4262.0,323.0,7680,2407.0,439.0,888.0,1709,2421,318.0,266.0,3230.0,9928.0,14474.0,146.0,2443,594.0,1351,400.0,5170.0,1699.0,1250,182.0,879,4642.0,1021.0,658.0,958.0,215.0,516,1025,77.0,306.0,837.0,700.0,855.0,191.0,1773.0,1530,458.0,424.0,230.0,3387,324.0,230.0,23.0,184.0,347.0,83.0,71.0,303.0,110.0,29.0,25.0,2994.0,631.0,33.0,292.0,1350.0,672.0,312.0,114.0,407.0,36.0,54.0,56.0,146.0,170.0,77.0,113.0,101.0,36.0,36.0,29.0,18.0,5088.0,1811.0,2087.0,30513,492.0,27.0,41.0,53.0,152.0,5.0,955.0,656.0,550.0,292.0,69.0,33.0,38.0,133.0,33.0,91.0,50.0,134.0,410.0,10.0,479.0,538.0,7.0,395.0,245.0,14.0,96.0,97.0,14.0,165.0,37.0,26.0,29.0,8.0,0.0,11.0,5.0,3.0,20.0,23.0,65.0,180.0,53.0,26.0,8.0,15.0,18.0,81.0,10.0,88.0,0.0,0.0,3.0,16.0,6.0,30.0,17.0,24.0,36.0,10.0,75.0,26.0,95.0,52.0,153.0,5359.0,12.0,5.0,9.0,28.0,3.0,23.0,32.0,70.0,4.0,11.0,98.0,14.0,4.0,2.0,0.0,4.0,14.0,0.0,65.0,200.0,3.0,8.0,25.0,0.0,3.0,0.0,0.0,2.0,6.0,2.0,6.0,3.0,4.0,0.0,0.0,0.0,0.0,0.0,0.0,0.0
713,9434,4015.0,16744,16175,13210.0,45769,29451,7912.0,17328,1839.0,14182,60651,11385,2482.0,7812,14406.0,5166.0,858.0,28705.0,1990.0,16691.0,4885.0,190.0,11579,3180,1383.0,2239,5362.0,418.0,4751,1233.0,291.0,721.0,1518,1445,248.0,267.0,2065.0,4700.0,8132.0,211.0,1569,468.0,992,330.0,2610.0,1645.0,989,144.0,818,4655.0,674.0,1336.0,530.0,57.0,735,742,179.0,75.0,575.0,526.0,688.0,145.0,1454.0,442,295.0,261.0,162.0,2190,218.0,12.0,16.0,163.0,580.0,155.0,54.0,444.0,288.0,20.0,14.0,3010.0,432.0,41.0,244.0,941.0,763.0,322.0,87.0,474.0,35.0,144.0,99.0,263.0,164.0,69.0,63.0,45.0,35.0,109.0,44.0,17.0,1824.0,471.0,491.0,3762,161.0,21.0,29.0,44.0,85.0,6.0,653.0,488.0,317.0,177.0,66.0,20.0,20.0,117.0,27.0,65.0,18.0,67.0,302.0,4.0,307.0,308.0,0.0,324.0,239.0,7.0,60.0,65.0,6.0,66.0,31.0,16.0,3.0,1.0,0.0,8.0,6.0,1.0,12.0,5.0,21.0,71.0,19.0,25.0,0.0,6.0,16.0,68.0,5.0,28.0,0.0,0.0,0.0,11.0,0.0,32.0,7.0,11.0,12.0,2.0,37.0,22.0,30.0,7.0,69.0,5333.0,11.0,0.0,0.0,22.0,4.0,9.0,4.0,8.0,6.0,16.0,7.0,6.0,0.0,5.0,3.0,3.0,10.0,0.0,3.0,14.0,2.0,4.0,10.0,0.0,1.0,0.0,0.0,0.0,2.0,0.0,1.0,3.0,3.0,0.0,1.0,0.0,0.0,0.0,0.0,0.0
726,14240,5093.0,22344,17692,22472.0,61791,44235,8394.0,19304,1967.0,14079,64696,13578,4169.0,9352,14696.0,6911.0,1236.0,28970.0,2209.0,18025.0,4112.0,242.0,13862,3504,1200.0,2760,5485.0,425.0,5773,2059.0,407.0,800.0,1628,2066,274.0,309.0,2110.0,6091.0,11168.0,281.0,2124,353.0,875,325.0,3843.0,1630.0,1233,160.0,461,4626.0,1066.0,884.0,564.0,89.0,1958,670,128.0,97.0,664.0,481.0,1040.0,163.0,2234.0,506,482.0,263.0,157.0,3824,266.0,119.0,11.0,148.0,557.0,50.0,19.0,223.0,130.0,10.0,2.0,2994.0,422.0,51.0,276.0,1123.0,454.0,241.0,31.0,528.0,6.0,70.0,34.0,96.0,104.0,48.0,74.0,35.0,15.0,91.0,12.0,21.0,1706.0,381.0,1004.0,5619,143.0,34.0,96.0,32.0,102.0,4.0,672.0,512.0,453.0,199.0,60.0,39.0,10.0,127.0,39.0,105.0,23.0,125.0,398.0,2.0,346.0,388.0,5.0,312.0,301.0,26.0,72.0,90.0,5.0,74.0,7.0,11.0,3.0,0.0,1.0,7.0,10.0,1.0,12.0,6.0,37.0,39.0,11.0,14.0,9.0,21.0,30.0,39.0,4.0,4.0,0.0,0.0,0.0,35.0,0.0,20.0,12.0,17.0,12.0,3.0,23.0,17.0,23.0,17.0,61.0,5336.0,24.0,7.0,5.0,10.0,1.0,16.0,15.0,17.0,0.0,0.0,47.0,1.0,0.0,0.0,0.0,18.0,21.0,1.0,18.0,72.0,4.0,1.0,2.0,0.0,1.0,0.0,1.0,7.0,5.0,1.0,1.0,1.0,3.0,0.0,0.0,0.0,0.0,0.0,0.0,0.0
73,693,365.0,982,835,1701.0,2509,2218,236.0,523,28.0,550,1202,496,146.0,348,55.0,212.0,7.0,49.0,18.0,546.0,63.0,1.0,448,116,3.0,62,68.0,9.0,190,27.0,0.0,64.0,46,32,1.0,8.0,91.0,521.0,899.0,6.0,41,0.0,31,1.0,177.0,0.0,36,0.0,18,0.0,31.0,8.0,14.0,0.0,28,27,5.0,1.0,39.0,15.0,26.0,1.0,54.0,16,16.0,5.0,8.0,63,0.0,4.0,0.0,0.0,2.0,0.0,0.0,0.0,0.0,0.0,0.0,0.0,1.0,3.0,3.0,69.0,1.0,2.0,0.0,0.0,0.0,0.0,0.0,0.0,2.0,0.0,4.0,1.0,1.0,0.0,0.0,0.0,0.0,0.0,40.0,111,0.0,0.0,0.0,0.0,4.0,1.0,12.0,9.0,6.0,7.0,0.0,0.0,0.0,3.0,9.0,10.0,3.0,0.0,15.0,0.0,0.0,0.0,0.0,0.0,3.0,0.0,5.0,4.0,0.0,0.0,0.0,0.0,0.0,0.0,0.0,0.0,0.0,0.0,0.0,0.0,0.0,2.0,0.0,0.0,0.0,0.0,0.0,5.0,0.0,0.0,0.0,0.0,0.0,0.0,0.0,1.0,0.0,0.0,0.0,0.0,1.0,0.0,2.0,3.0,0.0,0.0,0.0,0.0,0.0,2.0,0.0,0.0,0.0,0.0,0.0,0.0,4.0,0.0,0.0,0.0,0.0,0.0,0.0,0.0,0.0,28.0,0.0,1.0,0.0,0.0,0.0,0.0,0.0,0.0,0.0,0.0,0.0,0.0,0.0,0.0,0.0,0.0,0.0,0.0,0.0,0.0
74,1863,518.0,2937,3147,3639.0,9236,6151,791.0,3033,384.0,2236,5069,1815,291.0,1646,779.0,833.0,139.0,1118.0,328.0,2377.0,488.0,206.0,2072,1092,96.0,281,774.0,88.0,626,255.0,78.0,133.0,149,402,35.0,90.0,431.0,1120.0,1030.0,33.0,171,38.0,107,41.0,580.0,8.0,214,9.0,214,11.0,13.0,144.0,90.0,13.0,488,97,12.0,64.0,146.0,99.0,111.0,46.0,231.0,181,73.0,9.0,29.0,213,47.0,4.0,2.0,131.0,99.0,44.0,25.0,73.0,44.0,0.0,0.0,4.0,28.0,6.0,42.0,195.0,187.0,60.0,56.0,152.0,21.0,70.0,48.0,81.0,40.0,48.0,34.0,32.0,18.0,16.0,19.0,14.0,879.0,289.0,119.0,1441,95.0,0.0,0.0,16.0,51.0,0.0,63.0,61.0,43.0,46.0,0.0,0.0,0.0,40.0,4.0,13.0,4.0,4.0,62.0,1.0,21.0,27.0,0.0,8.0,1.0,10.0,10.0,10.0,0.0,21.0,7.0,11.0,4.0,0.0,0.0,0.0,4.0,1.0,3.0,2.0,11.0,26.0,14.0,12.0,0.0,4.0,0.0,14.0,2.0,0.0,0.0,0.0,0.0,10.0,0.0,1.0,0.0,4.0,3.0,1.0,7.0,17.0,14.0,5.0,4.0,2.0,0.0,6.0,14.0,4.0,0.0,0.0,1.0,0.0,0.0,0.0,5.0,4.0,0.0,0.0,0.0,2.0,2.0,3.0,0.0,11.0,3.0,1.0,1.0,0.0,0.0,0.0,0.0,0.0,0.0,3.0,0.0,0.0,0.0,0.0,0.0,0.0,0.0,0.0,0.0,0.0
752,6921,4950.0,10832,12945,10201.0,34804,22207,5299.0,13233,1147.0,9076,48329,6170,2076.0,5157,13315.0,2634.0,528.0,25396.0,972.0,10066.0,3141.0,139.0,7729,1863,288.0,1318,2209.0,152.0,2692,1092.0,264.0,314.0,673,864,221.0,112.0,1249.0,3156.0,5590.0,101.0,910,1254.0,515,207.0,2640.0,1576.0,426,145.0,508,4612.0,367.0,267.0,398.0,56.0,264,439,63.0,80.0,325.0,335.0,264.0,117.0,559.0,594,161.0,166.0,78.0,1029,171.0,54.0,6.0,101.0,124.0,102.0,82.0,164.0,74.0,10.0,23.0,2995.0,435.0,35.0,143.0,578.0,434.0,262.0,72.0,215.0,31.0,38.0,50.0,124.0,52.0,52.0,77.0,29.0,45.0,33.0,11.0,9.0,2414.0,1164.0,380.0,12198,313.0,11.0,19.0,26.0,37.0,7.0,334.0,218.0,505.0,104.0,29.0,22.0,9.0,84.0,18.0,31.0,4.0,25.0,163.0,2.0,334.0,422.0,1.0,291.0,215.0,13.0,23.0,32.0,3.0,32.0,9.0,3.0,26.0,0.0,0.0,6.0,10.0,3.0,8.0,5.0,22.0,40.0,24.0,24.0,9.0,8.0,19.0,24.0,2.0,7.0,0.0,0.0,3.0,9.0,6.0,12.0,7.0,8.0,12.0,3.0,13.0,8.0,25.0,9.0,103.0,5354.0,3.0,1.0,0.0,6.0,1.0,10.0,7.0,6.0,3.0,2.0,17.0,3.0,4.0,2.0,0.0,1.0,29.0,5.0,7.0,16.0,2.0,41.0,7.0,0.0,6.0,0.0,1.0,2.0,1.0,0.0,0.0,0.0,0.0,0.0,1.0,0.0,0.0,0.0,0.0,0.0
758,8954,5675.0,12676,8733,13419.0,34162,25894,4406.0,9802,645.0,7595,14335,5697,1675.0,5100,1189.0,2883.0,577.0,2370.0,680.0,8424.0,1822.0,93.0,5743,1238,528.0,2522,2555.0,256.0,3056,969.0,124.0,492.0,1215,1151,90.0,169.0,1729.0,5281.0,5322.0,203.0,1736,544.0,583,620.0,1290.0,73.0,416,42.0,334,34.0,369.0,1194.0,256.0,113.0,325,547,479.0,36.0,281.0,638.0,183.0,75.0,378.0,1231,264.0,157.0,166.0,3764,260.0,96.0,21.0,130.0,164.0,79.0,33.0,117.0,114.0,11.0,19.0,15.0,110.0,46.0,121.0,493.0,375.0,106.0,40.0,220.0,16.0,83.0,40.0,58.0,65.0,26.0,41.0,26.0,15.0,23.0,9.0,11.0,2619.0,609.0,311.0,8877,287.0,10.0,19.0,69.0,16.0,9.0,217.0,181.0,247.0,71.0,4.0,1.0,1.0,49.0,10.0,25.0,8.0,38.0,116.0,5.0,81.0,160.0,0.0,147.0,49.0,31.0,11.0,35.0,8.0,58.0,5.0,2.0,5.0,0.0,7.0,16.0,10.0,0.0,12.0,6.0,32.0,30.0,11.0,43.0,7.0,0.0,14.0,16.0,1.0,0.0,0.0,0.0,0.0,2.0,0.0,3.0,3.0,10.0,9.0,1.0,1.0,19.0,35.0,16.0,49.0,31.0,11.0,3.0,6.0,1.0,0.0,5.0,8.0,3.0,0.0,2.0,93.0,1.0,0.0,0.0,3.0,2.0,71.0,2.0,0.0,20.0,3.0,4.0,8.0,1.0,3.0,2.0,1.0,6.0,0.0,0.0,0.0,0.0,0.0,0.0,0.0,0.0,0.0,0.0,0.0,0.0
772,9187,5733.0,13005,9117,13632.0,35169,26641,4527.0,10087,679.0,7759,14840,5956,1756.0,5209,1260.0,2983.0,597.0,2503.0,704.0,8760.0,1889.0,97.0,5930,1279,530.0,2598,2583.0,258.0,3165,985.0,126.0,496.0,1244,1191,90.0,173.0,1747.0,5323.0,5433.0,204.0,1760,546.0,617,621.0,1391.0,79.0,436,42.0,345,49.0,373.0,1241.0,261.0,113.0,326,576,479.0,37.0,292.0,652.0,211.0,79.0,437.0,1249,275.0,157.0,170.0,3808,264.0,96.0,21.0,132.0,165.0,79.0,33.0,118.0,114.0,20.0,19.0,15.0,111.0,46.0,127.0,520.0,389.0,107.0,41.0,235.0,16.0,84.0,41.0,60.0,70.0,26.0,56.0,31.0,15.0,23.0,9.0,12.0,2677.0,627.0,318.0,9166,294.0,10.0,19.0,70.0,16.0,9.0,229.0,190.0,248.0,80.0,4.0,1.0,1.0,51.0,11.0,29.0,8.0,38.0,123.0,5.0,81.0,160.0,0.0,148.0,55.0,31.0,14.0,37.0,8.0,61.0,5.0,2.0,5.0,0.0,7.0,16.0,10.0,0.0,15.0,6.0,32.0,32.0,12.0,46.0,7.0,3.0,14.0,16.0,1.0,0.0,0.0,0.0,0.0,6.0,0.0,3.0,3.0,10.0,9.0,1.0,1.0,17.0,39.0,16.0,49.0,31.0,11.0,3.0,6.0,2.0,0.0,5.0,9.0,3.0,0.0,2.0,94.0,3.0,0.0,0.0,4.0,2.0,71.0,2.0,0.0,20.0,3.0,12.0,14.0,1.0,3.0,2.0,1.0,6.0,0.0,0.0,0.0,0.0,0.0,0.0,0.0,0.0,0.0,0.0,0.0,0.0
784,1310,707.0,1648,1568,3673.0,4294,4041,369.0,975,176.0,812,2396,775,184.0,804,139.0,371.0,16.0,122.0,104.0,940.0,85.0,46.0,723,181,9.0,146,88.0,15.0,271,198.0,3.0,76.0,61,68,7.0,10.0,293.0,964.0,1234.0,17.0,74,0.0,63,8.0,438.0,0.0,39,0.0,52,0.0,31.0,36.0,42.0,3.0,58,44,10.0,25.0,105.0,197.0,47.0,5.0,96.0,506,25.0,10.0,13.0,105,22.0,14.0,0.0,18.0,3.0,0.0,0.0,15.0,0.0,0.0,5.0,0.0,9.0,9.0,9.0,163.0,13.0,16.0,0.0,14.0,0.0,0.0,0.0,3.0,2.0,0.0,4.0,2.0,1.0,0.0,0.0,2.0,2076.0,377.0,40.0,342,139.0,0.0,0.0,1.0,24.0,1.0,19.0,29.0,23.0,21.0,0.0,0.0,0.0,2.0,13.0,11.0,9.0,7.0,24.0,4.0,7.0,15.0,0.0,7.0,6.0,2.0,6.0,27.0,8.0,1.0,0.0,0.0,0.0,0.0,0.0,0.0,1.0,0.0,0.0,5.0,0.0,4.0,1.0,0.0,0.0,0.0,0.0,6.0,0.0,0.0,0.0,0.0,0.0,0.0,0.0,5.0,4.0,6.0,17.0,0.0,1.0,2.0,4.0,9.0,33.0,1.0,0.0,0.0,0.0,2.0,0.0,0.0,0.0,0.0,0.0,0.0,15.0,0.0,0.0,0.0,0.0,0.0,5.0,0.0,0.0,38.0,1.0,2.0,0.0,0.0,0.0,0.0,0.0,0.0,0.0,0.0,0.0,0.0,0.0,0.0,0.0,0.0,0.0,0.0,0.0,0.0
786,9303,3005.0,16463,16333,13727.0,47699,31260,6881.0,16180,1431.0,13119,24838,9952,2702.0,7006,2777.0,4636.0,891.0,5159.0,1526.0,14421.0,4088.0,227.0,11187,2420,1266.0,1941,4326.0,311.0,4642,1273.0,292.0,555.0,1171,1598,237.0,200.0,1755.0,4834.0,8001.0,129.0,1275,415.0,656,532.0,3005.0,158.0,890,171.0,685,105.0,837.0,1012.0,495.0,156.0,1261,713,141.0,86.0,523.0,350.0,416.0,135.0,894.0,429,248.0,241.0,128.0,1534,190.0,85.0,16.0,141.0,394.0,106.0,35.0,282.0,175.0,21.0,11.0,27.0,279.0,40.0,251.0,943.0,598.0,255.0,63.0,344.0,36.0,88.0,81.0,209.0,125.0,80.0,79.0,28.0,22.0,57.0,25.0,12.0,1436.0,488.0,609.0,16754,160.0,21.0,29.0,31.0,77.0,4.0,739.0,467.0,186.0,208.0,44.0,10.0,9.0,70.0,16.0,77.0,16.0,63.0,260.0,0.0,76.0,118.0,3.0,161.0,57.0,9.0,44.0,41.0,2.0,60.0,30.0,7.0,2.0,0.0,0.0,7.0,13.0,8.0,12.0,6.0,40.0,14.0,25.0,22.0,0.0,20.0,13.0,42.0,5.0,9.0,0.0,0.0,2.0,31.0,6.0,30.0,10.0,17.0,16.0,6.0,29.0,9.0,38.0,17.0,121.0,182.0,5.0,4.0,10.0,18.0,3.0,13.0,5.0,13.0,2.0,8.0,30.0,4.0,2.0,5.0,2.0,2.0,17.0,2.0,6.0,34.0,3.0,2.0,5.0,0.0,4.0,0.0,2.0,0.0,1.0,1.0,0.0,1.0,3.0,0.0,0.0,0.0,0.0,0.0,0.0,0.0
79,541,175.0,750,242,1659.0,2681,1767,125.0,626,60.0,311,546,494,50.0,195,51.0,108.0,17.0,66.0,33.0,643.0,66.0,0.0,447,454,1.0,46,85.0,8.0,101,137.0,4.0,33.0,40,52,3.0,5.0,24.0,300.0,248.0,4.0,58,0.0,24,5.0,167.0,0.0,27,0.0,9,0.0,3.0,94.0,4.0,2.0,9,12,0.0,0.0,33.0,47.0,13.0,2.0,26.0,156,11.0,4.0,1.0,85,0.0,0.0,0.0,2.0,2.0,0.0,0.0,0.0,0.0,0.0,0.0,0.0,1.0,0.0,7.0,38.0,1.0,0.0,0.0,3.0,0.0,0.0,0.0,1.0,2.0,3.0,0.0,0.0,0.0,0.0,0.0,0.0,869.0,99.0,13.0,261,65.0,0.0,0.0,0.0,49.0,0.0,15.0,17.0,3.0,14.0,0.0,0.0,0.0,8.0,0.0,2.0,0.0,0.0,16.0,1.0,0.0,1.0,0.0,0.0,0.0,0.0,5.0,2.0,1.0,0.0,0.0,0.0,0.0,0.0,0.0,0.0,0.0,0.0,0.0,1.0,0.0,0.0,0.0,0.0,0.0,0.0,0.0,1.0,0.0,0.0,0.0,0.0,0.0,0.0,0.0,0.0,0.0,0.0,0.0,0.0,0.0,0.0,0.0,0.0,3.0,0.0,0.0,0.0,0.0,6.0,0.0,0.0,0.0,0.0,0.0,0.0,0.0,0.0,0.0,0.0,0.0,0.0,1.0,0.0,0.0,0.0,0.0,0.0,0.0,0.0,0.0,0.0,0.0,0.0,0.0,0.0,0.0,0.0,0.0,0.0,0.0,0.0,0.0,0.0,0.0,0.0
81,1705,819.0,3001,2536,2191.0,9123,5114,1399.0,3373,590.0,3147,5460,2061,300.0,1382,706.0,879.0,151.0,1453.0,605.0,3279.0,1342.0,102.0,1976,313,48.0,529,389.0,105.0,1017,254.0,72.0,162.0,308,300,51.0,60.0,276.0,818.0,1152.0,16.0,211,95.0,137,67.0,297.0,23.0,184,25.0,319,38.0,69.0,183.0,224.0,6.0,234,135,10.0,40.0,113.0,115.0,49.0,48.0,115.0,427,79.0,61.0,27.0,241,121.0,1.0,6.0,34.0,54.0,60.0,60.0,108.0,60.0,14.0,15.0,17.0,21.0,16.0,59.0,170.0,238.0,139.0,58.0,144.0,38.0,24.0,39.0,101.0,19.0,27.0,5.0,7.0,13.0,16.0,11.0,4.0,1667.0,1001.0,68.0,3160,118.0,11.0,19.0,4.0,19.0,1.0,80.0,56.0,1.0,27.0,0.0,0.0,0.0,11.0,0.0,5.0,2.0,3.0,28.0,0.0,0.0,1.0,0.0,40.0,5.0,2.0,1.0,3.0,5.0,9.0,3.0,1.0,0.0,0.0,0.0,3.0,0.0,0.0,1.0,2.0,0.0,0.0,2.0,8.0,0.0,4.0,0.0,15.0,0.0,2.0,0.0,0.0,0.0,4.0,0.0,1.0,0.0,0.0,0.0,1.0,1.0,0.0,5.0,5.0,34.0,4.0,0.0,0.0,0.0,6.0,0.0,0.0,1.0,0.0,0.0,0.0,4.0,2.0,0.0,1.0,0.0,0.0,0.0,0.0,0.0,9.0,3.0,1.0,0.0,0.0,0.0,0.0,0.0,0.0,0.0,0.0,0.0,0.0,0.0,0.0,0.0,0.0,0.0,0.0,0.0,0.0
84,15089,11614.0,25236,21627,20867.0,63088,52554,20103.0,24349,1937.0,16027,36303,13772,4240.0,12759,4877.0,8131.0,1525.0,8665.0,1961.0,22445.0,7830.0,190.0,16866,3600,1179.0,4280,3616.0,529.0,8153,1906.0,382.0,959.0,1932,3330,262.0,393.0,3231.0,11417.0,15744.0,744.0,2398,844.0,1729,521.0,3643.0,152.0,2004,129.0,613,127.0,1398.0,1001.0,1096.0,231.0,4523,943,116.0,69.0,869.0,927.0,561.0,235.0,1183.0,1558,504.0,1761.0,290.0,9392,861.0,284.0,23.0,144.0,309.0,102.0,94.0,157.0,90.0,70.0,89.0,34.0,414.0,624.0,545.0,1464.0,463.0,221.0,109.0,567.0,67.0,51.0,61.0,151.0,40.0,30.0,80.0,34.0,20.0,72.0,17.0,18.0,6176.0,2354.0,1052.0,36547,543.0,34.0,62.0,38.0,77.0,4.0,967.0,624.0,401.0,370.0,74.0,56.0,37.0,121.0,45.0,157.0,31.0,201.0,603.0,23.0,185.0,559.0,14.0,254.0,143.0,38.0,87.0,67.0,44.0,120.0,10.0,5.0,2.0,3.0,1.0,15.0,13.0,0.0,11.0,27.0,40.0,38.0,21.0,29.0,8.0,23.0,62.0,108.0,11.0,136.0,0.0,1.0,0.0,84.0,0.0,46.0,8.0,12.0,22.0,8.0,30.0,34.0,26.0,22.0,76.0,76.0,23.0,209.0,38.0,12.0,0.0,25.0,13.0,23.0,13.0,28.0,111.0,7.0,0.0,2.0,8.0,3.0,16.0,5.0,9.0,223.0,9.0,9.0,4.0,1.0,6.0,2.0,3.0,6.0,11.0,0.0,3.0,24.0,5.0,0.0,9.0,1.0,0.0,0.0,0.0,0.0
860,2657,943.0,4597,3414,2930.0,12222,7260,1879.0,4653,743.0,3930,7053,2445,466.0,2105,1038.0,1212.0,244.0,1965.0,669.0,4191.0,1585.0,102.0,2700,465,118.0,789,799.0,108.0,1155,252.0,89.0,187.0,385,528,77.0,71.0,544.0,1523.0,1417.0,23.0,296,143.0,241,103.0,435.0,41.0,229,35.0,336,65.0,159.0,153.0,215.0,23.0,269,201,43.0,46.0,150.0,116.0,59.0,67.0,136.0,290,97.0,91.0,42.0,333,153.0,25.0,7.0,47.0,92.0,61.0,50.0,130.0,71.0,11.0,15.0,19.0,37.0,20.0,50.0,170.0,320.0,184.0,58.0,183.0,29.0,38.0,48.0,124.0,32.0,16.0,17.0,19.0,11.0,34.0,9.0,5.0,1198.0,811.0,192.0,3911,101.0,11.0,19.0,14.0,24.0,5.0,78.0,58.0,51.0,64.0,9.0,14.0,1.0,35.0,12.0,21.0,5.0,14.0,60.0,1.0,3.0,44.0,1.0,55.0,6.0,3.0,10.0,21.0,4.0,11.0,0.0,2.0,2.0,0.0,0.0,6.0,2.0,0.0,3.0,9.0,6.0,14.0,3.0,9.0,1.0,7.0,13.0,18.0,1.0,2.0,0.0,0.0,0.0,7.0,0.0,3.0,1.0,27.0,13.0,2.0,2.0,1.0,15.0,6.0,12.0,9.0,2.0,1.0,0.0,6.0,0.0,5.0,6.0,5.0,2.0,1.0,9.0,0.0,0.0,1.0,0.0,1.0,7.0,0.0,7.0,9.0,9.0,1.0,0.0,0.0,0.0,0.0,0.0,1.0,1.0,0.0,0.0,0.0,0.0,0.0,1.0,0.0,0.0,0.0,0.0,0.0
890,5593,3357.0,8721,11741,9026.0,28459,17610,4929.0,10807,739.0,7740,45896,5433,2306.0,4128,12515.0,2078.0,420.0,24572.0,807.0,8326.0,2596.0,86.0,6570,1722,386.0,796,2193.0,116.0,2620,1152.0,243.0,284.0,701,484,195.0,76.0,1275.0,2490.0,5963.0,118.0,685,112.0,521,113.0,2315.0,1544.0,386,170.0,256,4585.0,350.0,147.0,164.0,7.0,203,244,12.0,15.0,233.0,238.0,303.0,91.0,653.0,520,82.0,68.0,50.0,1278,124.0,1.0,9.0,34.0,65.0,44.0,35.0,75.0,54.0,9.0,15.0,2989.0,357.0,28.0,168.0,533.0,201.0,121.0,33.0,146.0,30.0,15.0,31.0,84.0,17.0,14.0,30.0,11.0,5.0,14.0,3.0,4.0,2120.0,907.0,144.0,13443,144.0,11.0,19.0,6.0,10.0,0.0,410.0,246.0,272.0,58.0,22.0,9.0,9.0,60.0,9.0,23.0,0.0,22.0,140.0,4.0,266.0,267.0,0.0,214.0,196.0,2.0,18.0,34.0,3.0,21.0,14.0,5.0,1.0,0.0,0.0,2.0,1.0,8.0,1.0,1.0,19.0,12.0,28.0,10.0,0.0,4.0,13.0,12.0,2.0,3.0,0.0,0.0,3.0,7.0,6.0,13.0,7.0,8.0,14.0,2.0,9.0,17.0,3.0,5.0,39.0,5311.0,8.0,0.0,0.0,2.0,1.0,6.0,2.0,1.0,1.0,1.0,5.0,3.0,4.0,2.0,0.0,0.0,3.0,0.0,0.0,9.0,1.0,0.0,1.0,0.0,0.0,0.0,0.0,0.0,0.0,0.0,0.0,0.0,0.0,0.0,0.0,0.0,0.0,0.0,0.0,0.0
909,1433,972.0,2440,1961,2139.0,7307,4293,937.0,2546,483.0,2300,37541,1750,390.0,1034,11552.0,798.0,142.0,23292.0,499.0,2435.0,870.0,80.0,1596,277,49.0,458,403.0,75.0,912,204.0,51.0,118.0,239,251,48.0,44.0,289.0,688.0,779.0,15.0,140,48.0,118,55.0,361.0,1544.0,157,23.0,187,4579.0,87.0,97.0,137.0,14.0,81,70,7.0,13.0,64.0,48.0,166.0,38.0,369.0,228,54.0,55.0,26.0,132,117.0,29.0,7.0,25.0,39.0,42.0,34.0,68.0,47.0,9.0,15.0,2989.0,346.0,13.0,20.0,98.0,183.0,118.0,32.0,129.0,26.0,15.0,17.0,71.0,11.0,4.0,4.0,10.0,4.0,14.0,3.0,3.0,845.0,762.0,47.0,2189,77.0,11.0,19.0,3.0,14.0,0.0,29.0,26.0,290.0,11.0,1.0,0.0,0.0,10.0,1.0,11.0,0.0,3.0,35.0,2.0,280.0,284.0,0.0,221.0,224.0,3.0,17.0,7.0,3.0,4.0,0.0,0.0,0.0,0.0,0.0,2.0,1.0,0.0,0.0,1.0,5.0,13.0,2.0,8.0,0.0,4.0,0.0,5.0,0.0,3.0,0.0,0.0,0.0,5.0,0.0,1.0,2.0,15.0,13.0,1.0,2.0,0.0,1.0,1.0,6.0,5310.0,1.0,0.0,0.0,1.0,3.0,0.0,1.0,0.0,0.0,0.0,5.0,0.0,0.0,0.0,0.0,0.0,0.0,0.0,0.0,29.0,1.0,0.0,1.0,0.0,0.0,0.0,0.0,0.0,0.0,0.0,0.0,0.0,0.0,0.0,0.0,0.0,0.0,0.0,0.0,0.0
910,2814,975.0,4996,3633,2957.0,14133,8716,2126.0,5422,935.0,4251,8418,3352,502.0,2493,1164.0,1582.0,334.0,2014.0,787.0,4715.0,1509.0,119.0,3079,553,195.0,805,888.0,100.0,1396,285.0,79.0,213.0,306,601,68.0,76.0,538.0,1405.0,1692.0,41.0,339,150.0,212,78.0,500.0,56.0,432,29.0,244,49.0,202.0,219.0,264.0,21.0,156,179,65.0,32.0,124.0,102.0,89.0,57.0,200.0,261,87.0,155.0,42.0,344,177.0,29.0,14.0,76.0,104.0,41.0,14.0,73.0,33.0,8.0,4.0,13.0,28.0,15.0,51.0,181.0,204.0,107.0,33.0,204.0,6.0,31.0,33.0,73.0,21.0,17.0,17.0,19.0,10.0,36.0,4.0,9.0,852.0,588.0,220.0,3484,86.0,10.0,10.0,17.0,1.0,4.0,91.0,81.0,57.0,83.0,10.0,14.0,1.0,33.0,18.0,19.0,4.0,21.0,61.0,1.0,4.0,44.0,3.0,18.0,4.0,13.0,13.0,6.0,1.0,19.0,1.0,2.0,5.0,0.0,0.0,3.0,12.0,0.0,3.0,3.0,6.0,14.0,3.0,11.0,1.0,3.0,14.0,19.0,1.0,0.0,0.0,0.0,0.0,3.0,0.0,3.0,1.0,4.0,5.0,2.0,2.0,3.0,16.0,7.0,16.0,7.0,3.0,1.0,0.0,2.0,0.0,6.0,12.0,5.0,2.0,1.0,9.0,0.0,0.0,2.0,0.0,1.0,5.0,0.0,7.0,9.0,1.0,1.0,0.0,0.0,1.0,0.0,0.0,1.0,5.0,0.0,0.0,0.0,4.0,0.0,1.0,0.0,0.0,0.0,0.0,0.0
912,9067,4824.0,14323,19469,13955.0,44302,28650,8155.0,18341,1320.0,11948,52273,8484,3346.0,6723,13570.0,3504.0,813.0,26227.0,1343.0,13781.0,4165.0,108.0,10988,3026,621.0,1381,3675.0,168.0,4091,1623.0,395.0,451.0,1142,974,320.0,114.0,2072.0,4522.0,9018.0,200.0,1371,233.0,842,187.0,3303.0,1574.0,564,329.0,391,4613.0,691.0,271.0,266.0,32.0,220,496,57.0,42.0,431.0,445.0,443.0,126.0,979.0,519,148.0,113.0,85.0,2486,169.0,25.0,10.0,64.0,123.0,57.0,48.0,142.0,73.0,10.0,15.0,2995.0,392.0,38.0,275.0,1030.0,343.0,199.0,52.0,193.0,32.0,34.0,52.0,123.0,48.0,30.0,46.0,27.0,13.0,34.0,9.0,7.0,2134.0,965.0,292.0,20340,200.0,11.0,19.0,26.0,20.0,4.0,813.0,451.0,331.0,115.0,31.0,23.0,10.0,117.0,26.0,48.0,4.0,53.0,298.0,7.0,271.0,311.0,1.0,272.0,208.0,3.0,35.0,54.0,5.0,34.0,14.0,7.0,5.0,0.0,0.0,5.0,3.0,8.0,4.0,3.0,27.0,26.0,30.0,11.0,1.0,11.0,33.0,25.0,3.0,3.0,0.0,0.0,3.0,15.0,6.0,15.0,8.0,9.0,18.0,3.0,11.0,32.0,17.0,10.0,67.0,5331.0,15.0,2.0,1.0,6.0,1.0,13.0,8.0,6.0,3.0,9.0,11.0,3.0,4.0,3.0,0.0,13.0,10.0,0.0,7.0,9.0,4.0,1.0,1.0,0.0,0.0,0.0,0.0,1.0,1.0,0.0,0.0,0.0,0.0,0.0,1.0,0.0,0.0,0.0,0.0,0.0
913,6367,3349.0,10015,16354,8585.0,26254,20826,5768.0,13219,1040.0,7683,47382,6136,1675.0,4692,13191.0,2844.0,936.0,25929.0,1225.0,11790.0,3097.0,95.0,8535,2441,696.0,931,3556.0,173.0,2763,814.0,356.0,323.0,1071,783,222.0,88.0,1698.0,2840.0,5563.0,137.0,1258,175.0,396,180.0,1493.0,1580.0,439,268.0,284,4602.0,485.0,424.0,208.0,27.0,229,319,45.0,21.0,404.0,420.0,388.0,80.0,892.0,342,119.0,132.0,58.0,1960,90.0,5.0,10.0,67.0,173.0,30.0,10.0,86.0,69.0,10.0,3.0,2987.0,363.0,21.0,181.0,786.0,215.0,124.0,27.0,191.0,12.0,29.0,30.0,90.0,41.0,16.0,30.0,8.0,5.0,32.0,9.0,8.0,1939.0,496.0,186.0,51,138.0,10.0,10.0,23.0,46.0,1.0,697.0,386.0,277.0,72.0,24.0,8.0,9.0,84.0,18.0,34.0,3.0,41.0,236.0,7.0,296.0,276.0,0.0,279.0,218.0,4.0,34.0,54.0,5.0,28.0,5.0,7.0,2.0,0.0,0.0,5.0,3.0,7.0,10.0,0.0,21.0,17.0,15.0,8.0,0.0,0.0,16.0,35.0,2.0,20.0,0.0,0.0,1.0,2.0,5.0,9.0,4.0,6.0,9.0,0.0,5.0,16.0,3.0,1.0,76.0,5328.0,11.0,8.0,25.0,6.0,1.0,13.0,3.0,1.0,1.0,1.0,2.0,1.0,2.0,1.0,0.0,12.0,3.0,0.0,0.0,0.0,3.0,0.0,0.0,0.0,1.0,0.0,0.0,0.0,1.0,0.0,0.0,0.0,3.0,0.0,0.0,0.0,0.0,0.0,0.0,0.0
917,1032,533.0,1517,1330,1785.0,4431,2687,266.0,1208,307.0,934,2097,1103,213.0,581,219.0,472.0,70.0,540.0,305.0,1143.0,227.0,101.0,811,182,48.0,283,509.0,49.0,404,193.0,22.0,82.0,124,99,25.0,22.0,252.0,531.0,397.0,6.0,73,20.0,50,23.0,233.0,32.0,104,11.0,111,11.0,47.0,57.0,59.0,23.0,71,34,9.0,39.0,39.0,21.0,101.0,15.0,229.0,36,24.0,26.0,9.0,70,24.0,1.0,1.0,12.0,37.0,13.0,3.0,46.0,50.0,1.0,3.0,2.0,24.0,8.0,10.0,72.0,90.0,44.0,10.0,36.0,4.0,15.0,8.0,30.0,10.0,2.0,2.0,3.0,2.0,3.0,1.0,2.0,57.0,13.0,87.0,1,6.0,0.0,0.0,3.0,19.0,0.0,17.0,18.0,57.0,8.0,0.0,0.0,0.0,4.0,1.0,8.0,0.0,1.0,24.0,0.0,20.0,301.0,0.0,27.0,12.0,0.0,19.0,6.0,1.0,1.0,0.0,0.0,0.0,0.0,0.0,0.0,0.0,0.0,0.0,0.0,1.0,0.0,0.0,0.0,0.0,0.0,0.0,4.0,0.0,0.0,0.0,0.0,0.0,0.0,0.0,0.0,2.0,8.0,19.0,0.0,0.0,0.0,0.0,1.0,0.0,0.0,0.0,0.0,0.0,1.0,3.0,0.0,0.0,0.0,0.0,0.0,0.0,0.0,0.0,0.0,0.0,0.0,2.0,0.0,0.0,0.0,0.0,0.0,0.0,0.0,0.0,0.0,0.0,0.0,0.0,0.0,0.0,0.0,0.0,0.0,0.0,0.0,0.0,0.0,0.0,0.0
945,9410,5792.0,13319,9544,14213.0,36136,27320,4599.0,10406,724.0,7980,15180,6235,1810.0,5364,1274.0,3113.0,608.0,2553.0,739.0,9015.0,1932.0,102.0,6136,1330,532.0,2653,2647.0,258.0,3240,1059.0,129.0,516.0,1251,1212,93.0,176.0,1814.0,5457.0,5542.0,205.0,1779,545.0,630,621.0,1479.0,86.0,451,42.0,361,50.0,405.0,1260.0,270.0,122.0,326,588,480.0,43.0,309.0,660.0,256.0,81.0,545.0,1262,281.0,170.0,173.0,3848,264.0,96.0,21.0,137.0,167.0,79.0,37.0,125.0,114.0,21.0,19.0,15.0,124.0,46.0,131.0,544.0,414.0,127.0,45.0,237.0,16.0,85.0,41.0,62.0,73.0,26.0,57.0,33.0,15.0,23.0,9.0,13.0,2689.0,674.0,325.0,9292,307.0,10.0,19.0,71.0,17.0,9.0,238.0,203.0,276.0,83.0,4.0,1.0,1.0,54.0,12.0,30.0,8.0,39.0,135.0,5.0,81.0,186.0,0.0,157.0,55.0,31.0,21.0,39.0,8.0,61.0,5.0,2.0,5.0,0.0,7.0,16.0,10.0,0.0,15.0,6.0,32.0,32.0,12.0,46.0,7.0,3.0,14.0,20.0,1.0,0.0,0.0,0.0,0.0,6.0,0.0,3.0,5.0,12.0,11.0,1.0,1.0,17.0,39.0,16.0,49.0,31.0,11.0,3.0,6.0,3.0,3.0,5.0,9.0,3.0,0.0,2.0,94.0,3.0,0.0,0.0,4.0,2.0,76.0,2.0,0.0,20.0,3.0,12.0,14.0,1.0,3.0,2.0,1.0,6.0,0.0,0.0,0.0,0.0,0.0,0.0,0.0,0.0,0.0,0.0,0.0,0.0
949,10747,10756.0,16243,26475,15974.0,50437,36765,9541.0,20882,1025.0,12873,54071,9460,3842.0,7738,13367.0,3798.0,823.0,25516.0,1069.0,14362.0,3692.0,51.0,12589,4411,697.0,1632,4333.0,123.0,4502,2305.0,434.0,372.0,1093,821,365.0,83.0,2190.0,8924.0,10884.0,286.0,1778,142.0,792,131.0,4281.0,1542.0,664,434.0,291,4564.0,732.0,778.0,144.0,17.0,380,489,93.0,55.0,598.0,667.0,639.0,82.0,1444.0,411,116.0,138.0,65.0,3202,32.0,0.0,2.0,36.0,54.0,4.0,4.0,73.0,13.0,1.0,0.0,2982.0,456.0,218.0,322.0,1280.0,100.0,106.0,8.0,32.0,6.0,1.0,16.0,29.0,36.0,15.0,39.0,8.0,2.0,621.0,1.0,5.0,1890.0,310.0,237.0,24781,161.0,0.0,0.0,23.0,159.0,0.0,1088.0,605.0,4426.0,101.0,32.0,17.0,17.0,135.0,36.0,52.0,11.0,66.0,380.0,7.0,373.0,353.0,0.0,260.0,237.0,1.0,47.0,77.0,9.0,35.0,14.0,7.0,3.0,0.0,0.0,0.0,1.0,8.0,7.0,1.0,35.0,17.0,34.0,2.0,0.0,5.0,27.0,34.0,3.0,459.0,0.0,0.0,4.0,11.0,8.0,14.0,7.0,8.0,10.0,1.0,9.0,35.0,4.0,4.0,83.0,5326.0,19.0,8.0,25.0,4.0,2.0,17.0,9.0,1.0,1.0,8.0,2.0,7.0,4.0,2.0,0.0,12.0,6.0,0.0,0.0,0.0,5.0,0.0,1.0,0.0,0.0,0.0,0.0,0.0,0.0,0.0,1.0,2.0,0.0,0.0,0.0,0.0,0.0,0.0,0.0,0.0
952,15799,16170.0,25912,23848,29183.0,73035,51156,9441.0,28510,2570.0,18182,71998,15760,3274.0,11714,17138.0,6846.0,1513.0,31907.0,2243.0,21744.0,5999.0,500.0,15917,3857,972.0,6299,7299.0,489.0,5917,4278.0,854.0,1118.0,2426,2926,441.0,449.0,2169.0,6193.0,9335.0,405.0,5458,3651.0,1888,1445.0,4043.0,1690.0,1477,217.0,1106,4684.0,604.0,3969.0,782.0,206.0,2648,2065,687.0,134.0,1115.0,890.0,638.0,214.0,1355.0,3404,741.0,439.0,974.0,12458,549.0,407.0,32.0,292.0,519.0,238.0,97.0,349.0,421.0,40.0,47.0,2996.0,565.0,39.0,441.0,2533.0,1113.0,370.0,157.0,583.0,121.0,355.0,180.0,282.0,261.0,293.0,199.0,119.0,151.0,60.0,82.0,25.0,13410.0,3348.0,574.0,22072,1130.0,110.0,289.0,136.0,480.0,30.0,2595.0,892.0,630.0,267.0,236.0,38.0,0.0,274.0,17.0,160.0,25.0,181.0,612.0,13.0,439.0,576.0,53.0,466.0,338.0,53.0,82.0,169.0,32.0,171.0,92.0,28.0,24.0,11.0,5.0,13.0,50.0,3.0,21.0,24.0,82.0,183.0,60.0,65.0,15.0,81.0,5.0,82.0,4.0,7.0,0.0,0.0,3.0,340.0,6.0,27.0,6.0,18.0,17.0,1.0,82.0,66.0,172.0,28.0,373.0,5635.0,2.0,11.0,2.0,34.0,6.0,4.0,29.0,18.0,88.0,34.0,385.0,34.0,4.0,2.0,23.0,5.0,475.0,24.0,40.0,349.0,6.0,50.0,51.0,0.0,8.0,1.0,2.0,6.0,13.0,8.0,0.0,1.0,4.0,0.0,0.0,0.0,0.0,0.0,0.0,0.0
956,8887,5701.0,12499,8460,13309.0,33172,25233,4357.0,9708,640.0,7427,13951,5623,1676.0,4974,1232.0,2869.0,573.0,2352.0,677.0,8219.0,1805.0,95.0,5681,1240,527.0,2521,2551.0,259.0,2974,964.0,121.0,486.0,1221,1144,87.0,163.0,1729.0,5281.0,5270.0,205.0,1724,544.0,581,620.0,1285.0,73.0,403,42.0,333,33.0,369.0,1091.0,256.0,113.0,325,541,479.0,38.0,283.0,650.0,182.0,77.0,376.0,1281,265.0,157.0,166.0,3754,259.0,96.0,21.0,131.0,163.0,79.0,33.0,117.0,114.0,11.0,19.0,15.0,110.0,46.0,122.0,487.0,374.0,104.0,40.0,220.0,16.0,81.0,42.0,59.0,65.0,26.0,43.0,25.0,16.0,23.0,9.0,11.0,2840.0,641.0,305.0,8670,301.0,10.0,19.0,69.0,13.0,9.0,217.0,181.0,247.0,71.0,4.0,1.0,1.0,48.0,10.0,25.0,8.0,38.0,113.0,5.0,81.0,160.0,0.0,147.0,49.0,31.0,11.0,32.0,8.0,59.0,6.0,2.0,5.0,0.0,7.0,16.0,10.0,0.0,11.0,6.0,36.0,27.0,13.0,43.0,7.0,0.0,14.0,16.0,1.0,0.0,0.0,0.0,0.0,2.0,0.0,4.0,3.0,10.0,9.0,1.0,1.0,19.0,33.0,16.0,50.0,31.0,11.0,3.0,6.0,1.0,0.0,5.0,8.0,3.0,0.0,2.0,93.0,1.0,0.0,0.0,1.0,2.0,73.0,2.0,0.0,20.0,3.0,3.0,8.0,1.0,3.0,2.0,1.0,6.0,0.0,0.0,0.0,0.0,0.0,0.0,0.0,0.0,0.0,0.0,0.0,0.0
957,8887,5701.0,12499,8460,13309.0,33172,25233,4357.0,9708,640.0,7427,13951,5623,1676.0,4974,1232.0,2869.0,573.0,2352.0,677.0,8219.0,1805.0,95.0,5681,1240,527.0,2521,2551.0,259.0,2974,964.0,121.0,486.0,1221,1144,87.0,163.0,1729.0,5281.0,5270.0,205.0,1724,544.0,581,620.0,1285.0,73.0,403,42.0,333,33.0,369.0,1091.0,256.0,113.0,325,541,479.0,38.0,283.0,650.0,182.0,77.0,376.0,1281,265.0,157.0,166.0,3754,259.0,96.0,21.0,131.0,163.0,79.0,33.0,117.0,114.0,11.0,19.0,15.0,110.0,46.0,122.0,487.0,374.0,104.0,40.0,220.0,16.0,81.0,42.0,59.0,65.0,26.0,43.0,25.0,16.0,23.0,9.0,11.0,2840.0,641.0,305.0,8670,301.0,10.0,19.0,69.0,13.0,9.0,217.0,181.0,247.0,71.0,4.0,1.0,1.0,48.0,10.0,25.0,8.0,38.0,113.0,5.0,81.0,160.0,0.0,147.0,49.0,31.0,11.0,32.0,8.0,59.0,6.0,2.0,5.0,0.0,7.0,16.0,10.0,0.0,11.0,6.0,36.0,27.0,13.0,43.0,7.0,0.0,14.0,16.0,1.0,0.0,0.0,0.0,0.0,2.0,0.0,4.0,3.0,10.0,9.0,1.0,1.0,19.0,33.0,16.0,50.0,31.0,11.0,3.0,6.0,1.0,0.0,5.0,8.0,3.0,0.0,2.0,93.0,1.0,0.0,0.0,1.0,2.0,73.0,2.0,0.0,20.0,3.0,3.0,8.0,1.0,3.0,2.0,1.0,6.0,0.0,0.0,0.0,0.0,0.0,0.0,0.0,0.0,0.0,0.0,0.0,0.0
963,8883,5701.0,12487,8441,13310.0,33141,25210,4355.0,9701,640.0,7419,13927,5616,1676.0,4963,1229.0,2866.0,573.0,2345.0,677.0,8213.0,1805.0,95.0,5674,1234,527.0,2519,2549.0,260.0,2971,964.0,121.0,481.0,1221,1143,86.0,163.0,1729.0,5282.0,5270.0,205.0,1724,544.0,581,620.0,1285.0,73.0,402,42.0,333,33.0,369.0,1082.0,256.0,113.0,325,541,479.0,38.0,279.0,646.0,182.0,77.0,376.0,1281,265.0,157.0,166.0,3753,259.0,96.0,21.0,131.0,163.0,79.0,33.0,117.0,114.0,11.0,19.0,15.0,110.0,46.0,121.0,483.0,374.0,104.0,40.0,220.0,16.0,81.0,42.0,58.0,65.0,26.0,43.0,25.0,16.0,23.0,9.0,11.0,2824.0,641.0,305.0,8667,301.0,10.0,19.0,69.0,13.0,9.0,217.0,181.0,247.0,69.0,4.0,1.0,1.0,48.0,10.0,24.0,6.0,36.0,111.0,5.0,81.0,160.0,0.0,147.0,49.0,31.0,8.0,32.0,8.0,59.0,6.0,2.0,5.0,0.0,7.0,16.0,10.0,0.0,11.0,6.0,36.0,27.0,13.0,43.0,7.0,0.0,14.0,16.0,1.0,0.0,0.0,0.0,0.0,2.0,0.0,4.0,3.0,6.0,5.0,1.0,1.0,19.0,33.0,14.0,50.0,31.0,11.0,3.0,6.0,1.0,0.0,5.0,8.0,3.0,0.0,2.0,93.0,1.0,0.0,0.0,1.0,2.0,72.0,2.0,0.0,20.0,3.0,3.0,8.0,1.0,3.0,2.0,1.0,6.0,0.0,0.0,0.0,0.0,0.0,0.0,0.0,0.0,0.0,0.0,0.0,0.0
966,2680,951.0,4626,3485,2813.0,12090,7394,1764.0,4656,758.0,3783,6850,2385,446.0,2198,1047.0,1217.0,242.0,2083.0,677.0,4276.0,1528.0,95.0,2668,459,130.0,812,821.0,100.0,1260,266.0,94.0,186.0,378,530,86.0,76.0,566.0,1538.0,1382.0,34.0,314,172.0,227,137.0,411.0,39.0,261,35.0,347,58.0,157.0,168.0,220.0,24.0,272,195,46.0,40.0,106.0,115.0,47.0,61.0,106.0,385,104.0,80.0,43.0,339,158.0,25.0,6.0,85.0,93.0,72.0,60.0,142.0,79.0,9.0,15.0,17.0,33.0,20.0,52.0,186.0,422.0,193.0,69.0,201.0,39.0,47.0,49.0,122.0,47.0,29.0,28.0,28.0,28.0,33.0,15.0,9.0,1323.0,886.0,181.0,3575,120.0,11.0,19.0,14.0,34.0,4.0,66.0,62.0,51.0,66.0,9.0,14.0,1.0,35.0,12.0,25.0,5.0,15.0,42.0,1.0,3.0,44.0,1.0,54.0,6.0,4.0,10.0,6.0,3.0,17.0,1.0,2.0,9.0,0.0,0.0,5.0,2.0,0.0,3.0,2.0,7.0,38.0,5.0,15.0,1.0,7.0,13.0,13.0,1.0,1.0,0.0,0.0,0.0,7.0,0.0,3.0,1.0,2.0,3.0,2.0,6.0,2.0,23.0,5.0,26.0,9.0,2.0,1.0,0.0,5.0,0.0,5.0,9.0,12.0,2.0,1.0,9.0,1.0,0.0,1.0,2.0,2.0,11.0,0.0,11.0,9.0,1.0,9.0,3.0,0.0,0.0,0.0,0.0,1.0,1.0,2.0,0.0,0.0,0.0,0.0,1.0,0.0,0.0,0.0,0.0,0.0
967,3676,1569.0,6153,6430,4827.0,19969,11961,2286.0,7132,846.0,4871,44423,4599,909.0,2916,12509.0,1979.0,400.0,25199.0,887.0,6321.0,1672.0,90.0,4681,1058,425.0,820,2390.0,142.0,1665,552.0,149.0,277.0,505,617,123.0,113.0,502.0,1129.0,2293.0,25.0,561,196.0,203,129.0,1098.0,1599.0,438,62.0,422,4596.0,191.0,424.0,224.0,19.0,640,179,49.0,36.0,182.0,149.0,234.0,77.0,529.0,255,127.0,143.0,41.0,612,90.0,5.0,8.0,104.0,189.0,57.0,17.0,199.0,139.0,10.0,4.0,2984.0,364.0,15.0,45.0,217.0,488.0,201.0,33.0,211.0,24.0,96.0,63.0,137.0,98.0,12.0,12.0,12.0,4.0,48.0,14.0,9.0,853.0,323.0,161.0,66,65.0,10.0,10.0,27.0,15.0,1.0,161.0,123.0,360.0,44.0,4.0,0.0,1.0,35.0,7.0,23.0,2.0,12.0,98.0,2.0,281.0,313.0,0.0,268.0,245.0,16.0,26.0,30.0,2.0,13.0,0.0,1.0,2.0,0.0,0.0,6.0,3.0,0.0,13.0,0.0,3.0,24.0,4.0,12.0,0.0,3.0,0.0,14.0,0.0,2.0,0.0,0.0,0.0,6.0,0.0,0.0,3.0,4.0,5.0,0.0,6.0,3.0,8.0,3.0,46.0,5324.0,1.0,0.0,0.0,10.0,1.0,0.0,1.0,2.0,0.0,0.0,0.0,0.0,0.0,0.0,0.0,12.0,3.0,0.0,1.0,0.0,3.0,0.0,1.0,0.0,1.0,0.0,0.0,0.0,1.0,0.0,0.0,0.0,3.0,0.0,0.0,0.0,0.0,0.0,0.0,0.0
968,3521,1943.0,6047,6355,4921.0,20194,12630,2422.0,7072,644.0,4575,10476,4410,622.0,2458,1513.0,1965.0,490.0,2901.0,735.0,6909.0,1593.0,72.0,5264,1139,459.0,1759,2780.0,137.0,1671,855.0,214.0,288.0,678,767,134.0,93.0,762.0,1688.0,2480.0,127.0,578,264.0,384,167.0,702.0,118.0,537,65.0,507,130.0,369.0,182.0,202.0,24.0,701,282,27.0,32.0,112.0,167.0,52.0,51.0,117.0,204,155.0,203.0,45.0,770,84.0,27.0,7.0,86.0,175.0,47.0,16.0,164.0,124.0,31.0,10.0,17.0,111.0,29.0,49.0,203.0,366.0,147.0,22.0,175.0,24.0,88.0,53.0,109.0,68.0,7.0,21.0,12.0,4.0,34.0,8.0,35.0,844.0,431.0,357.0,144,62.0,10.0,9.0,21.0,8.0,5.0,119.0,80.0,98.0,43.0,5.0,7.0,5.0,25.0,2.0,7.0,3.0,15.0,65.0,0.0,55.0,69.0,0.0,70.0,38.0,5.0,13.0,19.0,4.0,14.0,1.0,2.0,0.0,0.0,0.0,7.0,4.0,2.0,9.0,0.0,7.0,26.0,9.0,9.0,0.0,2.0,6.0,3.0,6.0,10.0,0.0,0.0,2.0,8.0,10.0,0.0,0.0,4.0,3.0,0.0,4.0,6.0,11.0,2.0,15.0,9.0,1.0,0.0,0.0,6.0,0.0,8.0,1.0,9.0,0.0,0.0,12.0,1.0,2.0,0.0,0.0,0.0,21.0,0.0,4.0,3.0,0.0,0.0,1.0,0.0,0.0,0.0,0.0,0.0,1.0,0.0,1.0,3.0,3.0,0.0,0.0,0.0,0.0,0.0,0.0,0.0
